solid OpenSCAD_Model
  facet normal 0.997865 0 -0.0653099
    outer loop
      vertex 14.5 -6 3.5
      vertex 14.4701 -2 3.04316
      vertex 14.5 -2 3.5
    endloop
  endfacet
  facet normal 0.997865 0 -0.0653099
    outer loop
      vertex 14.4701 -2 3.04316
      vertex 14.5 -6 3.5
      vertex 14.4701 -6 3.04316
    endloop
  endfacet
  facet normal -0.065408 0 -0.997859
    outer loop
      vertex 10.5432 -6 0.0299425
      vertex 11 -4.5 0
      vertex 11 -6 0
    endloop
  endfacet
  facet normal -0.065408 0 -0.997859
    outer loop
      vertex 11 -4.5 0
      vertex 10.5432 -6 0.0299425
      vertex 10.5432 -4.5 0.0299425
    endloop
  endfacet
  facet normal 0.0654026 0 0.997859
    outer loop
      vertex 11 -2 7
      vertex 11.4568 -6 6.97006
      vertex 11.4568 -2 6.97006
    endloop
  endfacet
  facet normal 0.0654026 0 0.997859
    outer loop
      vertex 11.4568 -6 6.97006
      vertex 11 -2 7
      vertex 11 -6 7
    endloop
  endfacet
  facet normal 0.65936 0 -0.751827
    outer loop
      vertex 13.1307 -6 0.723263
      vertex 13.4749 -2 1.02513
      vertex 13.4749 -6 1.02513
    endloop
  endfacet
  facet normal 0.65936 0 -0.751827
    outer loop
      vertex 13.4749 -2 1.02513
      vertex 13.1307 -6 0.723263
      vertex 13.1307 -2 0.723263
    endloop
  endfacet
  facet normal -0.751824 0 -0.659364
    outer loop
      vertex 8.52513 -6 1.02513
      vertex 8.22326 -4.5 1.36933
      vertex 8.52513 -4.5 1.02513
    endloop
  endfacet
  facet normal -0.751824 -0 -0.659364
    outer loop
      vertex 8.22326 -4.5 1.36933
      vertex 8.52513 -6 1.02513
      vertex 8.22326 -6 1.36933
    endloop
  endfacet
  facet normal -0.442286 0 -0.896874
    outer loop
      vertex 9.25 -6 0.46891
      vertex 9.66061 -4.5 0.266421
      vertex 9.66061 -6 0.266421
    endloop
  endfacet
  facet normal -0.442286 0 -0.896874
    outer loop
      vertex 9.66061 -4.5 0.266421
      vertex 9.25 -6 0.46891
      vertex 9.25 -4.5 0.46891
    endloop
  endfacet
  facet normal 0.896864 0 -0.442305
    outer loop
      vertex 14.2336 -6 2.16061
      vertex 14.0311 -2 1.75
      vertex 14.2336 -2 2.16061
    endloop
  endfacet
  facet normal 0.896864 0 -0.442305
    outer loop
      vertex 14.0311 -2 1.75
      vertex 14.2336 -6 2.16061
      vertex 14.0311 -6 1.75
    endloop
  endfacet
  facet normal 0.980751 0 -0.195263
    outer loop
      vertex 14.4701 -6 3.04316
      vertex 14.3807 -2 2.59413
      vertex 14.4701 -2 3.04316
    endloop
  endfacet
  facet normal 0.980751 0 -0.195263
    outer loop
      vertex 14.3807 -2 2.59413
      vertex 14.4701 -6 3.04316
      vertex 14.3807 -6 2.59413
    endloop
  endfacet
  facet normal 0.321456 0 -0.946924
    outer loop
      vertex 11.9059 -6 0.119259
      vertex 12.3394 -2 0.266421
      vertex 12.3394 -6 0.266421
    endloop
  endfacet
  facet normal 0.321456 0 -0.946924
    outer loop
      vertex 12.3394 -2 0.266421
      vertex 11.9059 -6 0.119259
      vertex 11.9059 -2 0.119259
    endloop
  endfacet
  facet normal 0.195059 0 -0.980792
    outer loop
      vertex 11.4568 -6 0.0299425
      vertex 11.9059 -2 0.119259
      vertex 11.9059 -6 0.119259
    endloop
  endfacet
  facet normal 0.195059 0 -0.980792
    outer loop
      vertex 11.9059 -2 0.119259
      vertex 11.4568 -6 0.0299425
      vertex 11.4568 -2 0.0299425
    endloop
  endfacet
  facet normal 0.555536 0 -0.831492
    outer loop
      vertex 12.75 -6 0.46891
      vertex 13.1307 -2 0.723263
      vertex 13.1307 -6 0.723263
    endloop
  endfacet
  facet normal 0.555536 0 -0.831492
    outer loop
      vertex 13.1307 -2 0.723263
      vertex 12.75 -6 0.46891
      vertex 12.75 -2 0.46891
    endloop
  endfacet
  facet normal -0.896873 0 -0.442288
    outer loop
      vertex 7.96891 -6 1.75
      vertex 7.76642 -2 2.16061
      vertex 7.96891 -2 1.75
    endloop
  endfacet
  facet normal -0.896873 -0 -0.442288
    outer loop
      vertex 7.76642 -2 2.16061
      vertex 7.96891 -6 1.75
      vertex 7.76642 -6 2.16061
    endloop
  endfacet
  facet normal -0.831484 -0 -0.555548
    outer loop
      vertex 8.22326 -4.5 1.36933
      vertex 8.22326 -6 1.36933
      vertex 8.06914 -4.5 1.6
    endloop
  endfacet
  facet normal -0.831461 0 -0.555583
    outer loop
      vertex 8.06914 -4.5 1.6
      vertex 7.96891 -2 1.75
      vertex 8.06914 -2 1.6
    endloop
  endfacet
  facet normal -0.831461 0 -0.555583
    outer loop
      vertex 8.06914 -4.5 1.6
      vertex 7.96891 -6 1.75
      vertex 7.96891 -2 1.75
    endloop
  endfacet
  facet normal -0.831475 2.9911e-06 -0.555562
    outer loop
      vertex 7.96891 -6 1.75
      vertex 8.06914 -4.5 1.6
      vertex 8.22326 -6 1.36933
    endloop
  endfacet
  facet normal -0.980784 0 -0.195095
    outer loop
      vertex 7.61926 -6 2.59413
      vertex 7.52994 -2 3.04316
      vertex 7.61926 -2 2.59413
    endloop
  endfacet
  facet normal -0.980784 -0 -0.195095
    outer loop
      vertex 7.52994 -2 3.04316
      vertex 7.61926 -6 2.59413
      vertex 7.52994 -6 3.04316
    endloop
  endfacet
  facet normal -0.65936 0 -0.751827
    outer loop
      vertex 8.52513 -6 1.02513
      vertex 8.86933 -4.5 0.723263
      vertex 8.86933 -6 0.723263
    endloop
  endfacet
  facet normal -0.65936 0 -0.751827
    outer loop
      vertex 8.86933 -4.5 0.723263
      vertex 8.52513 -6 1.02513
      vertex 8.52513 -4.5 1.02513
    endloop
  endfacet
  facet normal -0.195059 0 -0.980792
    outer loop
      vertex 10.0941 -6 0.119259
      vertex 10.5432 -4.5 0.0299425
      vertex 10.5432 -6 0.0299425
    endloop
  endfacet
  facet normal -0.195059 0 -0.980792
    outer loop
      vertex 10.5432 -4.5 0.0299425
      vertex 10.0941 -6 0.119259
      vertex 10.0941 -4.5 0.119259
    endloop
  endfacet
  facet normal 0.195066 0 0.98079
    outer loop
      vertex 11.4568 -2 6.97006
      vertex 11.9059 -6 6.88074
      vertex 11.9059 -2 6.88074
    endloop
  endfacet
  facet normal 0.195066 0 0.98079
    outer loop
      vertex 11.9059 -6 6.88074
      vertex 11.4568 -2 6.97006
      vertex 11.4568 -6 6.97006
    endloop
  endfacet
  facet normal 0.94697 0 -0.321322
    outer loop
      vertex 14.3807 -6 2.59413
      vertex 14.2336 -2 2.16061
      vertex 14.3807 -2 2.59413
    endloop
  endfacet
  facet normal 0.94697 0 -0.321322
    outer loop
      vertex 14.2336 -2 2.16061
      vertex 14.3807 -6 2.59413
      vertex 14.2336 -6 2.16061
    endloop
  endfacet
  facet normal 0.7519 0 -0.659278
    outer loop
      vertex 13.7767 -6 1.36933
      vertex 13.4749 -2 1.02513
      vertex 13.7767 -2 1.36933
    endloop
  endfacet
  facet normal 0.7519 0 -0.659278
    outer loop
      vertex 13.4749 -2 1.02513
      vertex 13.7767 -6 1.36933
      vertex 13.4749 -6 1.02513
    endloop
  endfacet
  facet normal 0.831425 0 -0.555637
    outer loop
      vertex 14.0311 -6 1.75
      vertex 13.7767 -2 1.36933
      vertex 14.0311 -2 1.75
    endloop
  endfacet
  facet normal 0.831425 0 -0.555637
    outer loop
      vertex 13.7767 -2 1.36933
      vertex 14.0311 -6 1.75
      vertex 13.7767 -6 1.36933
    endloop
  endfacet
  facet normal 0.065408 0 -0.997859
    outer loop
      vertex 11 -4.5 0
      vertex 11.4568 -6 0.0299425
      vertex 11 -6 0
    endloop
  endfacet
  facet normal 0.065408 0 -0.997859
    outer loop
      vertex 11.4568 -6 0.0299425
      vertex 11 -4.5 0
      vertex 11.4568 -2 0.0299425
    endloop
  endfacet
  facet normal 0.065408 0 -0.997859
    outer loop
      vertex 11.4568 -2 0.0299425
      vertex 11 -4.5 0
      vertex 11 -2 0
    endloop
  endfacet
  facet normal 0 -1 0
    outer loop
      vertex 11 -6 5.90413
      vertex 11 -6 7
      vertex 10.5432 -6 6.97006
    endloop
  endfacet
  facet normal 0 -1 0
    outer loop
      vertex 11 -6 5.90413
      vertex 10.5432 -6 6.97006
      vertex 10.0941 -6 6.88074
    endloop
  endfacet
  facet normal 0 -1 0
    outer loop
      vertex 11 -6 7
      vertex 11 -6 5.90413
      vertex 11.4568 -6 6.97006
    endloop
  endfacet
  facet normal 0 -1 0
    outer loop
      vertex 11 -6 5.90413
      vertex 10.0941 -6 6.88074
      vertex 9.66061 -6 6.73358
    endloop
  endfacet
  facet normal 0 -1 -0
    outer loop
      vertex 11.4568 -6 6.97006
      vertex 11 -6 5.90413
      vertex 11.9059 -6 6.88074
    endloop
  endfacet
  facet normal 0 -1 0
    outer loop
      vertex 9.79793 -6 4.70207
      vertex 9.66061 -6 6.73358
      vertex 9.25 -6 6.53109
    endloop
  endfacet
  facet normal 0 -1 -0
    outer loop
      vertex 11.9059 -6 6.88074
      vertex 11 -6 5.90413
      vertex 12.3394 -6 6.73358
    endloop
  endfacet
  facet normal 0 -1 0
    outer loop
      vertex 9.79793 -6 4.70207
      vertex 9.25 -6 6.53109
      vertex 8.86933 -6 6.27674
    endloop
  endfacet
  facet normal 0 -1 0
    outer loop
      vertex 12.2021 -6 4.70207
      vertex 12.3394 -6 6.73358
      vertex 11 -6 5.90413
    endloop
  endfacet
  facet normal 0 -1 0
    outer loop
      vertex 9.79793 -6 4.70207
      vertex 8.86933 -6 6.27674
      vertex 8.52513 -6 5.97487
    endloop
  endfacet
  facet normal 0 -1 -0
    outer loop
      vertex 12.3394 -6 6.73358
      vertex 12.2021 -6 4.70207
      vertex 12.75 -6 6.53109
    endloop
  endfacet
  facet normal 0 -1 -0
    outer loop
      vertex 12.75 -6 6.53109
      vertex 12.2021 -6 4.70207
      vertex 13.1307 -6 6.27674
    endloop
  endfacet
  facet normal 0 -1 0
    outer loop
      vertex 9.79793 -6 4.70207
      vertex 8.52513 -6 5.97487
      vertex 8.22326 -6 5.63066
    endloop
  endfacet
  facet normal 0 -1 0
    outer loop
      vertex 9.65131 -6 4.53488
      vertex 8.22326 -6 5.63066
      vertex 7.96891 -6 5.25
    endloop
  endfacet
  facet normal 0 -1 0
    outer loop
      vertex 9.52777 -6 4.34999
      vertex 7.96891 -6 5.25
      vertex 7.76642 -6 4.83939
    endloop
  endfacet
  facet normal 0 -1 0
    outer loop
      vertex 9.66061 -6 6.73358
      vertex 9.79793 -6 4.70207
      vertex 11 -6 5.90413
    endloop
  endfacet
  facet normal 0 -1 0
    outer loop
      vertex 8.22326 -6 5.63066
      vertex 9.65131 -6 4.53488
      vertex 9.79793 -6 4.70207
    endloop
  endfacet
  facet normal 0 -1 0
    outer loop
      vertex 9.42941 -6 4.15056
      vertex 7.76642 -6 4.83939
      vertex 7.61926 -6 4.40587
    endloop
  endfacet
  facet normal 0 -1 0
    outer loop
      vertex 7.96891 -6 5.25
      vertex 9.52777 -6 4.34999
      vertex 9.65131 -6 4.53488
    endloop
  endfacet
  facet normal 0 -1 0
    outer loop
      vertex 7.76642 -6 4.83939
      vertex 9.42941 -6 4.15056
      vertex 9.52777 -6 4.34999
    endloop
  endfacet
  facet normal 0 -1 0
    outer loop
      vertex 9.35794 -6 3.93999
      vertex 7.61926 -6 4.40587
      vertex 7.52994 -6 3.95684
    endloop
  endfacet
  facet normal 0 -1 0
    outer loop
      vertex 7.61926 -6 4.40587
      vertex 9.35794 -6 3.93999
      vertex 9.42941 -6 4.15056
    endloop
  endfacet
  facet normal 0 -1 0
    outer loop
      vertex 7.52994 -6 3.95684
      vertex 9.31454 -6 3.72189
      vertex 9.35794 -6 3.93999
    endloop
  endfacet
  facet normal 0 -1 0
    outer loop
      vertex 7.5 -6 3.5
      vertex 9.31454 -6 3.72189
      vertex 7.52994 -6 3.95684
    endloop
  endfacet
  facet normal 0 -1 0
    outer loop
      vertex 7.5 -6 3.5
      vertex 9.3 -6 3.5
      vertex 9.31454 -6 3.72189
    endloop
  endfacet
  facet normal 0 -1 0
    outer loop
      vertex 7.5 -6 3.5
      vertex 9.31454 -6 3.27811
      vertex 9.3 -6 3.5
    endloop
  endfacet
  facet normal 0 -1 0
    outer loop
      vertex 7.52994 -6 3.04316
      vertex 9.31454 -6 3.27811
      vertex 7.5 -6 3.5
    endloop
  endfacet
  facet normal 0 -1 -0
    outer loop
      vertex 9.31454 -6 3.27811
      vertex 7.52994 -6 3.04316
      vertex 9.35794 -6 3.06001
    endloop
  endfacet
  facet normal 0 -1 0
    outer loop
      vertex 7.61926 -6 2.59413
      vertex 9.35794 -6 3.06001
      vertex 7.52994 -6 3.04316
    endloop
  endfacet
  facet normal 0 -1 -0
    outer loop
      vertex 9.35794 -6 3.06001
      vertex 7.61926 -6 2.59413
      vertex 9.42941 -6 2.84944
    endloop
  endfacet
  facet normal 0 -1 0
    outer loop
      vertex 7.76642 -6 2.16061
      vertex 9.42941 -6 2.84944
      vertex 7.61926 -6 2.59413
    endloop
  endfacet
  facet normal 0 -1 -0
    outer loop
      vertex 9.42941 -6 2.84944
      vertex 7.76642 -6 2.16061
      vertex 9.52777 -6 2.65001
    endloop
  endfacet
  facet normal 0 -1 0
    outer loop
      vertex 7.96891 -6 1.75
      vertex 9.52777 -6 2.65001
      vertex 7.76642 -6 2.16061
    endloop
  endfacet
  facet normal 0 -1 -0
    outer loop
      vertex 9.52777 -6 2.65001
      vertex 7.96891 -6 1.75
      vertex 9.65131 -6 2.46512
    endloop
  endfacet
  facet normal 0 -1 0
    outer loop
      vertex 8.22326 -6 1.36933
      vertex 9.65131 -6 2.46512
      vertex 7.96891 -6 1.75
    endloop
  endfacet
  facet normal 0 -1 -0
    outer loop
      vertex 9.65131 -6 2.46512
      vertex 8.22326 -6 1.36933
      vertex 9.79793 -6 2.29793
    endloop
  endfacet
  facet normal 0 -1 0
    outer loop
      vertex 8.52513 -6 1.02513
      vertex 9.79793 -6 2.29793
      vertex 8.22326 -6 1.36933
    endloop
  endfacet
  facet normal 0 -1 -0
    outer loop
      vertex 9.79793 -6 2.29793
      vertex 8.52513 -6 1.02513
      vertex 9.96512 -6 2.15131
    endloop
  endfacet
  facet normal 0 -1 0
    outer loop
      vertex 8.86933 -6 0.723263
      vertex 9.96512 -6 2.15131
      vertex 8.52513 -6 1.02513
    endloop
  endfacet
  facet normal 0 -1 0
    outer loop
      vertex 9.25 -6 0.46891
      vertex 10.15 -6 2.02777
      vertex 8.86933 -6 0.723263
    endloop
  endfacet
  facet normal 0 -1 -0
    outer loop
      vertex 9.96512 -6 2.15131
      vertex 8.86933 -6 0.723263
      vertex 10.15 -6 2.02777
    endloop
  endfacet
  facet normal 0 -1 -0
    outer loop
      vertex 13.1307 -6 6.27674
      vertex 12.2021 -6 4.70207
      vertex 13.4749 -6 5.97487
    endloop
  endfacet
  facet normal 0 -1 -0
    outer loop
      vertex 13.4749 -6 5.97487
      vertex 12.2021 -6 4.70207
      vertex 13.7767 -6 5.63066
    endloop
  endfacet
  facet normal 0 -1 0
    outer loop
      vertex 12.3487 -6 4.53488
      vertex 13.7767 -6 5.63066
      vertex 12.2021 -6 4.70207
    endloop
  endfacet
  facet normal 0 -1 -0
    outer loop
      vertex 13.7767 -6 5.63066
      vertex 12.3487 -6 4.53488
      vertex 14.0311 -6 5.25
    endloop
  endfacet
  facet normal 0 -1 0
    outer loop
      vertex 12.4722 -6 4.34999
      vertex 14.0311 -6 5.25
      vertex 12.3487 -6 4.53488
    endloop
  endfacet
  facet normal 0 -1 -0
    outer loop
      vertex 14.0311 -6 5.25
      vertex 12.4722 -6 4.34999
      vertex 14.2336 -6 4.83939
    endloop
  endfacet
  facet normal 0 -1 0
    outer loop
      vertex 12.5706 -6 4.15056
      vertex 14.2336 -6 4.83939
      vertex 12.4722 -6 4.34999
    endloop
  endfacet
  facet normal 0 -1 -0
    outer loop
      vertex 14.2336 -6 4.83939
      vertex 12.5706 -6 4.15056
      vertex 14.3807 -6 4.40587
    endloop
  endfacet
  facet normal 0 -1 0
    outer loop
      vertex 12.6421 -6 3.93999
      vertex 14.3807 -6 4.40587
      vertex 12.5706 -6 4.15056
    endloop
  endfacet
  facet normal 0 -1 -0
    outer loop
      vertex 14.3807 -6 4.40587
      vertex 12.6421 -6 3.93999
      vertex 14.4701 -6 3.95684
    endloop
  endfacet
  facet normal 0 -1 0
    outer loop
      vertex 12.6855 -6 3.72189
      vertex 14.4701 -6 3.95684
      vertex 12.6421 -6 3.93999
    endloop
  endfacet
  facet normal 0 -1 0
    outer loop
      vertex 12.7 -6 3.5
      vertex 14.4701 -6 3.95684
      vertex 12.6855 -6 3.72189
    endloop
  endfacet
  facet normal 0 -1 0
    outer loop
      vertex 12.7 -6 3.5
      vertex 14.5 -6 3.5
      vertex 14.4701 -6 3.95684
    endloop
  endfacet
  facet normal 0 -1 0
    outer loop
      vertex 12.6855 -6 3.27811
      vertex 14.5 -6 3.5
      vertex 12.7 -6 3.5
    endloop
  endfacet
  facet normal 0 -1 0
    outer loop
      vertex 14.4701 -6 3.04316
      vertex 12.6855 -6 3.27811
      vertex 12.6421 -6 3.06001
    endloop
  endfacet
  facet normal 0 -1 0
    outer loop
      vertex 12.6855 -6 3.27811
      vertex 14.4701 -6 3.04316
      vertex 14.5 -6 3.5
    endloop
  endfacet
  facet normal 0 -1 0
    outer loop
      vertex 14.3807 -6 2.59413
      vertex 12.6421 -6 3.06001
      vertex 12.5706 -6 2.84944
    endloop
  endfacet
  facet normal 0 -1 0
    outer loop
      vertex 14.2336 -6 2.16061
      vertex 12.5706 -6 2.84944
      vertex 12.4722 -6 2.65001
    endloop
  endfacet
  facet normal 0 -1 0
    outer loop
      vertex 12.6421 -6 3.06001
      vertex 14.3807 -6 2.59413
      vertex 14.4701 -6 3.04316
    endloop
  endfacet
  facet normal 0 -1 0
    outer loop
      vertex 14.0311 -6 1.75
      vertex 12.4722 -6 2.65001
      vertex 12.3487 -6 2.46512
    endloop
  endfacet
  facet normal 0 -1 0
    outer loop
      vertex 13.7767 -6 1.36933
      vertex 12.3487 -6 2.46512
      vertex 12.2021 -6 2.29793
    endloop
  endfacet
  facet normal 0 -1 0
    outer loop
      vertex 12.5706 -6 2.84944
      vertex 14.2336 -6 2.16061
      vertex 14.3807 -6 2.59413
    endloop
  endfacet
  facet normal 0 -1 0
    outer loop
      vertex 13.4749 -6 1.02513
      vertex 12.2021 -6 2.29793
      vertex 12.0349 -6 2.15131
    endloop
  endfacet
  facet normal 0 -1 0
    outer loop
      vertex 13.1307 -6 0.723263
      vertex 12.0349 -6 2.15131
      vertex 11.85 -6 2.02777
    endloop
  endfacet
  facet normal 0 -1 0
    outer loop
      vertex 12.75 -6 0.46891
      vertex 11.85 -6 2.02777
      vertex 11.6506 -6 1.92941
    endloop
  endfacet
  facet normal 0 -1 0
    outer loop
      vertex 12.3394 -6 0.266421
      vertex 11.6506 -6 1.92941
      vertex 11.44 -6 1.85794
    endloop
  endfacet
  facet normal 0 -1 0
    outer loop
      vertex 11.9059 -6 0.119259
      vertex 11.44 -6 1.85794
      vertex 11.2219 -6 1.81454
    endloop
  endfacet
  facet normal 0 -1 0
    outer loop
      vertex 12.4722 -6 2.65001
      vertex 14.0311 -6 1.75
      vertex 14.2336 -6 2.16061
    endloop
  endfacet
  facet normal 0 -1 0
    outer loop
      vertex 11.4568 -6 0.0299425
      vertex 11.2219 -6 1.81454
      vertex 11 -6 1.8
    endloop
  endfacet
  facet normal 0 -1 -0
    outer loop
      vertex 10.15 -6 2.02777
      vertex 9.25 -6 0.46891
      vertex 10.3494 -6 1.92941
    endloop
  endfacet
  facet normal 0 -1 0
    outer loop
      vertex 9.66061 -6 0.266421
      vertex 10.3494 -6 1.92941
      vertex 9.25 -6 0.46891
    endloop
  endfacet
  facet normal 0 -1 0
    outer loop
      vertex 12.3487 -6 2.46512
      vertex 13.7767 -6 1.36933
      vertex 14.0311 -6 1.75
    endloop
  endfacet
  facet normal 0 -1 -0
    outer loop
      vertex 10.3494 -6 1.92941
      vertex 9.66061 -6 0.266421
      vertex 10.56 -6 1.85794
    endloop
  endfacet
  facet normal 0 -1 0
    outer loop
      vertex 12.2021 -6 2.29793
      vertex 13.4749 -6 1.02513
      vertex 13.7767 -6 1.36933
    endloop
  endfacet
  facet normal 0 -1 0
    outer loop
      vertex 10.0941 -6 0.119259
      vertex 10.56 -6 1.85794
      vertex 9.66061 -6 0.266421
    endloop
  endfacet
  facet normal 0 -1 0
    outer loop
      vertex 12.0349 -6 2.15131
      vertex 13.1307 -6 0.723263
      vertex 13.4749 -6 1.02513
    endloop
  endfacet
  facet normal 0 -1 -0
    outer loop
      vertex 10.56 -6 1.85794
      vertex 10.0941 -6 0.119259
      vertex 10.7781 -6 1.81454
    endloop
  endfacet
  facet normal 0 -1 0
    outer loop
      vertex 11.85 -6 2.02777
      vertex 12.75 -6 0.46891
      vertex 13.1307 -6 0.723263
    endloop
  endfacet
  facet normal 0 -1 0
    outer loop
      vertex 10.5432 -6 0.0299425
      vertex 10.7781 -6 1.81454
      vertex 10.0941 -6 0.119259
    endloop
  endfacet
  facet normal 0 -1 0
    outer loop
      vertex 11.6506 -6 1.92941
      vertex 12.3394 -6 0.266421
      vertex 12.75 -6 0.46891
    endloop
  endfacet
  facet normal 0 -1 -0
    outer loop
      vertex 10.7781 -6 1.81454
      vertex 10.5432 -6 0.0299425
      vertex 11 -6 1.8
    endloop
  endfacet
  facet normal 0 -1 0
    outer loop
      vertex 11.44 -6 1.85794
      vertex 11.9059 -6 0.119259
      vertex 12.3394 -6 0.266421
    endloop
  endfacet
  facet normal 0 -1 0
    outer loop
      vertex 11 -6 0
      vertex 11 -6 1.8
      vertex 10.5432 -6 0.0299425
    endloop
  endfacet
  facet normal 0 -1 0
    outer loop
      vertex 11.2219 -6 1.81454
      vertex 11.4568 -6 0.0299425
      vertex 11.9059 -6 0.119259
    endloop
  endfacet
  facet normal 0 -1 0
    outer loop
      vertex 11 -6 1.8
      vertex 11 -6 0
      vertex 11.4568 -6 0.0299425
    endloop
  endfacet
  facet normal -0.94693 0 -0.321439
    outer loop
      vertex 7.76642 -6 2.16061
      vertex 7.61926 -2 2.59413
      vertex 7.76642 -2 2.16061
    endloop
  endfacet
  facet normal -0.94693 -0 -0.321439
    outer loop
      vertex 7.61926 -2 2.59413
      vertex 7.76642 -6 2.16061
      vertex 7.61926 -6 2.59413
    endloop
  endfacet
  facet normal -0.997859 0 -0.0653969
    outer loop
      vertex 7.52994 -6 3.04316
      vertex 7.5 -2 3.5
      vertex 7.52994 -2 3.04316
    endloop
  endfacet
  facet normal -0.997859 -0 -0.0653969
    outer loop
      vertex 7.5 -2 3.5
      vertex 7.52994 -6 3.04316
      vertex 7.5 -6 3.5
    endloop
  endfacet
  facet normal 0 1 0
    outer loop
      vertex 9.52777 -2 2.65001
      vertex 8.06914 -2 1.6
      vertex 7.96891 -2 1.75
    endloop
  endfacet
  facet normal 0 1 0
    outer loop
      vertex 11 -2 5.90413
      vertex 11 -2 7
      vertex 11.4568 -2 6.97006
    endloop
  endfacet
  facet normal 0 1 0
    outer loop
      vertex 11 -2 5.90413
      vertex 11.4568 -2 6.97006
      vertex 11.9059 -2 6.88074
    endloop
  endfacet
  facet normal 0 1 0
    outer loop
      vertex 11 -2 7
      vertex 11 -2 5.90413
      vertex 10.5432 -2 6.97006
    endloop
  endfacet
  facet normal 0 1 0
    outer loop
      vertex 11 -2 5.90413
      vertex 11.9059 -2 6.88074
      vertex 12.3394 -2 6.73358
    endloop
  endfacet
  facet normal 0 1 0
    outer loop
      vertex 10.5432 -2 6.97006
      vertex 11 -2 5.90413
      vertex 10.0941 -2 6.88074
    endloop
  endfacet
  facet normal 0 1 0
    outer loop
      vertex 12.2021 -2 4.70207
      vertex 12.3394 -2 6.73358
      vertex 12.75 -2 6.53109
    endloop
  endfacet
  facet normal 0 1 0
    outer loop
      vertex 10.0941 -2 6.88074
      vertex 11 -2 5.90413
      vertex 9.66061 -2 6.73358
    endloop
  endfacet
  facet normal 0 1 0
    outer loop
      vertex 12.2021 -2 4.70207
      vertex 12.75 -2 6.53109
      vertex 13.1307 -2 6.27674
    endloop
  endfacet
  facet normal 0 1 -0
    outer loop
      vertex 9.79793 -2 4.70207
      vertex 9.66061 -2 6.73358
      vertex 11 -2 5.90413
    endloop
  endfacet
  facet normal 0 1 0
    outer loop
      vertex 12.2021 -2 4.70207
      vertex 13.1307 -2 6.27674
      vertex 13.4749 -2 5.97487
    endloop
  endfacet
  facet normal 0 1 0
    outer loop
      vertex 9.66061 -2 6.73358
      vertex 9.79793 -2 4.70207
      vertex 9.25 -2 6.53109
    endloop
  endfacet
  facet normal 0 1 0
    outer loop
      vertex 9.25 -2 6.53109
      vertex 9.79793 -2 4.70207
      vertex 8.86933 -2 6.27674
    endloop
  endfacet
  facet normal 0 1 0
    outer loop
      vertex 12.2021 -2 4.70207
      vertex 13.4749 -2 5.97487
      vertex 13.7767 -2 5.63066
    endloop
  endfacet
  facet normal 0 1 0
    outer loop
      vertex 12.3487 -2 4.53488
      vertex 13.7767 -2 5.63066
      vertex 14.0311 -2 5.25
    endloop
  endfacet
  facet normal 0 1 0
    outer loop
      vertex 12.4722 -2 4.34999
      vertex 14.0311 -2 5.25
      vertex 14.2336 -2 4.83939
    endloop
  endfacet
  facet normal 0 1 0
    outer loop
      vertex 12.3394 -2 6.73358
      vertex 12.2021 -2 4.70207
      vertex 11 -2 5.90413
    endloop
  endfacet
  facet normal 0 1 0
    outer loop
      vertex 13.7767 -2 5.63066
      vertex 12.3487 -2 4.53488
      vertex 12.2021 -2 4.70207
    endloop
  endfacet
  facet normal 0 1 0
    outer loop
      vertex 12.5706 -2 4.15056
      vertex 14.2336 -2 4.83939
      vertex 14.3807 -2 4.40587
    endloop
  endfacet
  facet normal 0 1 0
    outer loop
      vertex 14.0311 -2 5.25
      vertex 12.4722 -2 4.34999
      vertex 12.3487 -2 4.53488
    endloop
  endfacet
  facet normal 0 1 0
    outer loop
      vertex 14.2336 -2 4.83939
      vertex 12.5706 -2 4.15056
      vertex 12.4722 -2 4.34999
    endloop
  endfacet
  facet normal 0 1 0
    outer loop
      vertex 12.6421 -2 3.93999
      vertex 14.3807 -2 4.40587
      vertex 14.4701 -2 3.95684
    endloop
  endfacet
  facet normal 0 1 0
    outer loop
      vertex 14.3807 -2 4.40587
      vertex 12.6421 -2 3.93999
      vertex 12.5706 -2 4.15056
    endloop
  endfacet
  facet normal 0 1 0
    outer loop
      vertex 14.4701 -2 3.95684
      vertex 12.6855 -2 3.72189
      vertex 12.6421 -2 3.93999
    endloop
  endfacet
  facet normal 0 1 0
    outer loop
      vertex 14.5 -2 3.5
      vertex 12.6855 -2 3.72189
      vertex 14.4701 -2 3.95684
    endloop
  endfacet
  facet normal 0 1 0
    outer loop
      vertex 14.5 -2 3.5
      vertex 12.7 -2 3.5
      vertex 12.6855 -2 3.72189
    endloop
  endfacet
  facet normal 0 1 0
    outer loop
      vertex 14.5 -2 3.5
      vertex 12.6855 -2 3.27811
      vertex 12.7 -2 3.5
    endloop
  endfacet
  facet normal 0 1 -0
    outer loop
      vertex 14.4701 -2 3.04316
      vertex 12.6855 -2 3.27811
      vertex 14.5 -2 3.5
    endloop
  endfacet
  facet normal 0 1 0
    outer loop
      vertex 12.6855 -2 3.27811
      vertex 14.4701 -2 3.04316
      vertex 12.6421 -2 3.06001
    endloop
  endfacet
  facet normal 0 1 -0
    outer loop
      vertex 14.3807 -2 2.59413
      vertex 12.6421 -2 3.06001
      vertex 14.4701 -2 3.04316
    endloop
  endfacet
  facet normal 0 1 0
    outer loop
      vertex 12.6421 -2 3.06001
      vertex 14.3807 -2 2.59413
      vertex 12.5706 -2 2.84944
    endloop
  endfacet
  facet normal 0 1 -0
    outer loop
      vertex 14.2336 -2 2.16061
      vertex 12.5706 -2 2.84944
      vertex 14.3807 -2 2.59413
    endloop
  endfacet
  facet normal 0 1 0
    outer loop
      vertex 12.5706 -2 2.84944
      vertex 14.2336 -2 2.16061
      vertex 12.4722 -2 2.65001
    endloop
  endfacet
  facet normal 0 1 -0
    outer loop
      vertex 14.0311 -2 1.75
      vertex 12.4722 -2 2.65001
      vertex 14.2336 -2 2.16061
    endloop
  endfacet
  facet normal 0 1 0
    outer loop
      vertex 12.4722 -2 2.65001
      vertex 14.0311 -2 1.75
      vertex 12.3487 -2 2.46512
    endloop
  endfacet
  facet normal 0 1 -0
    outer loop
      vertex 13.7767 -2 1.36933
      vertex 12.3487 -2 2.46512
      vertex 14.0311 -2 1.75
    endloop
  endfacet
  facet normal 0 1 0
    outer loop
      vertex 12.3487 -2 2.46512
      vertex 13.7767 -2 1.36933
      vertex 12.2021 -2 2.29793
    endloop
  endfacet
  facet normal 0 1 -0
    outer loop
      vertex 13.4749 -2 1.02513
      vertex 12.2021 -2 2.29793
      vertex 13.7767 -2 1.36933
    endloop
  endfacet
  facet normal 0 1 0
    outer loop
      vertex 12.2021 -2 2.29793
      vertex 13.4749 -2 1.02513
      vertex 12.0349 -2 2.15131
    endloop
  endfacet
  facet normal 0 1 -0
    outer loop
      vertex 13.1307 -2 0.723263
      vertex 12.0349 -2 2.15131
      vertex 13.4749 -2 1.02513
    endloop
  endfacet
  facet normal 0 1 -0
    outer loop
      vertex 12.75 -2 0.46891
      vertex 11.85 -2 2.02777
      vertex 13.1307 -2 0.723263
    endloop
  endfacet
  facet normal 0 1 0
    outer loop
      vertex 12.0349 -2 2.15131
      vertex 13.1307 -2 0.723263
      vertex 11.85 -2 2.02777
    endloop
  endfacet
  facet normal 0 1 0
    outer loop
      vertex 8.86933 -2 6.27674
      vertex 9.79793 -2 4.70207
      vertex 8.52513 -2 5.97487
    endloop
  endfacet
  facet normal 0 1 0
    outer loop
      vertex 8.52513 -2 5.97487
      vertex 9.79793 -2 4.70207
      vertex 8.22326 -2 5.63066
    endloop
  endfacet
  facet normal 0 1 -0
    outer loop
      vertex 9.65131 -2 4.53488
      vertex 8.22326 -2 5.63066
      vertex 9.79793 -2 4.70207
    endloop
  endfacet
  facet normal 0 1 0
    outer loop
      vertex 8.22326 -2 5.63066
      vertex 9.65131 -2 4.53488
      vertex 7.96891 -2 5.25
    endloop
  endfacet
  facet normal 0 1 -0
    outer loop
      vertex 9.52777 -2 4.34999
      vertex 7.96891 -2 5.25
      vertex 9.65131 -2 4.53488
    endloop
  endfacet
  facet normal 0 1 0
    outer loop
      vertex 7.96891 -2 5.25
      vertex 9.52777 -2 4.34999
      vertex 7.76642 -2 4.83939
    endloop
  endfacet
  facet normal 0 1 -0
    outer loop
      vertex 9.42941 -2 4.15056
      vertex 7.76642 -2 4.83939
      vertex 9.52777 -2 4.34999
    endloop
  endfacet
  facet normal 0 1 0
    outer loop
      vertex 7.76642 -2 4.83939
      vertex 9.42941 -2 4.15056
      vertex 7.61926 -2 4.40587
    endloop
  endfacet
  facet normal 0 1 -0
    outer loop
      vertex 9.35794 -2 3.93999
      vertex 7.61926 -2 4.40587
      vertex 9.42941 -2 4.15056
    endloop
  endfacet
  facet normal 0 1 0
    outer loop
      vertex 7.61926 -2 4.40587
      vertex 9.35794 -2 3.93999
      vertex 7.52994 -2 3.95684
    endloop
  endfacet
  facet normal 0 1 -0
    outer loop
      vertex 9.31454 -2 3.72189
      vertex 7.52994 -2 3.95684
      vertex 9.35794 -2 3.93999
    endloop
  endfacet
  facet normal 0 1 -0
    outer loop
      vertex 9.3 -2 3.5
      vertex 7.52994 -2 3.95684
      vertex 9.31454 -2 3.72189
    endloop
  endfacet
  facet normal 0 1 0
    outer loop
      vertex 9.3 -2 3.5
      vertex 7.5 -2 3.5
      vertex 7.52994 -2 3.95684
    endloop
  endfacet
  facet normal 0 1 0
    outer loop
      vertex 9.31454 -2 3.27811
      vertex 7.5 -2 3.5
      vertex 9.3 -2 3.5
    endloop
  endfacet
  facet normal 0 1 0
    outer loop
      vertex 7.52994 -2 3.04316
      vertex 9.31454 -2 3.27811
      vertex 9.35794 -2 3.06001
    endloop
  endfacet
  facet normal 0 1 0
    outer loop
      vertex 9.31454 -2 3.27811
      vertex 7.52994 -2 3.04316
      vertex 7.5 -2 3.5
    endloop
  endfacet
  facet normal 0 1 0
    outer loop
      vertex 7.61926 -2 2.59413
      vertex 9.35794 -2 3.06001
      vertex 9.42941 -2 2.84944
    endloop
  endfacet
  facet normal 0 1 0
    outer loop
      vertex 7.76642 -2 2.16061
      vertex 9.42941 -2 2.84944
      vertex 9.52777 -2 2.65001
    endloop
  endfacet
  facet normal 0 1 0
    outer loop
      vertex 9.35794 -2 3.06001
      vertex 7.61926 -2 2.59413
      vertex 7.52994 -2 3.04316
    endloop
  endfacet
  facet normal 0 1 0
    outer loop
      vertex 8.06914 -2 1.6
      vertex 9.52777 -2 2.65001
      vertex 9.65131 -2 2.46512
    endloop
  endfacet
  facet normal 0 1 0
    outer loop
      vertex 8.06914 -2 1.6
      vertex 9.65131 -2 2.46512
      vertex 9.79793 -2 2.29793
    endloop
  endfacet
  facet normal 0 1 0
    outer loop
      vertex 9.42941 -2 2.84944
      vertex 7.76642 -2 2.16061
      vertex 7.61926 -2 2.59413
    endloop
  endfacet
  facet normal 0 1 0
    outer loop
      vertex 8.06914 -2 1.6
      vertex 9.79793 -2 2.29793
      vertex 9.96512 -2 2.15131
    endloop
  endfacet
  facet normal 0 1 0
    outer loop
      vertex 8.06914 -2 1.6
      vertex 9.96512 -2 2.15131
      vertex 10.15 -2 2.02777
    endloop
  endfacet
  facet normal 0 1 0
    outer loop
      vertex 8.06914 -2 1.6
      vertex 10.15 -2 2.02777
      vertex 10.3494 -2 1.92941
    endloop
  endfacet
  facet normal 0 1 0
    outer loop
      vertex 11 -2 1.6
      vertex 10.3494 -2 1.92941
      vertex 10.56 -2 1.85794
    endloop
  endfacet
  facet normal 0 1 0
    outer loop
      vertex 11 -2 1.6
      vertex 10.56 -2 1.85794
      vertex 10.7781 -2 1.81454
    endloop
  endfacet
  facet normal 0 1 0
    outer loop
      vertex 9.52777 -2 2.65001
      vertex 7.96891 -2 1.75
      vertex 7.76642 -2 2.16061
    endloop
  endfacet
  facet normal 0 1 -0
    outer loop
      vertex 11 -2 1.6
      vertex 10.7781 -2 1.81454
      vertex 11 -2 1.8
    endloop
  endfacet
  facet normal 0 1 0
    outer loop
      vertex 11.85 -2 2.02777
      vertex 12.75 -2 0.46891
      vertex 11.6506 -2 1.92941
    endloop
  endfacet
  facet normal 0 1 0
    outer loop
      vertex 8.06914 -2 1.6
      vertex 10.3494 -2 1.92941
      vertex 11 -2 1.6
    endloop
  endfacet
  facet normal 0 1 -0
    outer loop
      vertex 12.3394 -2 0.266421
      vertex 11.6506 -2 1.92941
      vertex 12.75 -2 0.46891
    endloop
  endfacet
  facet normal 0 1 0
    outer loop
      vertex 11.6506 -2 1.92941
      vertex 12.3394 -2 0.266421
      vertex 11.44 -2 1.85794
    endloop
  endfacet
  facet normal 0 1 0
    outer loop
      vertex 11.2219 -2 1.81454
      vertex 11 -2 1.6
      vertex 11 -2 1.8
    endloop
  endfacet
  facet normal 0 1 -0
    outer loop
      vertex 11.9059 -2 0.119259
      vertex 11.44 -2 1.85794
      vertex 12.3394 -2 0.266421
    endloop
  endfacet
  facet normal -0 1 0
    outer loop
      vertex 11 -2 1.6
      vertex 11.44 -2 1.85794
      vertex 11.9059 -2 0.119259
    endloop
  endfacet
  facet normal 0 1 0
    outer loop
      vertex 11.44 -2 1.85794
      vertex 11 -2 1.6
      vertex 11.2219 -2 1.81454
    endloop
  endfacet
  facet normal 0 1 -0
    outer loop
      vertex 11.4568 -2 0.0299425
      vertex 11 -2 1.6
      vertex 11.9059 -2 0.119259
    endloop
  endfacet
  facet normal 0 1 0
    outer loop
      vertex 11 -2 1.6
      vertex 11.4568 -2 0.0299425
      vertex 11 -2 0
    endloop
  endfacet
  facet normal 0.997865 -0 0.0653099
    outer loop
      vertex 14.4701 -6 3.95684
      vertex 14.5 -2 3.5
      vertex 14.4701 -2 3.95684
    endloop
  endfacet
  facet normal 0.997865 0 0.0653099
    outer loop
      vertex 14.5 -2 3.5
      vertex 14.4701 -6 3.95684
      vertex 14.5 -6 3.5
    endloop
  endfacet
  facet normal 0.751909 -0 0.659267
    outer loop
      vertex 13.4749 -6 5.97487
      vertex 13.7767 -2 5.63066
      vertex 13.4749 -2 5.97487
    endloop
  endfacet
  facet normal 0.751909 0 0.659267
    outer loop
      vertex 13.7767 -2 5.63066
      vertex 13.4749 -6 5.97487
      vertex 13.7767 -6 5.63066
    endloop
  endfacet
  facet normal 0.896864 -0 0.442305
    outer loop
      vertex 14.0311 -6 5.25
      vertex 14.2336 -2 4.83939
      vertex 14.0311 -2 5.25
    endloop
  endfacet
  facet normal 0.896864 0 0.442305
    outer loop
      vertex 14.2336 -2 4.83939
      vertex 14.0311 -6 5.25
      vertex 14.2336 -6 4.83939
    endloop
  endfacet
  facet normal 0.980751 -0 0.195263
    outer loop
      vertex 14.3807 -6 4.40587
      vertex 14.4701 -2 3.95684
      vertex 14.3807 -2 4.40587
    endloop
  endfacet
  facet normal 0.980751 0 0.195263
    outer loop
      vertex 14.4701 -2 3.95684
      vertex 14.3807 -6 4.40587
      vertex 14.4701 -6 3.95684
    endloop
  endfacet
  facet normal -0.321459 0 0.946923
    outer loop
      vertex 9.66061 -2 6.73358
      vertex 10.0941 -6 6.88074
      vertex 10.0941 -2 6.88074
    endloop
  endfacet
  facet normal -0.321459 0 0.946923
    outer loop
      vertex 10.0941 -6 6.88074
      vertex 9.66061 -2 6.73358
      vertex 9.66061 -6 6.73358
    endloop
  endfacet
  facet normal 0.442297 0 0.896869
    outer loop
      vertex 12.3394 -2 6.73358
      vertex 12.75 -6 6.53109
      vertex 12.75 -2 6.53109
    endloop
  endfacet
  facet normal 0.442297 0 0.896869
    outer loop
      vertex 12.75 -6 6.53109
      vertex 12.3394 -2 6.73358
      vertex 12.3394 -6 6.73358
    endloop
  endfacet
  facet normal 0.442295 0 -0.89687
    outer loop
      vertex 12.3394 -6 0.266421
      vertex 12.75 -2 0.46891
      vertex 12.75 -6 0.46891
    endloop
  endfacet
  facet normal 0.442295 0 -0.89687
    outer loop
      vertex 12.75 -2 0.46891
      vertex 12.3394 -6 0.266421
      vertex 12.3394 -2 0.266421
    endloop
  endfacet
  facet normal -0.997859 0 0.0653969
    outer loop
      vertex 7.5 -6 3.5
      vertex 7.52994 -2 3.95684
      vertex 7.5 -2 3.5
    endloop
  endfacet
  facet normal -0.997859 0 0.0653969
    outer loop
      vertex 7.52994 -2 3.95684
      vertex 7.5 -6 3.5
      vertex 7.52994 -6 3.95684
    endloop
  endfacet
  facet normal -0.555566 0 -0.831472
    outer loop
      vertex 8.86933 -6 0.723263
      vertex 9.25 -4.5 0.46891
      vertex 9.25 -6 0.46891
    endloop
  endfacet
  facet normal -0.555566 0 -0.831472
    outer loop
      vertex 9.25 -4.5 0.46891
      vertex 8.86933 -6 0.723263
      vertex 8.86933 -4.5 0.723263
    endloop
  endfacet
  facet normal -0.321463 0 -0.946922
    outer loop
      vertex 9.66061 -6 0.266421
      vertex 10.0941 -4.5 0.119259
      vertex 10.0941 -6 0.119259
    endloop
  endfacet
  facet normal -0.321463 0 -0.946922
    outer loop
      vertex 10.0941 -4.5 0.119259
      vertex 9.66061 -6 0.266421
      vertex 9.66061 -4.5 0.266421
    endloop
  endfacet
  facet normal 0.555532 0 0.831495
    outer loop
      vertex 12.75 -2 6.53109
      vertex 13.1307 -6 6.27674
      vertex 13.1307 -2 6.27674
    endloop
  endfacet
  facet normal 0.555532 0 0.831495
    outer loop
      vertex 13.1307 -6 6.27674
      vertex 12.75 -2 6.53109
      vertex 12.75 -6 6.53109
    endloop
  endfacet
  facet normal 0.94697 -0 0.321322
    outer loop
      vertex 14.2336 -6 4.83939
      vertex 14.3807 -2 4.40587
      vertex 14.2336 -2 4.83939
    endloop
  endfacet
  facet normal 0.94697 0 0.321322
    outer loop
      vertex 14.3807 -2 4.40587
      vertex 14.2336 -6 4.83939
      vertex 14.3807 -6 4.40587
    endloop
  endfacet
  facet normal 0.831418 -0 0.555647
    outer loop
      vertex 13.7767 -6 5.63066
      vertex 14.0311 -2 5.25
      vertex 13.7767 -2 5.63066
    endloop
  endfacet
  facet normal 0.831418 0 0.555647
    outer loop
      vertex 14.0311 -2 5.25
      vertex 13.7767 -6 5.63066
      vertex 14.0311 -6 5.25
    endloop
  endfacet
  facet normal -0.659364 0 0.751824
    outer loop
      vertex 8.52513 -2 5.97487
      vertex 8.86933 -6 6.27674
      vertex 8.86933 -2 6.27674
    endloop
  endfacet
  facet normal -0.659364 0 0.751824
    outer loop
      vertex 8.86933 -6 6.27674
      vertex 8.52513 -2 5.97487
      vertex 8.52513 -6 5.97487
    endloop
  endfacet
  facet normal -0.831468 0 0.555572
    outer loop
      vertex 7.96891 -6 5.25
      vertex 8.22326 -2 5.63066
      vertex 7.96891 -2 5.25
    endloop
  endfacet
  facet normal -0.831468 0 0.555572
    outer loop
      vertex 8.22326 -2 5.63066
      vertex 7.96891 -6 5.25
      vertex 8.22326 -6 5.63066
    endloop
  endfacet
  facet normal -0.980784 0 0.195095
    outer loop
      vertex 7.52994 -6 3.95684
      vertex 7.61926 -2 4.40587
      vertex 7.52994 -2 3.95684
    endloop
  endfacet
  facet normal -0.980784 0 0.195095
    outer loop
      vertex 7.61926 -2 4.40587
      vertex 7.52994 -6 3.95684
      vertex 7.61926 -6 4.40587
    endloop
  endfacet
  facet normal -0.94693 0 0.321439
    outer loop
      vertex 7.61926 -6 4.40587
      vertex 7.76642 -2 4.83939
      vertex 7.61926 -2 4.40587
    endloop
  endfacet
  facet normal -0.94693 0 0.321439
    outer loop
      vertex 7.76642 -2 4.83939
      vertex 7.61926 -6 4.40587
      vertex 7.76642 -6 4.83939
    endloop
  endfacet
  facet normal -0.896873 0 0.442288
    outer loop
      vertex 7.76642 -6 4.83939
      vertex 7.96891 -2 5.25
      vertex 7.76642 -2 4.83939
    endloop
  endfacet
  facet normal -0.896873 0 0.442288
    outer loop
      vertex 7.96891 -2 5.25
      vertex 7.76642 -6 4.83939
      vertex 7.96891 -6 5.25
    endloop
  endfacet
  facet normal 0.321452 0 0.946926
    outer loop
      vertex 11.9059 -2 6.88074
      vertex 12.3394 -6 6.73358
      vertex 12.3394 -2 6.73358
    endloop
  endfacet
  facet normal 0.321452 0 0.946926
    outer loop
      vertex 12.3394 -6 6.73358
      vertex 11.9059 -2 6.88074
      vertex 11.9059 -6 6.88074
    endloop
  endfacet
  facet normal 0.659364 0 0.751824
    outer loop
      vertex 13.1307 -2 6.27674
      vertex 13.4749 -6 5.97487
      vertex 13.4749 -2 5.97487
    endloop
  endfacet
  facet normal 0.659364 0 0.751824
    outer loop
      vertex 13.4749 -6 5.97487
      vertex 13.1307 -2 6.27674
      vertex 13.1307 -6 6.27674
    endloop
  endfacet
  facet normal -0.0654026 0 0.997859
    outer loop
      vertex 10.5432 -2 6.97006
      vertex 11 -6 7
      vertex 11 -2 7
    endloop
  endfacet
  facet normal -0.0654026 0 0.997859
    outer loop
      vertex 11 -6 7
      vertex 10.5432 -2 6.97006
      vertex 10.5432 -6 6.97006
    endloop
  endfacet
  facet normal -0.442288 0 0.896873
    outer loop
      vertex 9.25 -2 6.53109
      vertex 9.66061 -6 6.73358
      vertex 9.66061 -2 6.73358
    endloop
  endfacet
  facet normal -0.442288 0 0.896873
    outer loop
      vertex 9.66061 -6 6.73358
      vertex 9.25 -2 6.53109
      vertex 9.25 -6 6.53109
    endloop
  endfacet
  facet normal -0.195066 0 0.98079
    outer loop
      vertex 10.0941 -2 6.88074
      vertex 10.5432 -6 6.97006
      vertex 10.5432 -2 6.97006
    endloop
  endfacet
  facet normal -0.195066 0 0.98079
    outer loop
      vertex 10.5432 -6 6.97006
      vertex 10.0941 -2 6.88074
      vertex 10.0941 -6 6.88074
    endloop
  endfacet
  facet normal -0.751833 0 0.659353
    outer loop
      vertex 8.22326 -6 5.63066
      vertex 8.52513 -2 5.97487
      vertex 8.22326 -2 5.63066
    endloop
  endfacet
  facet normal -0.751833 0 0.659353
    outer loop
      vertex 8.52513 -2 5.97487
      vertex 8.22326 -6 5.63066
      vertex 8.52513 -6 5.97487
    endloop
  endfacet
  facet normal -0.555562 0 0.831475
    outer loop
      vertex 8.86933 -2 6.27674
      vertex 9.25 -6 6.53109
      vertex 9.25 -2 6.53109
    endloop
  endfacet
  facet normal -0.555562 0 0.831475
    outer loop
      vertex 9.25 -6 6.53109
      vertex 8.86933 -2 6.27674
      vertex 8.86933 -6 6.27674
    endloop
  endfacet
  facet normal 0.997865 0 -0.0653099
    outer loop
      vertex 14.5 2 3.5
      vertex 14.4701 6 3.04316
      vertex 14.5 6 3.5
    endloop
  endfacet
  facet normal 0.997865 0 -0.0653099
    outer loop
      vertex 14.4701 6 3.04316
      vertex 14.5 2 3.5
      vertex 14.4701 2 3.04316
    endloop
  endfacet
  facet normal -0.997859 0 0.0653969
    outer loop
      vertex 7.5 2 3.5
      vertex 7.52994 6 3.95684
      vertex 7.5 6 3.5
    endloop
  endfacet
  facet normal -0.997859 0 0.0653969
    outer loop
      vertex 7.52994 6 3.95684
      vertex 7.5 2 3.5
      vertex 7.52994 2 3.95684
    endloop
  endfacet
  facet normal -0.065408 0 -0.997859
    outer loop
      vertex 10.5432 4.5 0.0299425
      vertex 11 6 0
      vertex 11 4.5 0
    endloop
  endfacet
  facet normal -0.065408 0 -0.997859
    outer loop
      vertex 11 6 0
      vertex 10.5432 4.5 0.0299425
      vertex 10.5432 6 0.0299425
    endloop
  endfacet
  facet normal 0.0654026 0 0.997859
    outer loop
      vertex 11 6 7
      vertex 11.4568 2 6.97006
      vertex 11.4568 6 6.97006
    endloop
  endfacet
  facet normal 0.0654026 0 0.997859
    outer loop
      vertex 11.4568 2 6.97006
      vertex 11 6 7
      vertex 11 2 7
    endloop
  endfacet
  facet normal 0.65936 0 -0.751827
    outer loop
      vertex 13.1307 2 0.723263
      vertex 13.4749 6 1.02513
      vertex 13.4749 2 1.02513
    endloop
  endfacet
  facet normal 0.65936 0 -0.751827
    outer loop
      vertex 13.4749 6 1.02513
      vertex 13.1307 2 0.723263
      vertex 13.1307 6 0.723263
    endloop
  endfacet
  facet normal -0.751824 0 -0.659364
    outer loop
      vertex 8.52513 4.5 1.02513
      vertex 8.22326 6 1.36933
      vertex 8.52513 6 1.02513
    endloop
  endfacet
  facet normal -0.751824 -0 -0.659364
    outer loop
      vertex 8.22326 6 1.36933
      vertex 8.52513 4.5 1.02513
      vertex 8.22326 4.5 1.36933
    endloop
  endfacet
  facet normal -0.442286 0 -0.896874
    outer loop
      vertex 9.25 4.5 0.46891
      vertex 9.66061 6 0.266421
      vertex 9.66061 4.5 0.266421
    endloop
  endfacet
  facet normal -0.442286 0 -0.896874
    outer loop
      vertex 9.66061 6 0.266421
      vertex 9.25 4.5 0.46891
      vertex 9.25 6 0.46891
    endloop
  endfacet
  facet normal 0.94697 -0 0.321322
    outer loop
      vertex 14.2336 2 4.83939
      vertex 14.3807 6 4.40587
      vertex 14.2336 6 4.83939
    endloop
  endfacet
  facet normal 0.94697 0 0.321322
    outer loop
      vertex 14.3807 6 4.40587
      vertex 14.2336 2 4.83939
      vertex 14.3807 2 4.40587
    endloop
  endfacet
  facet normal 0.896864 0 -0.442305
    outer loop
      vertex 14.2336 2 2.16061
      vertex 14.0311 6 1.75
      vertex 14.2336 6 2.16061
    endloop
  endfacet
  facet normal 0.896864 0 -0.442305
    outer loop
      vertex 14.0311 6 1.75
      vertex 14.2336 2 2.16061
      vertex 14.0311 2 1.75
    endloop
  endfacet
  facet normal 0.980751 0 -0.195263
    outer loop
      vertex 14.4701 2 3.04316
      vertex 14.3807 6 2.59413
      vertex 14.4701 6 3.04316
    endloop
  endfacet
  facet normal 0.980751 0 -0.195263
    outer loop
      vertex 14.3807 6 2.59413
      vertex 14.4701 2 3.04316
      vertex 14.3807 2 2.59413
    endloop
  endfacet
  facet normal 0.321456 0 -0.946924
    outer loop
      vertex 11.9059 2 0.119259
      vertex 12.3394 6 0.266421
      vertex 12.3394 2 0.266421
    endloop
  endfacet
  facet normal 0.321456 0 -0.946924
    outer loop
      vertex 12.3394 6 0.266421
      vertex 11.9059 2 0.119259
      vertex 11.9059 6 0.119259
    endloop
  endfacet
  facet normal 0.195059 0 -0.980792
    outer loop
      vertex 11.4568 2 0.0299425
      vertex 11.9059 6 0.119259
      vertex 11.9059 2 0.119259
    endloop
  endfacet
  facet normal 0.195059 0 -0.980792
    outer loop
      vertex 11.9059 6 0.119259
      vertex 11.4568 2 0.0299425
      vertex 11.4568 6 0.0299425
    endloop
  endfacet
  facet normal 0.555536 0 -0.831492
    outer loop
      vertex 12.75 2 0.46891
      vertex 13.1307 6 0.723263
      vertex 13.1307 2 0.723263
    endloop
  endfacet
  facet normal 0.555536 0 -0.831492
    outer loop
      vertex 13.1307 6 0.723263
      vertex 12.75 2 0.46891
      vertex 12.75 6 0.46891
    endloop
  endfacet
  facet normal -0.94693 0 -0.321439
    outer loop
      vertex 7.76642 2 2.16061
      vertex 7.61926 6 2.59413
      vertex 7.76642 6 2.16061
    endloop
  endfacet
  facet normal -0.94693 -0 -0.321439
    outer loop
      vertex 7.61926 6 2.59413
      vertex 7.76642 2 2.16061
      vertex 7.61926 2 2.59413
    endloop
  endfacet
  facet normal -0.831484 0 -0.555548
    outer loop
      vertex 8.06914 4.5 1.6
      vertex 8.22326 6 1.36933
      vertex 8.22326 4.5 1.36933
    endloop
  endfacet
  facet normal -0.831475 -2.9911e-06 -0.555562
    outer loop
      vertex 8.22326 6 1.36933
      vertex 8.06914 4.5 1.6
      vertex 7.96891 6 1.75
    endloop
  endfacet
  facet normal -0.831461 0 -0.555583
    outer loop
      vertex 7.96891 2 1.75
      vertex 8.06914 4.5 1.6
      vertex 8.06914 2 1.6
    endloop
  endfacet
  facet normal -0.831461 0 -0.555583
    outer loop
      vertex 8.06914 4.5 1.6
      vertex 7.96891 2 1.75
      vertex 7.96891 6 1.75
    endloop
  endfacet
  facet normal -0.980784 0 -0.195095
    outer loop
      vertex 7.61926 2 2.59413
      vertex 7.52994 6 3.04316
      vertex 7.61926 6 2.59413
    endloop
  endfacet
  facet normal -0.980784 -0 -0.195095
    outer loop
      vertex 7.52994 6 3.04316
      vertex 7.61926 2 2.59413
      vertex 7.52994 2 3.04316
    endloop
  endfacet
  facet normal -0.195059 0 -0.980792
    outer loop
      vertex 10.0941 4.5 0.119259
      vertex 10.5432 6 0.0299425
      vertex 10.5432 4.5 0.0299425
    endloop
  endfacet
  facet normal -0.195059 0 -0.980792
    outer loop
      vertex 10.5432 6 0.0299425
      vertex 10.0941 4.5 0.119259
      vertex 10.0941 6 0.119259
    endloop
  endfacet
  facet normal -0.831468 0 0.555572
    outer loop
      vertex 7.96891 2 5.25
      vertex 8.22326 6 5.63066
      vertex 7.96891 6 5.25
    endloop
  endfacet
  facet normal -0.831468 0 0.555572
    outer loop
      vertex 8.22326 6 5.63066
      vertex 7.96891 2 5.25
      vertex 8.22326 2 5.63066
    endloop
  endfacet
  facet normal 0.195066 0 0.98079
    outer loop
      vertex 11.4568 6 6.97006
      vertex 11.9059 2 6.88074
      vertex 11.9059 6 6.88074
    endloop
  endfacet
  facet normal 0.195066 0 0.98079
    outer loop
      vertex 11.9059 2 6.88074
      vertex 11.4568 6 6.97006
      vertex 11.4568 2 6.97006
    endloop
  endfacet
  facet normal 0.442297 0 0.896869
    outer loop
      vertex 12.3394 6 6.73358
      vertex 12.75 2 6.53109
      vertex 12.75 6 6.53109
    endloop
  endfacet
  facet normal 0.442297 0 0.896869
    outer loop
      vertex 12.75 2 6.53109
      vertex 12.3394 6 6.73358
      vertex 12.3394 2 6.73358
    endloop
  endfacet
  facet normal 0.94697 0 -0.321322
    outer loop
      vertex 14.3807 2 2.59413
      vertex 14.2336 6 2.16061
      vertex 14.3807 6 2.59413
    endloop
  endfacet
  facet normal 0.94697 0 -0.321322
    outer loop
      vertex 14.2336 6 2.16061
      vertex 14.3807 2 2.59413
      vertex 14.2336 2 2.16061
    endloop
  endfacet
  facet normal 0.7519 0 -0.659278
    outer loop
      vertex 13.7767 2 1.36933
      vertex 13.4749 6 1.02513
      vertex 13.7767 6 1.36933
    endloop
  endfacet
  facet normal 0.7519 0 -0.659278
    outer loop
      vertex 13.4749 6 1.02513
      vertex 13.7767 2 1.36933
      vertex 13.4749 2 1.02513
    endloop
  endfacet
  facet normal 0.831425 0 -0.555637
    outer loop
      vertex 14.0311 2 1.75
      vertex 13.7767 6 1.36933
      vertex 14.0311 6 1.75
    endloop
  endfacet
  facet normal 0.831425 0 -0.555637
    outer loop
      vertex 13.7767 6 1.36933
      vertex 14.0311 2 1.75
      vertex 13.7767 2 1.36933
    endloop
  endfacet
  facet normal 0.065408 0 -0.997859
    outer loop
      vertex 11 4.5 0
      vertex 11.4568 2 0.0299425
      vertex 11 2 0
    endloop
  endfacet
  facet normal 0.065408 0 -0.997859
    outer loop
      vertex 11.4568 2 0.0299425
      vertex 11 4.5 0
      vertex 11.4568 6 0.0299425
    endloop
  endfacet
  facet normal 0.065408 0 -0.997859
    outer loop
      vertex 11.4568 6 0.0299425
      vertex 11 4.5 0
      vertex 11 6 0
    endloop
  endfacet
  facet normal 0.442295 0 -0.89687
    outer loop
      vertex 12.3394 2 0.266421
      vertex 12.75 6 0.46891
      vertex 12.75 2 0.46891
    endloop
  endfacet
  facet normal 0.442295 0 -0.89687
    outer loop
      vertex 12.75 6 0.46891
      vertex 12.3394 2 0.266421
      vertex 12.3394 6 0.266421
    endloop
  endfacet
  facet normal 0 -1 0
    outer loop
      vertex 11 2 5.90413
      vertex 11 2 7
      vertex 10.5432 2 6.97006
    endloop
  endfacet
  facet normal 0 -1 0
    outer loop
      vertex 11 2 5.90413
      vertex 10.5432 2 6.97006
      vertex 10.0941 2 6.88074
    endloop
  endfacet
  facet normal 0 -1 0
    outer loop
      vertex 11 2 7
      vertex 11 2 5.90413
      vertex 11.4568 2 6.97006
    endloop
  endfacet
  facet normal 0 -1 0
    outer loop
      vertex 11 2 5.90413
      vertex 10.0941 2 6.88074
      vertex 9.66061 2 6.73358
    endloop
  endfacet
  facet normal 0 -1 -0
    outer loop
      vertex 11.4568 2 6.97006
      vertex 11 2 5.90413
      vertex 11.9059 2 6.88074
    endloop
  endfacet
  facet normal 0 -1 0
    outer loop
      vertex 9.79793 2 4.70207
      vertex 9.66061 2 6.73358
      vertex 9.25 2 6.53109
    endloop
  endfacet
  facet normal 0 -1 -0
    outer loop
      vertex 11.9059 2 6.88074
      vertex 11 2 5.90413
      vertex 12.3394 2 6.73358
    endloop
  endfacet
  facet normal 0 -1 0
    outer loop
      vertex 9.79793 2 4.70207
      vertex 9.25 2 6.53109
      vertex 8.86933 2 6.27674
    endloop
  endfacet
  facet normal 0 -1 0
    outer loop
      vertex 12.2021 2 4.70207
      vertex 12.3394 2 6.73358
      vertex 11 2 5.90413
    endloop
  endfacet
  facet normal 0 -1 0
    outer loop
      vertex 9.79793 2 4.70207
      vertex 8.86933 2 6.27674
      vertex 8.52513 2 5.97487
    endloop
  endfacet
  facet normal 0 -1 -0
    outer loop
      vertex 12.3394 2 6.73358
      vertex 12.2021 2 4.70207
      vertex 12.75 2 6.53109
    endloop
  endfacet
  facet normal 0 -1 -0
    outer loop
      vertex 12.75 2 6.53109
      vertex 12.2021 2 4.70207
      vertex 13.1307 2 6.27674
    endloop
  endfacet
  facet normal 0 -1 0
    outer loop
      vertex 9.79793 2 4.70207
      vertex 8.52513 2 5.97487
      vertex 8.22326 2 5.63066
    endloop
  endfacet
  facet normal 0 -1 0
    outer loop
      vertex 9.65131 2 4.53488
      vertex 8.22326 2 5.63066
      vertex 7.96891 2 5.25
    endloop
  endfacet
  facet normal 0 -1 0
    outer loop
      vertex 9.52777 2 4.34999
      vertex 7.96891 2 5.25
      vertex 7.76642 2 4.83939
    endloop
  endfacet
  facet normal 0 -1 0
    outer loop
      vertex 9.66061 2 6.73358
      vertex 9.79793 2 4.70207
      vertex 11 2 5.90413
    endloop
  endfacet
  facet normal 0 -1 0
    outer loop
      vertex 8.22326 2 5.63066
      vertex 9.65131 2 4.53488
      vertex 9.79793 2 4.70207
    endloop
  endfacet
  facet normal 0 -1 0
    outer loop
      vertex 9.42941 2 4.15056
      vertex 7.76642 2 4.83939
      vertex 7.61926 2 4.40587
    endloop
  endfacet
  facet normal 0 -1 0
    outer loop
      vertex 7.96891 2 5.25
      vertex 9.52777 2 4.34999
      vertex 9.65131 2 4.53488
    endloop
  endfacet
  facet normal 0 -1 0
    outer loop
      vertex 7.76642 2 4.83939
      vertex 9.42941 2 4.15056
      vertex 9.52777 2 4.34999
    endloop
  endfacet
  facet normal 0 -1 0
    outer loop
      vertex 9.35794 2 3.93999
      vertex 7.61926 2 4.40587
      vertex 7.52994 2 3.95684
    endloop
  endfacet
  facet normal 0 -1 0
    outer loop
      vertex 7.61926 2 4.40587
      vertex 9.35794 2 3.93999
      vertex 9.42941 2 4.15056
    endloop
  endfacet
  facet normal 0 -1 0
    outer loop
      vertex 7.52994 2 3.95684
      vertex 9.31454 2 3.72189
      vertex 9.35794 2 3.93999
    endloop
  endfacet
  facet normal 0 -1 0
    outer loop
      vertex 7.5 2 3.5
      vertex 9.31454 2 3.72189
      vertex 7.52994 2 3.95684
    endloop
  endfacet
  facet normal 0 -1 0
    outer loop
      vertex 7.5 2 3.5
      vertex 9.3 2 3.5
      vertex 9.31454 2 3.72189
    endloop
  endfacet
  facet normal 0 -1 0
    outer loop
      vertex 7.5 2 3.5
      vertex 9.31454 2 3.27811
      vertex 9.3 2 3.5
    endloop
  endfacet
  facet normal 0 -1 0
    outer loop
      vertex 7.52994 2 3.04316
      vertex 9.31454 2 3.27811
      vertex 7.5 2 3.5
    endloop
  endfacet
  facet normal 0 -1 -0
    outer loop
      vertex 9.31454 2 3.27811
      vertex 7.52994 2 3.04316
      vertex 9.35794 2 3.06001
    endloop
  endfacet
  facet normal 0 -1 0
    outer loop
      vertex 7.61926 2 2.59413
      vertex 9.35794 2 3.06001
      vertex 7.52994 2 3.04316
    endloop
  endfacet
  facet normal 0 -1 -0
    outer loop
      vertex 9.35794 2 3.06001
      vertex 7.61926 2 2.59413
      vertex 9.42941 2 2.84944
    endloop
  endfacet
  facet normal 0 -1 0
    outer loop
      vertex 7.76642 2 2.16061
      vertex 9.42941 2 2.84944
      vertex 7.61926 2 2.59413
    endloop
  endfacet
  facet normal 0 -1 -0
    outer loop
      vertex 9.42941 2 2.84944
      vertex 7.76642 2 2.16061
      vertex 9.52777 2 2.65001
    endloop
  endfacet
  facet normal 0 -1 0
    outer loop
      vertex 7.96891 2 1.75
      vertex 9.52777 2 2.65001
      vertex 7.76642 2 2.16061
    endloop
  endfacet
  facet normal 0 -1 0
    outer loop
      vertex 8.06914 2 1.6
      vertex 9.52777 2 2.65001
      vertex 7.96891 2 1.75
    endloop
  endfacet
  facet normal 0 -1 -0
    outer loop
      vertex 9.52777 2 2.65001
      vertex 8.06914 2 1.6
      vertex 9.65131 2 2.46512
    endloop
  endfacet
  facet normal 0 -1 -0
    outer loop
      vertex 9.65131 2 2.46512
      vertex 8.06914 2 1.6
      vertex 9.79793 2 2.29793
    endloop
  endfacet
  facet normal 0 -1 -0
    outer loop
      vertex 9.79793 2 2.29793
      vertex 8.06914 2 1.6
      vertex 9.96512 2 2.15131
    endloop
  endfacet
  facet normal 0 -1 -0
    outer loop
      vertex 9.96512 2 2.15131
      vertex 8.06914 2 1.6
      vertex 10.15 2 2.02777
    endloop
  endfacet
  facet normal 0 -1 -0
    outer loop
      vertex 10.15 2 2.02777
      vertex 8.06914 2 1.6
      vertex 10.3494 2 1.92941
    endloop
  endfacet
  facet normal 0 -1 0
    outer loop
      vertex 10.3494 2 1.92941
      vertex 11 2 1.6
      vertex 10.56 2 1.85794
    endloop
  endfacet
  facet normal 0 -1 0
    outer loop
      vertex 11 2 1.6
      vertex 10.3494 2 1.92941
      vertex 8.06914 2 1.6
    endloop
  endfacet
  facet normal 0 -1 -0
    outer loop
      vertex 13.1307 2 6.27674
      vertex 12.2021 2 4.70207
      vertex 13.4749 2 5.97487
    endloop
  endfacet
  facet normal 0 -1 -0
    outer loop
      vertex 13.4749 2 5.97487
      vertex 12.2021 2 4.70207
      vertex 13.7767 2 5.63066
    endloop
  endfacet
  facet normal 0 -1 0
    outer loop
      vertex 12.3487 2 4.53488
      vertex 13.7767 2 5.63066
      vertex 12.2021 2 4.70207
    endloop
  endfacet
  facet normal 0 -1 -0
    outer loop
      vertex 13.7767 2 5.63066
      vertex 12.3487 2 4.53488
      vertex 14.0311 2 5.25
    endloop
  endfacet
  facet normal 0 -1 0
    outer loop
      vertex 12.4722 2 4.34999
      vertex 14.0311 2 5.25
      vertex 12.3487 2 4.53488
    endloop
  endfacet
  facet normal 0 -1 -0
    outer loop
      vertex 14.0311 2 5.25
      vertex 12.4722 2 4.34999
      vertex 14.2336 2 4.83939
    endloop
  endfacet
  facet normal 0 -1 0
    outer loop
      vertex 12.5706 2 4.15056
      vertex 14.2336 2 4.83939
      vertex 12.4722 2 4.34999
    endloop
  endfacet
  facet normal 0 -1 -0
    outer loop
      vertex 14.2336 2 4.83939
      vertex 12.5706 2 4.15056
      vertex 14.3807 2 4.40587
    endloop
  endfacet
  facet normal 0 -1 0
    outer loop
      vertex 12.6421 2 3.93999
      vertex 14.3807 2 4.40587
      vertex 12.5706 2 4.15056
    endloop
  endfacet
  facet normal 0 -1 -0
    outer loop
      vertex 14.3807 2 4.40587
      vertex 12.6421 2 3.93999
      vertex 14.4701 2 3.95684
    endloop
  endfacet
  facet normal 0 -1 0
    outer loop
      vertex 12.6855 2 3.72189
      vertex 14.4701 2 3.95684
      vertex 12.6421 2 3.93999
    endloop
  endfacet
  facet normal 0 -1 0
    outer loop
      vertex 12.7 2 3.5
      vertex 14.4701 2 3.95684
      vertex 12.6855 2 3.72189
    endloop
  endfacet
  facet normal 0 -1 0
    outer loop
      vertex 12.7 2 3.5
      vertex 14.5 2 3.5
      vertex 14.4701 2 3.95684
    endloop
  endfacet
  facet normal 0 -1 0
    outer loop
      vertex 12.6855 2 3.27811
      vertex 14.5 2 3.5
      vertex 12.7 2 3.5
    endloop
  endfacet
  facet normal 0 -1 0
    outer loop
      vertex 14.4701 2 3.04316
      vertex 12.6855 2 3.27811
      vertex 12.6421 2 3.06001
    endloop
  endfacet
  facet normal 0 -1 0
    outer loop
      vertex 12.6855 2 3.27811
      vertex 14.4701 2 3.04316
      vertex 14.5 2 3.5
    endloop
  endfacet
  facet normal 0 -1 0
    outer loop
      vertex 14.3807 2 2.59413
      vertex 12.6421 2 3.06001
      vertex 12.5706 2 2.84944
    endloop
  endfacet
  facet normal 0 -1 0
    outer loop
      vertex 14.2336 2 2.16061
      vertex 12.5706 2 2.84944
      vertex 12.4722 2 2.65001
    endloop
  endfacet
  facet normal 0 -1 0
    outer loop
      vertex 12.6421 2 3.06001
      vertex 14.3807 2 2.59413
      vertex 14.4701 2 3.04316
    endloop
  endfacet
  facet normal 0 -1 0
    outer loop
      vertex 14.0311 2 1.75
      vertex 12.4722 2 2.65001
      vertex 12.3487 2 2.46512
    endloop
  endfacet
  facet normal 0 -1 0
    outer loop
      vertex 13.7767 2 1.36933
      vertex 12.3487 2 2.46512
      vertex 12.2021 2 2.29793
    endloop
  endfacet
  facet normal 0 -1 0
    outer loop
      vertex 12.5706 2 2.84944
      vertex 14.2336 2 2.16061
      vertex 14.3807 2 2.59413
    endloop
  endfacet
  facet normal 0 -1 0
    outer loop
      vertex 13.4749 2 1.02513
      vertex 12.2021 2 2.29793
      vertex 12.0349 2 2.15131
    endloop
  endfacet
  facet normal 0 -1 0
    outer loop
      vertex 13.1307 2 0.723263
      vertex 12.0349 2 2.15131
      vertex 11.85 2 2.02777
    endloop
  endfacet
  facet normal 0 -1 0
    outer loop
      vertex 12.75 2 0.46891
      vertex 11.85 2 2.02777
      vertex 11.6506 2 1.92941
    endloop
  endfacet
  facet normal 0 -1 0
    outer loop
      vertex 12.3394 2 0.266421
      vertex 11.6506 2 1.92941
      vertex 11.44 2 1.85794
    endloop
  endfacet
  facet normal 0 -1 0
    outer loop
      vertex 11 2 1.6
      vertex 11.44 2 1.85794
      vertex 11.2219 2 1.81454
    endloop
  endfacet
  facet normal 0 -1 0
    outer loop
      vertex 12.4722 2 2.65001
      vertex 14.0311 2 1.75
      vertex 14.2336 2 2.16061
    endloop
  endfacet
  facet normal 0 -1 0
    outer loop
      vertex 11 2 1.6
      vertex 11.2219 2 1.81454
      vertex 11 2 1.8
    endloop
  endfacet
  facet normal 0 -1 0
    outer loop
      vertex 10.56 2 1.85794
      vertex 11 2 1.6
      vertex 10.7781 2 1.81454
    endloop
  endfacet
  facet normal 0 -1 0
    outer loop
      vertex 10.7781 2 1.81454
      vertex 11 2 1.6
      vertex 11 2 1.8
    endloop
  endfacet
  facet normal 0 -1 -0
    outer loop
      vertex 11.44 2 1.85794
      vertex 11 2 1.6
      vertex 11.9059 2 0.119259
    endloop
  endfacet
  facet normal 0 -1 0
    outer loop
      vertex 12.3487 2 2.46512
      vertex 13.7767 2 1.36933
      vertex 14.0311 2 1.75
    endloop
  endfacet
  facet normal 0 -1 0
    outer loop
      vertex 12.2021 2 2.29793
      vertex 13.4749 2 1.02513
      vertex 13.7767 2 1.36933
    endloop
  endfacet
  facet normal 0 -1 0
    outer loop
      vertex 12.0349 2 2.15131
      vertex 13.1307 2 0.723263
      vertex 13.4749 2 1.02513
    endloop
  endfacet
  facet normal 0 -1 0
    outer loop
      vertex 11.85 2 2.02777
      vertex 12.75 2 0.46891
      vertex 13.1307 2 0.723263
    endloop
  endfacet
  facet normal 0 -1 0
    outer loop
      vertex 11.6506 2 1.92941
      vertex 12.3394 2 0.266421
      vertex 12.75 2 0.46891
    endloop
  endfacet
  facet normal 0 -1 0
    outer loop
      vertex 11.44 2 1.85794
      vertex 11.9059 2 0.119259
      vertex 12.3394 2 0.266421
    endloop
  endfacet
  facet normal 0 -1 0
    outer loop
      vertex 11 2 1.6
      vertex 11.4568 2 0.0299425
      vertex 11.9059 2 0.119259
    endloop
  endfacet
  facet normal -0 -1 0
    outer loop
      vertex 11.4568 2 0.0299425
      vertex 11 2 1.6
      vertex 11 2 0
    endloop
  endfacet
  facet normal -0.896873 0 -0.442288
    outer loop
      vertex 7.96891 2 1.75
      vertex 7.76642 6 2.16061
      vertex 7.96891 6 1.75
    endloop
  endfacet
  facet normal -0.896873 -0 -0.442288
    outer loop
      vertex 7.76642 6 2.16061
      vertex 7.96891 2 1.75
      vertex 7.76642 2 2.16061
    endloop
  endfacet
  facet normal -0.997859 0 -0.0653969
    outer loop
      vertex 7.52994 2 3.04316
      vertex 7.5 6 3.5
      vertex 7.52994 6 3.04316
    endloop
  endfacet
  facet normal -0.997859 -0 -0.0653969
    outer loop
      vertex 7.5 6 3.5
      vertex 7.52994 2 3.04316
      vertex 7.5 2 3.5
    endloop
  endfacet
  facet normal 0 1 0
    outer loop
      vertex 11 6 5.90413
      vertex 11 6 7
      vertex 11.4568 6 6.97006
    endloop
  endfacet
  facet normal 0 1 0
    outer loop
      vertex 11 6 5.90413
      vertex 11.4568 6 6.97006
      vertex 11.9059 6 6.88074
    endloop
  endfacet
  facet normal 0 1 0
    outer loop
      vertex 11 6 7
      vertex 11 6 5.90413
      vertex 10.5432 6 6.97006
    endloop
  endfacet
  facet normal 0 1 0
    outer loop
      vertex 11 6 5.90413
      vertex 11.9059 6 6.88074
      vertex 12.3394 6 6.73358
    endloop
  endfacet
  facet normal 0 1 0
    outer loop
      vertex 10.5432 6 6.97006
      vertex 11 6 5.90413
      vertex 10.0941 6 6.88074
    endloop
  endfacet
  facet normal 0 1 0
    outer loop
      vertex 12.2021 6 4.70207
      vertex 12.3394 6 6.73358
      vertex 12.75 6 6.53109
    endloop
  endfacet
  facet normal 0 1 0
    outer loop
      vertex 10.0941 6 6.88074
      vertex 11 6 5.90413
      vertex 9.66061 6 6.73358
    endloop
  endfacet
  facet normal 0 1 0
    outer loop
      vertex 12.2021 6 4.70207
      vertex 12.75 6 6.53109
      vertex 13.1307 6 6.27674
    endloop
  endfacet
  facet normal 0 1 -0
    outer loop
      vertex 9.79793 6 4.70207
      vertex 9.66061 6 6.73358
      vertex 11 6 5.90413
    endloop
  endfacet
  facet normal 0 1 0
    outer loop
      vertex 12.2021 6 4.70207
      vertex 13.1307 6 6.27674
      vertex 13.4749 6 5.97487
    endloop
  endfacet
  facet normal 0 1 0
    outer loop
      vertex 9.66061 6 6.73358
      vertex 9.79793 6 4.70207
      vertex 9.25 6 6.53109
    endloop
  endfacet
  facet normal 0 1 0
    outer loop
      vertex 9.25 6 6.53109
      vertex 9.79793 6 4.70207
      vertex 8.86933 6 6.27674
    endloop
  endfacet
  facet normal 0 1 0
    outer loop
      vertex 12.2021 6 4.70207
      vertex 13.4749 6 5.97487
      vertex 13.7767 6 5.63066
    endloop
  endfacet
  facet normal 0 1 0
    outer loop
      vertex 12.3487 6 4.53488
      vertex 13.7767 6 5.63066
      vertex 14.0311 6 5.25
    endloop
  endfacet
  facet normal 0 1 0
    outer loop
      vertex 12.4722 6 4.34999
      vertex 14.0311 6 5.25
      vertex 14.2336 6 4.83939
    endloop
  endfacet
  facet normal 0 1 0
    outer loop
      vertex 12.3394 6 6.73358
      vertex 12.2021 6 4.70207
      vertex 11 6 5.90413
    endloop
  endfacet
  facet normal 0 1 0
    outer loop
      vertex 13.7767 6 5.63066
      vertex 12.3487 6 4.53488
      vertex 12.2021 6 4.70207
    endloop
  endfacet
  facet normal 0 1 0
    outer loop
      vertex 12.5706 6 4.15056
      vertex 14.2336 6 4.83939
      vertex 14.3807 6 4.40587
    endloop
  endfacet
  facet normal 0 1 0
    outer loop
      vertex 14.0311 6 5.25
      vertex 12.4722 6 4.34999
      vertex 12.3487 6 4.53488
    endloop
  endfacet
  facet normal 0 1 0
    outer loop
      vertex 14.2336 6 4.83939
      vertex 12.5706 6 4.15056
      vertex 12.4722 6 4.34999
    endloop
  endfacet
  facet normal 0 1 0
    outer loop
      vertex 12.6421 6 3.93999
      vertex 14.3807 6 4.40587
      vertex 14.4701 6 3.95684
    endloop
  endfacet
  facet normal 0 1 0
    outer loop
      vertex 14.3807 6 4.40587
      vertex 12.6421 6 3.93999
      vertex 12.5706 6 4.15056
    endloop
  endfacet
  facet normal 0 1 0
    outer loop
      vertex 14.4701 6 3.95684
      vertex 12.6855 6 3.72189
      vertex 12.6421 6 3.93999
    endloop
  endfacet
  facet normal 0 1 0
    outer loop
      vertex 14.5 6 3.5
      vertex 12.6855 6 3.72189
      vertex 14.4701 6 3.95684
    endloop
  endfacet
  facet normal 0 1 0
    outer loop
      vertex 14.5 6 3.5
      vertex 12.7 6 3.5
      vertex 12.6855 6 3.72189
    endloop
  endfacet
  facet normal 0 1 0
    outer loop
      vertex 14.5 6 3.5
      vertex 12.6855 6 3.27811
      vertex 12.7 6 3.5
    endloop
  endfacet
  facet normal 0 1 -0
    outer loop
      vertex 14.4701 6 3.04316
      vertex 12.6855 6 3.27811
      vertex 14.5 6 3.5
    endloop
  endfacet
  facet normal 0 1 0
    outer loop
      vertex 12.6855 6 3.27811
      vertex 14.4701 6 3.04316
      vertex 12.6421 6 3.06001
    endloop
  endfacet
  facet normal 0 1 -0
    outer loop
      vertex 14.3807 6 2.59413
      vertex 12.6421 6 3.06001
      vertex 14.4701 6 3.04316
    endloop
  endfacet
  facet normal 0 1 0
    outer loop
      vertex 12.6421 6 3.06001
      vertex 14.3807 6 2.59413
      vertex 12.5706 6 2.84944
    endloop
  endfacet
  facet normal 0 1 -0
    outer loop
      vertex 14.2336 6 2.16061
      vertex 12.5706 6 2.84944
      vertex 14.3807 6 2.59413
    endloop
  endfacet
  facet normal 0 1 0
    outer loop
      vertex 12.5706 6 2.84944
      vertex 14.2336 6 2.16061
      vertex 12.4722 6 2.65001
    endloop
  endfacet
  facet normal 0 1 -0
    outer loop
      vertex 14.0311 6 1.75
      vertex 12.4722 6 2.65001
      vertex 14.2336 6 2.16061
    endloop
  endfacet
  facet normal 0 1 0
    outer loop
      vertex 12.4722 6 2.65001
      vertex 14.0311 6 1.75
      vertex 12.3487 6 2.46512
    endloop
  endfacet
  facet normal 0 1 -0
    outer loop
      vertex 13.7767 6 1.36933
      vertex 12.3487 6 2.46512
      vertex 14.0311 6 1.75
    endloop
  endfacet
  facet normal 0 1 0
    outer loop
      vertex 12.3487 6 2.46512
      vertex 13.7767 6 1.36933
      vertex 12.2021 6 2.29793
    endloop
  endfacet
  facet normal 0 1 -0
    outer loop
      vertex 13.4749 6 1.02513
      vertex 12.2021 6 2.29793
      vertex 13.7767 6 1.36933
    endloop
  endfacet
  facet normal 0 1 0
    outer loop
      vertex 12.2021 6 2.29793
      vertex 13.4749 6 1.02513
      vertex 12.0349 6 2.15131
    endloop
  endfacet
  facet normal 0 1 -0
    outer loop
      vertex 13.1307 6 0.723263
      vertex 12.0349 6 2.15131
      vertex 13.4749 6 1.02513
    endloop
  endfacet
  facet normal 0 1 -0
    outer loop
      vertex 12.75 6 0.46891
      vertex 11.85 6 2.02777
      vertex 13.1307 6 0.723263
    endloop
  endfacet
  facet normal 0 1 0
    outer loop
      vertex 12.0349 6 2.15131
      vertex 13.1307 6 0.723263
      vertex 11.85 6 2.02777
    endloop
  endfacet
  facet normal 0 1 0
    outer loop
      vertex 8.86933 6 6.27674
      vertex 9.79793 6 4.70207
      vertex 8.52513 6 5.97487
    endloop
  endfacet
  facet normal 0 1 0
    outer loop
      vertex 8.52513 6 5.97487
      vertex 9.79793 6 4.70207
      vertex 8.22326 6 5.63066
    endloop
  endfacet
  facet normal 0 1 -0
    outer loop
      vertex 9.65131 6 4.53488
      vertex 8.22326 6 5.63066
      vertex 9.79793 6 4.70207
    endloop
  endfacet
  facet normal 0 1 0
    outer loop
      vertex 8.22326 6 5.63066
      vertex 9.65131 6 4.53488
      vertex 7.96891 6 5.25
    endloop
  endfacet
  facet normal 0 1 -0
    outer loop
      vertex 9.52777 6 4.34999
      vertex 7.96891 6 5.25
      vertex 9.65131 6 4.53488
    endloop
  endfacet
  facet normal 0 1 0
    outer loop
      vertex 7.96891 6 5.25
      vertex 9.52777 6 4.34999
      vertex 7.76642 6 4.83939
    endloop
  endfacet
  facet normal 0 1 -0
    outer loop
      vertex 9.42941 6 4.15056
      vertex 7.76642 6 4.83939
      vertex 9.52777 6 4.34999
    endloop
  endfacet
  facet normal 0 1 0
    outer loop
      vertex 7.76642 6 4.83939
      vertex 9.42941 6 4.15056
      vertex 7.61926 6 4.40587
    endloop
  endfacet
  facet normal 0 1 -0
    outer loop
      vertex 9.35794 6 3.93999
      vertex 7.61926 6 4.40587
      vertex 9.42941 6 4.15056
    endloop
  endfacet
  facet normal 0 1 0
    outer loop
      vertex 7.61926 6 4.40587
      vertex 9.35794 6 3.93999
      vertex 7.52994 6 3.95684
    endloop
  endfacet
  facet normal 0 1 -0
    outer loop
      vertex 9.31454 6 3.72189
      vertex 7.52994 6 3.95684
      vertex 9.35794 6 3.93999
    endloop
  endfacet
  facet normal 0 1 -0
    outer loop
      vertex 9.3 6 3.5
      vertex 7.52994 6 3.95684
      vertex 9.31454 6 3.72189
    endloop
  endfacet
  facet normal 0 1 0
    outer loop
      vertex 9.3 6 3.5
      vertex 7.5 6 3.5
      vertex 7.52994 6 3.95684
    endloop
  endfacet
  facet normal 0 1 0
    outer loop
      vertex 9.31454 6 3.27811
      vertex 7.5 6 3.5
      vertex 9.3 6 3.5
    endloop
  endfacet
  facet normal 0 1 0
    outer loop
      vertex 7.52994 6 3.04316
      vertex 9.31454 6 3.27811
      vertex 9.35794 6 3.06001
    endloop
  endfacet
  facet normal 0 1 0
    outer loop
      vertex 9.31454 6 3.27811
      vertex 7.52994 6 3.04316
      vertex 7.5 6 3.5
    endloop
  endfacet
  facet normal 0 1 0
    outer loop
      vertex 7.61926 6 2.59413
      vertex 9.35794 6 3.06001
      vertex 9.42941 6 2.84944
    endloop
  endfacet
  facet normal 0 1 0
    outer loop
      vertex 7.76642 6 2.16061
      vertex 9.42941 6 2.84944
      vertex 9.52777 6 2.65001
    endloop
  endfacet
  facet normal 0 1 0
    outer loop
      vertex 9.35794 6 3.06001
      vertex 7.61926 6 2.59413
      vertex 7.52994 6 3.04316
    endloop
  endfacet
  facet normal 0 1 0
    outer loop
      vertex 7.96891 6 1.75
      vertex 9.52777 6 2.65001
      vertex 9.65131 6 2.46512
    endloop
  endfacet
  facet normal 0 1 0
    outer loop
      vertex 8.22326 6 1.36933
      vertex 9.65131 6 2.46512
      vertex 9.79793 6 2.29793
    endloop
  endfacet
  facet normal 0 1 0
    outer loop
      vertex 9.42941 6 2.84944
      vertex 7.76642 6 2.16061
      vertex 7.61926 6 2.59413
    endloop
  endfacet
  facet normal 0 1 0
    outer loop
      vertex 8.52513 6 1.02513
      vertex 9.79793 6 2.29793
      vertex 9.96512 6 2.15131
    endloop
  endfacet
  facet normal 0 1 0
    outer loop
      vertex 8.86933 6 0.723263
      vertex 9.96512 6 2.15131
      vertex 10.15 6 2.02777
    endloop
  endfacet
  facet normal 0 1 0
    outer loop
      vertex 9.25 6 0.46891
      vertex 10.15 6 2.02777
      vertex 10.3494 6 1.92941
    endloop
  endfacet
  facet normal 0 1 0
    outer loop
      vertex 9.66061 6 0.266421
      vertex 10.3494 6 1.92941
      vertex 10.56 6 1.85794
    endloop
  endfacet
  facet normal 0 1 0
    outer loop
      vertex 10.0941 6 0.119259
      vertex 10.56 6 1.85794
      vertex 10.7781 6 1.81454
    endloop
  endfacet
  facet normal 0 1 0
    outer loop
      vertex 9.52777 6 2.65001
      vertex 7.96891 6 1.75
      vertex 7.76642 6 2.16061
    endloop
  endfacet
  facet normal 0 1 0
    outer loop
      vertex 10.5432 6 0.0299425
      vertex 10.7781 6 1.81454
      vertex 11 6 1.8
    endloop
  endfacet
  facet normal 0 1 0
    outer loop
      vertex 11.85 6 2.02777
      vertex 12.75 6 0.46891
      vertex 11.6506 6 1.92941
    endloop
  endfacet
  facet normal 0 1 -0
    outer loop
      vertex 12.3394 6 0.266421
      vertex 11.6506 6 1.92941
      vertex 12.75 6 0.46891
    endloop
  endfacet
  facet normal 0 1 0
    outer loop
      vertex 9.65131 6 2.46512
      vertex 8.22326 6 1.36933
      vertex 7.96891 6 1.75
    endloop
  endfacet
  facet normal 0 1 0
    outer loop
      vertex 11.6506 6 1.92941
      vertex 12.3394 6 0.266421
      vertex 11.44 6 1.85794
    endloop
  endfacet
  facet normal 0 1 0
    outer loop
      vertex 9.79793 6 2.29793
      vertex 8.52513 6 1.02513
      vertex 8.22326 6 1.36933
    endloop
  endfacet
  facet normal 0 1 -0
    outer loop
      vertex 11.9059 6 0.119259
      vertex 11.44 6 1.85794
      vertex 12.3394 6 0.266421
    endloop
  endfacet
  facet normal 0 1 0
    outer loop
      vertex 9.96512 6 2.15131
      vertex 8.86933 6 0.723263
      vertex 8.52513 6 1.02513
    endloop
  endfacet
  facet normal 0 1 0
    outer loop
      vertex 11.44 6 1.85794
      vertex 11.9059 6 0.119259
      vertex 11.2219 6 1.81454
    endloop
  endfacet
  facet normal 0 1 0
    outer loop
      vertex 10.15 6 2.02777
      vertex 9.25 6 0.46891
      vertex 8.86933 6 0.723263
    endloop
  endfacet
  facet normal 0 1 -0
    outer loop
      vertex 11.4568 6 0.0299425
      vertex 11.2219 6 1.81454
      vertex 11.9059 6 0.119259
    endloop
  endfacet
  facet normal 0 1 0
    outer loop
      vertex 10.3494 6 1.92941
      vertex 9.66061 6 0.266421
      vertex 9.25 6 0.46891
    endloop
  endfacet
  facet normal 0 1 0
    outer loop
      vertex 11.2219 6 1.81454
      vertex 11.4568 6 0.0299425
      vertex 11 6 1.8
    endloop
  endfacet
  facet normal 0 1 0
    outer loop
      vertex 10.56 6 1.85794
      vertex 10.0941 6 0.119259
      vertex 9.66061 6 0.266421
    endloop
  endfacet
  facet normal 0 1 0
    outer loop
      vertex 11 6 0
      vertex 11 6 1.8
      vertex 11.4568 6 0.0299425
    endloop
  endfacet
  facet normal 0 1 0
    outer loop
      vertex 10.7781 6 1.81454
      vertex 10.5432 6 0.0299425
      vertex 10.0941 6 0.119259
    endloop
  endfacet
  facet normal 0 1 0
    outer loop
      vertex 11 6 1.8
      vertex 11 6 0
      vertex 10.5432 6 0.0299425
    endloop
  endfacet
  facet normal -0.555566 0 -0.831472
    outer loop
      vertex 8.86933 4.5 0.723263
      vertex 9.25 6 0.46891
      vertex 9.25 4.5 0.46891
    endloop
  endfacet
  facet normal -0.555566 0 -0.831472
    outer loop
      vertex 9.25 6 0.46891
      vertex 8.86933 4.5 0.723263
      vertex 8.86933 6 0.723263
    endloop
  endfacet
  facet normal -0.65936 0 -0.751827
    outer loop
      vertex 8.52513 4.5 1.02513
      vertex 8.86933 6 0.723263
      vertex 8.86933 4.5 0.723263
    endloop
  endfacet
  facet normal -0.65936 0 -0.751827
    outer loop
      vertex 8.86933 6 0.723263
      vertex 8.52513 4.5 1.02513
      vertex 8.52513 6 1.02513
    endloop
  endfacet
  facet normal -0.321463 0 -0.946922
    outer loop
      vertex 9.66061 4.5 0.266421
      vertex 10.0941 6 0.119259
      vertex 10.0941 4.5 0.119259
    endloop
  endfacet
  facet normal -0.321463 0 -0.946922
    outer loop
      vertex 10.0941 6 0.119259
      vertex 9.66061 4.5 0.266421
      vertex 9.66061 6 0.266421
    endloop
  endfacet
  facet normal 0.997865 -0 0.0653099
    outer loop
      vertex 14.4701 2 3.95684
      vertex 14.5 6 3.5
      vertex 14.4701 6 3.95684
    endloop
  endfacet
  facet normal 0.997865 0 0.0653099
    outer loop
      vertex 14.5 6 3.5
      vertex 14.4701 2 3.95684
      vertex 14.5 2 3.5
    endloop
  endfacet
  facet normal 0.555532 0 0.831495
    outer loop
      vertex 12.75 6 6.53109
      vertex 13.1307 2 6.27674
      vertex 13.1307 6 6.27674
    endloop
  endfacet
  facet normal 0.555532 0 0.831495
    outer loop
      vertex 13.1307 2 6.27674
      vertex 12.75 6 6.53109
      vertex 12.75 2 6.53109
    endloop
  endfacet
  facet normal 0.751909 -0 0.659267
    outer loop
      vertex 13.4749 2 5.97487
      vertex 13.7767 6 5.63066
      vertex 13.4749 6 5.97487
    endloop
  endfacet
  facet normal 0.751909 0 0.659267
    outer loop
      vertex 13.7767 6 5.63066
      vertex 13.4749 2 5.97487
      vertex 13.7767 2 5.63066
    endloop
  endfacet
  facet normal 0.896864 -0 0.442305
    outer loop
      vertex 14.0311 2 5.25
      vertex 14.2336 6 4.83939
      vertex 14.0311 6 5.25
    endloop
  endfacet
  facet normal 0.896864 0 0.442305
    outer loop
      vertex 14.2336 6 4.83939
      vertex 14.0311 2 5.25
      vertex 14.2336 2 4.83939
    endloop
  endfacet
  facet normal 0.980751 -0 0.195263
    outer loop
      vertex 14.3807 2 4.40587
      vertex 14.4701 6 3.95684
      vertex 14.3807 6 4.40587
    endloop
  endfacet
  facet normal 0.980751 0 0.195263
    outer loop
      vertex 14.4701 6 3.95684
      vertex 14.3807 2 4.40587
      vertex 14.4701 2 3.95684
    endloop
  endfacet
  facet normal 0.831418 -0 0.555647
    outer loop
      vertex 13.7767 2 5.63066
      vertex 14.0311 6 5.25
      vertex 13.7767 6 5.63066
    endloop
  endfacet
  facet normal 0.831418 0 0.555647
    outer loop
      vertex 14.0311 6 5.25
      vertex 13.7767 2 5.63066
      vertex 14.0311 2 5.25
    endloop
  endfacet
  facet normal -0.659364 0 0.751824
    outer loop
      vertex 8.52513 6 5.97487
      vertex 8.86933 2 6.27674
      vertex 8.86933 6 6.27674
    endloop
  endfacet
  facet normal -0.659364 0 0.751824
    outer loop
      vertex 8.86933 2 6.27674
      vertex 8.52513 6 5.97487
      vertex 8.52513 2 5.97487
    endloop
  endfacet
  facet normal -0.94693 0 0.321439
    outer loop
      vertex 7.61926 2 4.40587
      vertex 7.76642 6 4.83939
      vertex 7.61926 6 4.40587
    endloop
  endfacet
  facet normal -0.94693 0 0.321439
    outer loop
      vertex 7.76642 6 4.83939
      vertex 7.61926 2 4.40587
      vertex 7.76642 2 4.83939
    endloop
  endfacet
  facet normal -0.980784 0 0.195095
    outer loop
      vertex 7.52994 2 3.95684
      vertex 7.61926 6 4.40587
      vertex 7.52994 6 3.95684
    endloop
  endfacet
  facet normal -0.980784 0 0.195095
    outer loop
      vertex 7.61926 6 4.40587
      vertex 7.52994 2 3.95684
      vertex 7.61926 2 4.40587
    endloop
  endfacet
  facet normal -0.896873 0 0.442288
    outer loop
      vertex 7.76642 2 4.83939
      vertex 7.96891 6 5.25
      vertex 7.76642 6 4.83939
    endloop
  endfacet
  facet normal -0.896873 0 0.442288
    outer loop
      vertex 7.96891 6 5.25
      vertex 7.76642 2 4.83939
      vertex 7.96891 2 5.25
    endloop
  endfacet
  facet normal 0.321452 0 0.946926
    outer loop
      vertex 11.9059 6 6.88074
      vertex 12.3394 2 6.73358
      vertex 12.3394 6 6.73358
    endloop
  endfacet
  facet normal 0.321452 0 0.946926
    outer loop
      vertex 12.3394 2 6.73358
      vertex 11.9059 6 6.88074
      vertex 11.9059 2 6.88074
    endloop
  endfacet
  facet normal 0.659364 0 0.751824
    outer loop
      vertex 13.1307 6 6.27674
      vertex 13.4749 2 5.97487
      vertex 13.4749 6 5.97487
    endloop
  endfacet
  facet normal 0.659364 0 0.751824
    outer loop
      vertex 13.4749 2 5.97487
      vertex 13.1307 6 6.27674
      vertex 13.1307 2 6.27674
    endloop
  endfacet
  facet normal -0.195066 0 0.98079
    outer loop
      vertex 10.0941 6 6.88074
      vertex 10.5432 2 6.97006
      vertex 10.5432 6 6.97006
    endloop
  endfacet
  facet normal -0.195066 0 0.98079
    outer loop
      vertex 10.5432 2 6.97006
      vertex 10.0941 6 6.88074
      vertex 10.0941 2 6.88074
    endloop
  endfacet
  facet normal -0.751833 0 0.659353
    outer loop
      vertex 8.22326 2 5.63066
      vertex 8.52513 6 5.97487
      vertex 8.22326 6 5.63066
    endloop
  endfacet
  facet normal -0.751833 0 0.659353
    outer loop
      vertex 8.52513 6 5.97487
      vertex 8.22326 2 5.63066
      vertex 8.52513 2 5.97487
    endloop
  endfacet
  facet normal -0.555562 0 0.831475
    outer loop
      vertex 8.86933 6 6.27674
      vertex 9.25 2 6.53109
      vertex 9.25 6 6.53109
    endloop
  endfacet
  facet normal -0.555562 0 0.831475
    outer loop
      vertex 9.25 2 6.53109
      vertex 8.86933 6 6.27674
      vertex 8.86933 2 6.27674
    endloop
  endfacet
  facet normal -0.442288 0 0.896873
    outer loop
      vertex 9.25 6 6.53109
      vertex 9.66061 2 6.73358
      vertex 9.66061 6 6.73358
    endloop
  endfacet
  facet normal -0.442288 0 0.896873
    outer loop
      vertex 9.66061 2 6.73358
      vertex 9.25 6 6.53109
      vertex 9.25 2 6.53109
    endloop
  endfacet
  facet normal -0.0654026 0 0.997859
    outer loop
      vertex 10.5432 6 6.97006
      vertex 11 2 7
      vertex 11 6 7
    endloop
  endfacet
  facet normal -0.0654026 0 0.997859
    outer loop
      vertex 11 2 7
      vertex 10.5432 6 6.97006
      vertex 10.5432 2 6.97006
    endloop
  endfacet
  facet normal -0.321459 0 0.946923
    outer loop
      vertex 9.66061 6 6.73358
      vertex 10.0941 2 6.88074
      vertex 10.0941 6 6.88074
    endloop
  endfacet
  facet normal -0.321459 0 0.946923
    outer loop
      vertex 10.0941 2 6.88074
      vertex 9.66061 6 6.73358
      vertex 9.66061 2 6.73358
    endloop
  endfacet
  facet normal -1 0 0
    outer loop
      vertex 0 -4.5 0
      vertex 0 -1.55 1.6
      vertex 0 -1.55 0
    endloop
  endfacet
  facet normal -1 -0 0
    outer loop
      vertex 0 -1.55 1.6
      vertex 0 -4.5 0
      vertex 0 -4.5 1.6
    endloop
  endfacet
  facet normal -1 0 0
    outer loop
      vertex 0 1.55 0
      vertex 0 4.5 1.6
      vertex 0 4.5 0
    endloop
  endfacet
  facet normal -1 -0 0
    outer loop
      vertex 0 4.5 1.6
      vertex 0 1.55 0
      vertex 0 1.55 1.6
    endloop
  endfacet
  facet normal 0 0 1
    outer loop
      vertex 5.175 1.34234 1.6
      vertex 8.06914 2 1.6
      vertex 8.06914 4.5 1.6
    endloop
  endfacet
  facet normal 0 -0 1
    outer loop
      vertex 5.93674 0.202315 1.6
      vertex 8.06914 2 1.6
      vertex 5.89718 0.401169 1.6
    endloop
  endfacet
  facet normal -0 0 1
    outer loop
      vertex 5.93674 -0.202315 1.6
      vertex 8.06914 -2 1.6
      vertex 5.95 0 1.6
    endloop
  endfacet
  facet normal 0 0 1
    outer loop
      vertex 8.06914 2 1.6
      vertex 5.95 0 1.6
      vertex 8.06914 -2 1.6
    endloop
  endfacet
  facet normal 0 -0 1
    outer loop
      vertex 5.95 0 1.6
      vertex 8.06914 2 1.6
      vertex 5.93674 0.202315 1.6
    endloop
  endfacet
  facet normal 0 0 1
    outer loop
      vertex 8.06914 2 1.6
      vertex 5.83201 0.593159 1.6
      vertex 5.89718 0.401169 1.6
    endloop
  endfacet
  facet normal 0 0 1
    outer loop
      vertex 8.06914 2 1.6
      vertex 5.74234 0.775 1.6
      vertex 5.83201 0.593159 1.6
    endloop
  endfacet
  facet normal 0 0 1
    outer loop
      vertex 8.06914 2 1.6
      vertex 5.6297 0.94358 1.6
      vertex 5.74234 0.775 1.6
    endloop
  endfacet
  facet normal 0 0 1
    outer loop
      vertex 8.06914 2 1.6
      vertex 5.49601 1.09601 1.6
      vertex 5.6297 0.94358 1.6
    endloop
  endfacet
  facet normal 0 0 1
    outer loop
      vertex 8.06914 2 1.6
      vertex 5.34358 1.2297 1.6
      vertex 5.49601 1.09601 1.6
    endloop
  endfacet
  facet normal 0 0 1
    outer loop
      vertex 8.06914 2 1.6
      vertex 5.175 1.34234 1.6
      vertex 5.34358 1.2297 1.6
    endloop
  endfacet
  facet normal 0 0 1
    outer loop
      vertex 8.06914 4.5 1.6
      vertex 4.99316 1.43201 1.6
      vertex 5.175 1.34234 1.6
    endloop
  endfacet
  facet normal 0 0 1
    outer loop
      vertex 8.06914 4.5 1.6
      vertex 4.80117 1.49718 1.6
      vertex 4.99316 1.43201 1.6
    endloop
  endfacet
  facet normal 0 0 1
    outer loop
      vertex 8.06914 4.5 1.6
      vertex 4.60231 1.53674 1.6
      vertex 4.80117 1.49718 1.6
    endloop
  endfacet
  facet normal 0 0 1
    outer loop
      vertex 8.06914 4.5 1.6
      vertex 4.4 1.55 1.6
      vertex 4.60231 1.53674 1.6
    endloop
  endfacet
  facet normal -0 0 1
    outer loop
      vertex 0 4.5 1.6
      vertex 4.4 1.55 1.6
      vertex 8.06914 4.5 1.6
    endloop
  endfacet
  facet normal 0 0 1
    outer loop
      vertex 4.4 1.55 1.6
      vertex 0 4.5 1.6
      vertex 0 1.55 1.6
    endloop
  endfacet
  facet normal -0 0 1
    outer loop
      vertex 8.06914 2 1.6
      vertex 11 -2 1.6
      vertex 11 2 1.6
    endloop
  endfacet
  facet normal 0 0 1
    outer loop
      vertex 11 -2 1.6
      vertex 8.06914 2 1.6
      vertex 8.06914 -2 1.6
    endloop
  endfacet
  facet normal -0 0 1
    outer loop
      vertex 5.89718 -0.401169 1.6
      vertex 8.06914 -2 1.6
      vertex 5.93674 -0.202315 1.6
    endloop
  endfacet
  facet normal -0 0 1
    outer loop
      vertex 5.83201 -0.593159 1.6
      vertex 8.06914 -2 1.6
      vertex 5.89718 -0.401169 1.6
    endloop
  endfacet
  facet normal -0 0 1
    outer loop
      vertex 5.74234 -0.775 1.6
      vertex 8.06914 -2 1.6
      vertex 5.83201 -0.593159 1.6
    endloop
  endfacet
  facet normal -0 0 1
    outer loop
      vertex 5.6297 -0.94358 1.6
      vertex 8.06914 -2 1.6
      vertex 5.74234 -0.775 1.6
    endloop
  endfacet
  facet normal -0 0 1
    outer loop
      vertex 5.49601 -1.09601 1.6
      vertex 8.06914 -2 1.6
      vertex 5.6297 -0.94358 1.6
    endloop
  endfacet
  facet normal -0 0 1
    outer loop
      vertex 5.34358 -1.2297 1.6
      vertex 8.06914 -2 1.6
      vertex 5.49601 -1.09601 1.6
    endloop
  endfacet
  facet normal -0 0 1
    outer loop
      vertex 5.175 -1.34234 1.6
      vertex 8.06914 -2 1.6
      vertex 5.34358 -1.2297 1.6
    endloop
  endfacet
  facet normal 0 0 1
    outer loop
      vertex 8.06914 -2 1.6
      vertex 5.175 -1.34234 1.6
      vertex 8.06914 -4.5 1.6
    endloop
  endfacet
  facet normal -0 0 1
    outer loop
      vertex 4.99316 -1.43201 1.6
      vertex 8.06914 -4.5 1.6
      vertex 5.175 -1.34234 1.6
    endloop
  endfacet
  facet normal -0 0 1
    outer loop
      vertex 4.80117 -1.49718 1.6
      vertex 8.06914 -4.5 1.6
      vertex 4.99316 -1.43201 1.6
    endloop
  endfacet
  facet normal -0 0 1
    outer loop
      vertex 4.60231 -1.53674 1.6
      vertex 8.06914 -4.5 1.6
      vertex 4.80117 -1.49718 1.6
    endloop
  endfacet
  facet normal -0 0 1
    outer loop
      vertex 4.4 -1.55 1.6
      vertex 8.06914 -4.5 1.6
      vertex 4.60231 -1.53674 1.6
    endloop
  endfacet
  facet normal 0 0 1
    outer loop
      vertex 0 -4.5 1.6
      vertex 4.4 -1.55 1.6
      vertex 0 -1.55 1.6
    endloop
  endfacet
  facet normal 0 0 1
    outer loop
      vertex 4.4 -1.55 1.6
      vertex 0 -4.5 1.6
      vertex 8.06914 -4.5 1.6
    endloop
  endfacet
  facet normal 1 -0 0
    outer loop
      vertex 11 -2 1.6
      vertex 11 2 0
      vertex 11 2 1.6
    endloop
  endfacet
  facet normal 1 0 0
    outer loop
      vertex 11 2 0
      vertex 11 -2 1.6
      vertex 11 -2 0
    endloop
  endfacet
  facet normal 0 1 0
    outer loop
      vertex 0 4.5 0
      vertex 8.06914 4.5 1.6
      vertex 8.22326 4.5 1.36933
    endloop
  endfacet
  facet normal 0 1 0
    outer loop
      vertex 0 4.5 0
      vertex 8.22326 4.5 1.36933
      vertex 8.52513 4.5 1.02513
    endloop
  endfacet
  facet normal 0 1 0
    outer loop
      vertex 0 4.5 0
      vertex 8.52513 4.5 1.02513
      vertex 8.86933 4.5 0.723263
    endloop
  endfacet
  facet normal 0 1 0
    outer loop
      vertex 0 4.5 0
      vertex 8.86933 4.5 0.723263
      vertex 9.25 4.5 0.46891
    endloop
  endfacet
  facet normal 0 1 0
    outer loop
      vertex 0 4.5 0
      vertex 9.25 4.5 0.46891
      vertex 9.66061 4.5 0.266421
    endloop
  endfacet
  facet normal 0 1 0
    outer loop
      vertex 0 4.5 0
      vertex 9.66061 4.5 0.266421
      vertex 10.0941 4.5 0.119259
    endloop
  endfacet
  facet normal 0 1 0
    outer loop
      vertex 0 4.5 0
      vertex 10.0941 4.5 0.119259
      vertex 10.5432 4.5 0.0299425
    endloop
  endfacet
  facet normal 0 1 0
    outer loop
      vertex 8.06914 4.5 1.6
      vertex 0 4.5 0
      vertex 0 4.5 1.6
    endloop
  endfacet
  facet normal 0 1 0
    outer loop
      vertex 0 4.5 0
      vertex 10.5432 4.5 0.0299425
      vertex 11 4.5 0
    endloop
  endfacet
  facet normal 0 0 -1
    outer loop
      vertex 5.49601 -1.09601 0
      vertex 11 -2 0
      vertex 11 -4.5 0
    endloop
  endfacet
  facet normal 0 -0 -1
    outer loop
      vertex 5.93674 -0.202315 0
      vertex 11 -2 0
      vertex 5.89718 -0.401169 0
    endloop
  endfacet
  facet normal 0 0 -1
    outer loop
      vertex 5.93674 0.202315 0
      vertex 11 2 0
      vertex 5.95 0 0
    endloop
  endfacet
  facet normal 0 0 -1
    outer loop
      vertex 11 -2 0
      vertex 5.95 0 0
      vertex 11 2 0
    endloop
  endfacet
  facet normal 0 -0 -1
    outer loop
      vertex 5.95 0 0
      vertex 11 -2 0
      vertex 5.93674 -0.202315 0
    endloop
  endfacet
  facet normal 0 0 -1
    outer loop
      vertex 11 -2 0
      vertex 5.83201 -0.593159 0
      vertex 5.89718 -0.401169 0
    endloop
  endfacet
  facet normal 0 0 -1
    outer loop
      vertex 11 -2 0
      vertex 5.74234 -0.775 0
      vertex 5.83201 -0.593159 0
    endloop
  endfacet
  facet normal 0 0 -1
    outer loop
      vertex 11 -2 0
      vertex 5.6297 -0.94358 0
      vertex 5.74234 -0.775 0
    endloop
  endfacet
  facet normal 0 0 -1
    outer loop
      vertex 11 -2 0
      vertex 5.49601 -1.09601 0
      vertex 5.6297 -0.94358 0
    endloop
  endfacet
  facet normal 0 0 -1
    outer loop
      vertex 11 -4.5 0
      vertex 5.34358 -1.2297 0
      vertex 5.49601 -1.09601 0
    endloop
  endfacet
  facet normal 0 0 -1
    outer loop
      vertex 11 -4.5 0
      vertex 5.175 -1.34234 0
      vertex 5.34358 -1.2297 0
    endloop
  endfacet
  facet normal 0 0 -1
    outer loop
      vertex 11 -4.5 0
      vertex 4.99316 -1.43201 0
      vertex 5.175 -1.34234 0
    endloop
  endfacet
  facet normal 0 0 -1
    outer loop
      vertex 11 -4.5 0
      vertex 4.80117 -1.49718 0
      vertex 4.99316 -1.43201 0
    endloop
  endfacet
  facet normal 0 0 -1
    outer loop
      vertex 11 -4.5 0
      vertex 4.60231 -1.53674 0
      vertex 4.80117 -1.49718 0
    endloop
  endfacet
  facet normal 0 0 -1
    outer loop
      vertex 0 -4.5 0
      vertex 4.60231 -1.53674 0
      vertex 11 -4.5 0
    endloop
  endfacet
  facet normal 0 0 -1
    outer loop
      vertex 4.60231 -1.53674 0
      vertex 0 -4.5 0
      vertex 4.4 -1.55 0
    endloop
  endfacet
  facet normal -0 0 -1
    outer loop
      vertex 4.4 -1.55 0
      vertex 0 -4.5 0
      vertex 0 -1.55 0
    endloop
  endfacet
  facet normal 0 0 -1
    outer loop
      vertex 5.89718 0.401169 0
      vertex 11 2 0
      vertex 5.93674 0.202315 0
    endloop
  endfacet
  facet normal 0 0 -1
    outer loop
      vertex 5.83201 0.593159 0
      vertex 11 2 0
      vertex 5.89718 0.401169 0
    endloop
  endfacet
  facet normal 0 0 -1
    outer loop
      vertex 5.74234 0.775 0
      vertex 11 2 0
      vertex 5.83201 0.593159 0
    endloop
  endfacet
  facet normal 0 0 -1
    outer loop
      vertex 5.6297 0.94358 0
      vertex 11 2 0
      vertex 5.74234 0.775 0
    endloop
  endfacet
  facet normal 0 0 -1
    outer loop
      vertex 5.49601 1.09601 0
      vertex 11 2 0
      vertex 5.6297 0.94358 0
    endloop
  endfacet
  facet normal -0 0 -1
    outer loop
      vertex 11 2 0
      vertex 5.49601 1.09601 0
      vertex 11 4.5 0
    endloop
  endfacet
  facet normal 0 0 -1
    outer loop
      vertex 5.34358 1.2297 0
      vertex 11 4.5 0
      vertex 5.49601 1.09601 0
    endloop
  endfacet
  facet normal 0 0 -1
    outer loop
      vertex 5.175 1.34234 0
      vertex 11 4.5 0
      vertex 5.34358 1.2297 0
    endloop
  endfacet
  facet normal 0 0 -1
    outer loop
      vertex 4.99316 1.43201 0
      vertex 11 4.5 0
      vertex 5.175 1.34234 0
    endloop
  endfacet
  facet normal 0 0 -1
    outer loop
      vertex 4.80117 1.49718 0
      vertex 11 4.5 0
      vertex 4.99316 1.43201 0
    endloop
  endfacet
  facet normal 0 0 -1
    outer loop
      vertex 4.60231 1.53674 0
      vertex 11 4.5 0
      vertex 4.80117 1.49718 0
    endloop
  endfacet
  facet normal 0 0 -1
    outer loop
      vertex 0 4.5 0
      vertex 4.60231 1.53674 0
      vertex 4.4 1.55 0
    endloop
  endfacet
  facet normal 0 0 -1
    outer loop
      vertex 0 4.5 0
      vertex 4.4 1.55 0
      vertex 0 1.55 0
    endloop
  endfacet
  facet normal 0 0 -1
    outer loop
      vertex 4.60231 1.53674 0
      vertex 0 4.5 0
      vertex 11 4.5 0
    endloop
  endfacet
  facet normal 0 -1 0
    outer loop
      vertex 0 -4.5 0
      vertex 8.06914 -4.5 1.6
      vertex 0 -4.5 1.6
    endloop
  endfacet
  facet normal 0 -1 -0
    outer loop
      vertex 8.06914 -4.5 1.6
      vertex 0 -4.5 0
      vertex 8.22326 -4.5 1.36933
    endloop
  endfacet
  facet normal 0 -1 -0
    outer loop
      vertex 8.22326 -4.5 1.36933
      vertex 0 -4.5 0
      vertex 8.52513 -4.5 1.02513
    endloop
  endfacet
  facet normal 0 -1 -0
    outer loop
      vertex 8.52513 -4.5 1.02513
      vertex 0 -4.5 0
      vertex 8.86933 -4.5 0.723263
    endloop
  endfacet
  facet normal 0 -1 -0
    outer loop
      vertex 8.86933 -4.5 0.723263
      vertex 0 -4.5 0
      vertex 9.25 -4.5 0.46891
    endloop
  endfacet
  facet normal 0 -1 -0
    outer loop
      vertex 9.25 -4.5 0.46891
      vertex 0 -4.5 0
      vertex 9.66061 -4.5 0.266421
    endloop
  endfacet
  facet normal 0 -1 -0
    outer loop
      vertex 9.66061 -4.5 0.266421
      vertex 0 -4.5 0
      vertex 10.0941 -4.5 0.119259
    endloop
  endfacet
  facet normal 0 -1 -0
    outer loop
      vertex 10.0941 -4.5 0.119259
      vertex 0 -4.5 0
      vertex 10.5432 -4.5 0.0299425
    endloop
  endfacet
  facet normal 0 -1 -0
    outer loop
      vertex 10.5432 -4.5 0.0299425
      vertex 0 -4.5 0
      vertex 11 -4.5 0
    endloop
  endfacet
  facet normal 0 -1 0
    outer loop
      vertex 0 1.55 0
      vertex 4.4 1.55 1.6
      vertex 0 1.55 1.6
    endloop
  endfacet
  facet normal 0 -1 -0
    outer loop
      vertex 4.4 1.55 1.6
      vertex 0 1.55 0
      vertex 4.4 1.55 0
    endloop
  endfacet
  facet normal 0 1 -0
    outer loop
      vertex 4.4 -1.55 0
      vertex 0 -1.55 1.6
      vertex 4.4 -1.55 1.6
    endloop
  endfacet
  facet normal 0 1 0
    outer loop
      vertex 0 -1.55 1.6
      vertex 4.4 -1.55 0
      vertex 0 -1.55 0
    endloop
  endfacet
  facet normal -0.997859 -0.065401 0
    outer loop
      vertex 5.95 0 0
      vertex 5.93674 0.202315 1.6
      vertex 5.93674 0.202315 0
    endloop
  endfacet
  facet normal -0.997859 -0.065401 0
    outer loop
      vertex 5.93674 0.202315 1.6
      vertex 5.95 0 0
      vertex 5.95 0 1.6
    endloop
  endfacet
  facet normal -0.0654026 0.997859 0
    outer loop
      vertex 4.60231 -1.53674 0
      vertex 4.4 -1.55 1.6
      vertex 4.60231 -1.53674 1.6
    endloop
  endfacet
  facet normal -0.0654026 0.997859 0
    outer loop
      vertex 4.4 -1.55 1.6
      vertex 4.60231 -1.53674 0
      vertex 4.4 -1.55 0
    endloop
  endfacet
  facet normal -0.659381 -0.751809 0
    outer loop
      vertex 5.34358 1.2297 0
      vertex 5.49601 1.09601 1.6
      vertex 5.34358 1.2297 1.6
    endloop
  endfacet
  facet normal -0.659381 -0.751809 -0
    outer loop
      vertex 5.49601 1.09601 1.6
      vertex 5.34358 1.2297 0
      vertex 5.49601 1.09601 0
    endloop
  endfacet
  facet normal -0.831473 0.555565 0
    outer loop
      vertex 5.6297 -0.94358 0
      vertex 5.74234 -0.775 1.6
      vertex 5.74234 -0.775 0
    endloop
  endfacet
  facet normal -0.831473 0.555565 0
    outer loop
      vertex 5.74234 -0.775 1.6
      vertex 5.6297 -0.94358 0
      vertex 5.6297 -0.94358 1.6
    endloop
  endfacet
  facet normal -0.896881 -0.442273 0
    outer loop
      vertex 5.83201 0.593159 0
      vertex 5.74234 0.775 1.6
      vertex 5.74234 0.775 0
    endloop
  endfacet
  facet normal -0.896881 -0.442273 0
    outer loop
      vertex 5.74234 0.775 1.6
      vertex 5.83201 0.593159 0
      vertex 5.83201 0.593159 1.6
    endloop
  endfacet
  facet normal -0.321431 -0.946933 0
    outer loop
      vertex 4.80117 1.49718 0
      vertex 4.99316 1.43201 1.6
      vertex 4.80117 1.49718 1.6
    endloop
  endfacet
  facet normal -0.321431 -0.946933 -0
    outer loop
      vertex 4.99316 1.43201 1.6
      vertex 4.80117 1.49718 0
      vertex 4.99316 1.43201 0
    endloop
  endfacet
  facet normal -0.195111 -0.980781 0
    outer loop
      vertex 4.60231 1.53674 0
      vertex 4.80117 1.49718 1.6
      vertex 4.60231 1.53674 1.6
    endloop
  endfacet
  facet normal -0.195111 -0.980781 -0
    outer loop
      vertex 4.80117 1.49718 1.6
      vertex 4.60231 1.53674 0
      vertex 4.80117 1.49718 0
    endloop
  endfacet
  facet normal -0.442275 -0.89688 0
    outer loop
      vertex 4.99316 1.43201 0
      vertex 5.175 1.34234 1.6
      vertex 4.99316 1.43201 1.6
    endloop
  endfacet
  facet normal -0.442275 -0.89688 -0
    outer loop
      vertex 5.175 1.34234 1.6
      vertex 4.99316 1.43201 0
      vertex 5.175 1.34234 0
    endloop
  endfacet
  facet normal -0.195111 0.980781 0
    outer loop
      vertex 4.80117 -1.49718 0
      vertex 4.60231 -1.53674 1.6
      vertex 4.80117 -1.49718 1.6
    endloop
  endfacet
  facet normal -0.195111 0.980781 0
    outer loop
      vertex 4.60231 -1.53674 1.6
      vertex 4.80117 -1.49718 0
      vertex 4.60231 -1.53674 0
    endloop
  endfacet
  facet normal -0.442275 0.89688 0
    outer loop
      vertex 5.175 -1.34234 0
      vertex 4.99316 -1.43201 1.6
      vertex 5.175 -1.34234 1.6
    endloop
  endfacet
  facet normal -0.442275 0.89688 0
    outer loop
      vertex 4.99316 -1.43201 1.6
      vertex 5.175 -1.34234 0
      vertex 4.99316 -1.43201 0
    endloop
  endfacet
  facet normal -0.946933 -0.321431 0
    outer loop
      vertex 5.89718 0.401169 0
      vertex 5.83201 0.593159 1.6
      vertex 5.83201 0.593159 0
    endloop
  endfacet
  facet normal -0.946933 -0.321431 0
    outer loop
      vertex 5.83201 0.593159 1.6
      vertex 5.89718 0.401169 0
      vertex 5.89718 0.401169 1.6
    endloop
  endfacet
  facet normal -0.98078 -0.195116 0
    outer loop
      vertex 5.93674 0.202315 0
      vertex 5.89718 0.401169 1.6
      vertex 5.89718 0.401169 0
    endloop
  endfacet
  facet normal -0.98078 -0.195116 0
    outer loop
      vertex 5.89718 0.401169 1.6
      vertex 5.93674 0.202315 0
      vertex 5.93674 0.202315 1.6
    endloop
  endfacet
  facet normal -0.751809 -0.659381 0
    outer loop
      vertex 5.6297 0.94358 0
      vertex 5.49601 1.09601 1.6
      vertex 5.49601 1.09601 0
    endloop
  endfacet
  facet normal -0.751809 -0.659381 0
    outer loop
      vertex 5.49601 1.09601 1.6
      vertex 5.6297 0.94358 0
      vertex 5.6297 0.94358 1.6
    endloop
  endfacet
  facet normal -0.831473 -0.555565 0
    outer loop
      vertex 5.74234 0.775 0
      vertex 5.6297 0.94358 1.6
      vertex 5.6297 0.94358 0
    endloop
  endfacet
  facet normal -0.831473 -0.555565 0
    outer loop
      vertex 5.6297 0.94358 1.6
      vertex 5.74234 0.775 0
      vertex 5.74234 0.775 1.6
    endloop
  endfacet
  facet normal -0.0654026 -0.997859 0
    outer loop
      vertex 4.4 1.55 0
      vertex 4.60231 1.53674 1.6
      vertex 4.4 1.55 1.6
    endloop
  endfacet
  facet normal -0.0654026 -0.997859 -0
    outer loop
      vertex 4.60231 1.53674 1.6
      vertex 4.4 1.55 0
      vertex 4.60231 1.53674 0
    endloop
  endfacet
  facet normal -0.555565 -0.831473 0
    outer loop
      vertex 5.175 1.34234 0
      vertex 5.34358 1.2297 1.6
      vertex 5.175 1.34234 1.6
    endloop
  endfacet
  facet normal -0.555565 -0.831473 -0
    outer loop
      vertex 5.34358 1.2297 1.6
      vertex 5.175 1.34234 0
      vertex 5.34358 1.2297 0
    endloop
  endfacet
  facet normal -0.997859 0.065401 0
    outer loop
      vertex 5.93674 -0.202315 0
      vertex 5.95 0 1.6
      vertex 5.95 0 0
    endloop
  endfacet
  facet normal -0.997859 0.065401 0
    outer loop
      vertex 5.95 0 1.6
      vertex 5.93674 -0.202315 0
      vertex 5.93674 -0.202315 1.6
    endloop
  endfacet
  facet normal -0.751809 0.659381 0
    outer loop
      vertex 5.49601 -1.09601 0
      vertex 5.6297 -0.94358 1.6
      vertex 5.6297 -0.94358 0
    endloop
  endfacet
  facet normal -0.751809 0.659381 0
    outer loop
      vertex 5.6297 -0.94358 1.6
      vertex 5.49601 -1.09601 0
      vertex 5.49601 -1.09601 1.6
    endloop
  endfacet
  facet normal -0.98078 0.195116 0
    outer loop
      vertex 5.89718 -0.401169 0
      vertex 5.93674 -0.202315 1.6
      vertex 5.93674 -0.202315 0
    endloop
  endfacet
  facet normal -0.98078 0.195116 0
    outer loop
      vertex 5.93674 -0.202315 1.6
      vertex 5.89718 -0.401169 0
      vertex 5.89718 -0.401169 1.6
    endloop
  endfacet
  facet normal -0.555565 0.831473 0
    outer loop
      vertex 5.34358 -1.2297 0
      vertex 5.175 -1.34234 1.6
      vertex 5.34358 -1.2297 1.6
    endloop
  endfacet
  facet normal -0.555565 0.831473 0
    outer loop
      vertex 5.175 -1.34234 1.6
      vertex 5.34358 -1.2297 0
      vertex 5.175 -1.34234 0
    endloop
  endfacet
  facet normal -0.659381 0.751809 0
    outer loop
      vertex 5.49601 -1.09601 0
      vertex 5.34358 -1.2297 1.6
      vertex 5.49601 -1.09601 1.6
    endloop
  endfacet
  facet normal -0.659381 0.751809 0
    outer loop
      vertex 5.34358 -1.2297 1.6
      vertex 5.49601 -1.09601 0
      vertex 5.34358 -1.2297 0
    endloop
  endfacet
  facet normal -0.896881 0.442273 0
    outer loop
      vertex 5.74234 -0.775 0
      vertex 5.83201 -0.593159 1.6
      vertex 5.83201 -0.593159 0
    endloop
  endfacet
  facet normal -0.896881 0.442273 0
    outer loop
      vertex 5.83201 -0.593159 1.6
      vertex 5.74234 -0.775 0
      vertex 5.74234 -0.775 1.6
    endloop
  endfacet
  facet normal -0.321431 0.946933 0
    outer loop
      vertex 4.99316 -1.43201 0
      vertex 4.80117 -1.49718 1.6
      vertex 4.99316 -1.43201 1.6
    endloop
  endfacet
  facet normal -0.321431 0.946933 0
    outer loop
      vertex 4.80117 -1.49718 1.6
      vertex 4.99316 -1.43201 0
      vertex 4.80117 -1.49718 0
    endloop
  endfacet
  facet normal -0.946933 0.321431 0
    outer loop
      vertex 5.83201 -0.593159 0
      vertex 5.89718 -0.401169 1.6
      vertex 5.89718 -0.401169 0
    endloop
  endfacet
  facet normal -0.946933 0.321431 0
    outer loop
      vertex 5.89718 -0.401169 1.6
      vertex 5.83201 -0.593159 0
      vertex 5.83201 -0.593159 1.6
    endloop
  endfacet
  facet normal 0.751844 0 -0.659342
    outer loop
      vertex 9.79793 -6 4.70207
      vertex 9.65131 -2 4.53488
      vertex 9.79793 -2 4.70207
    endloop
  endfacet
  facet normal 0.751844 0 -0.659342
    outer loop
      vertex 9.65131 -2 4.53488
      vertex 9.79793 -6 4.70207
      vertex 9.65131 -6 4.53488
    endloop
  endfacet
  facet normal 0.751844 0 -0.659342
    outer loop
      vertex 9.79793 2 4.70207
      vertex 9.65131 6 4.53488
      vertex 9.79793 6 4.70207
    endloop
  endfacet
  facet normal 0.751844 0 -0.659342
    outer loop
      vertex 9.65131 6 4.53488
      vertex 9.79793 2 4.70207
      vertex 9.65131 2 4.53488
    endloop
  endfacet
  facet normal 0.707104 0 -0.70711
    outer loop
      vertex 9.79793 -6 4.70207
      vertex 11 -2 5.90413
      vertex 11 -6 5.90413
    endloop
  endfacet
  facet normal 0.707104 0 -0.70711
    outer loop
      vertex 11 -2 5.90413
      vertex 9.79793 -6 4.70207
      vertex 9.79793 -2 4.70207
    endloop
  endfacet
  facet normal 0.707104 0 -0.70711
    outer loop
      vertex 9.79793 2 4.70207
      vertex 11 6 5.90413
      vertex 11 2 5.90413
    endloop
  endfacet
  facet normal 0.707104 0 -0.70711
    outer loop
      vertex 11 6 5.90413
      vertex 9.79793 2 4.70207
      vertex 9.79793 6 4.70207
    endloop
  endfacet
  facet normal -0.707095 0 -0.707119
    outer loop
      vertex 11 -6 5.90413
      vertex 12.2021 -2 4.70207
      vertex 12.2021 -6 4.70207
    endloop
  endfacet
  facet normal -0.707095 0 -0.707119
    outer loop
      vertex 12.2021 -2 4.70207
      vertex 11 -6 5.90413
      vertex 11 -2 5.90413
    endloop
  endfacet
  facet normal -0.707095 0 -0.707119
    outer loop
      vertex 11 2 5.90413
      vertex 12.2021 6 4.70207
      vertex 12.2021 2 4.70207
    endloop
  endfacet
  facet normal -0.707095 0 -0.707119
    outer loop
      vertex 12.2021 6 4.70207
      vertex 11 2 5.90413
      vertex 11 6 5.90413
    endloop
  endfacet
  facet normal -0.0653848 0 0.99786
    outer loop
      vertex 11 -2 1.8
      vertex 11.2219 -6 1.81454
      vertex 11.2219 -2 1.81454
    endloop
  endfacet
  facet normal -0.0653848 0 0.99786
    outer loop
      vertex 11.2219 -6 1.81454
      vertex 11 -2 1.8
      vertex 11 -6 1.8
    endloop
  endfacet
  facet normal -0.0653848 0 0.99786
    outer loop
      vertex 11 6 1.8
      vertex 11.2219 2 1.81454
      vertex 11.2219 6 1.81454
    endloop
  endfacet
  facet normal -0.0653848 0 0.99786
    outer loop
      vertex 11.2219 2 1.81454
      vertex 11 6 1.8
      vertex 11 2 1.8
    endloop
  endfacet
  facet normal 0.946942 -0 0.321404
    outer loop
      vertex 9.35794 -6 3.06001
      vertex 9.42941 -2 2.84944
      vertex 9.35794 -2 3.06001
    endloop
  endfacet
  facet normal 0.946942 0 0.321404
    outer loop
      vertex 9.42941 -2 2.84944
      vertex 9.35794 -6 3.06001
      vertex 9.42941 -6 2.84944
    endloop
  endfacet
  facet normal 0.946942 -0 0.321404
    outer loop
      vertex 9.35794 2 3.06001
      vertex 9.42941 6 2.84944
      vertex 9.35794 6 3.06001
    endloop
  endfacet
  facet normal 0.946942 0 0.321404
    outer loop
      vertex 9.42941 6 2.84944
      vertex 9.35794 2 3.06001
      vertex 9.42941 2 2.84944
    endloop
  endfacet
  facet normal -0.946901 0 0.321525
    outer loop
      vertex 12.5706 -6 2.84944
      vertex 12.6421 -2 3.06001
      vertex 12.5706 -2 2.84944
    endloop
  endfacet
  facet normal -0.946901 0 0.321525
    outer loop
      vertex 12.6421 -2 3.06001
      vertex 12.5706 -6 2.84944
      vertex 12.6421 -6 3.06001
    endloop
  endfacet
  facet normal -0.946901 0 0.321525
    outer loop
      vertex 12.5706 2 2.84944
      vertex 12.6421 6 3.06001
      vertex 12.5706 6 2.84944
    endloop
  endfacet
  facet normal -0.946901 0 0.321525
    outer loop
      vertex 12.6421 6 3.06001
      vertex 12.5706 2 2.84944
      vertex 12.6421 2 3.06001
    endloop
  endfacet
  facet normal -0.751888 0 0.659291
    outer loop
      vertex 12.2021 -6 2.29793
      vertex 12.3487 -2 2.46512
      vertex 12.2021 -2 2.29793
    endloop
  endfacet
  facet normal -0.751888 0 0.659291
    outer loop
      vertex 12.3487 -2 2.46512
      vertex 12.2021 -6 2.29793
      vertex 12.3487 -6 2.46512
    endloop
  endfacet
  facet normal -0.751888 0 0.659291
    outer loop
      vertex 12.2021 2 2.29793
      vertex 12.3487 6 2.46512
      vertex 12.2021 6 2.29793
    endloop
  endfacet
  facet normal -0.751888 0 0.659291
    outer loop
      vertex 12.3487 6 2.46512
      vertex 12.2021 2 2.29793
      vertex 12.3487 2 2.46512
    endloop
  endfacet
  facet normal 0.659342 0 0.751844
    outer loop
      vertex 9.79793 -2 2.29793
      vertex 9.96512 -6 2.15131
      vertex 9.96512 -2 2.15131
    endloop
  endfacet
  facet normal 0.659342 0 0.751844
    outer loop
      vertex 9.96512 -6 2.15131
      vertex 9.79793 -2 2.29793
      vertex 9.79793 -6 2.29793
    endloop
  endfacet
  facet normal 0.659342 0 0.751844
    outer loop
      vertex 9.79793 6 2.29793
      vertex 9.96512 2 2.15131
      vertex 9.96512 6 2.15131
    endloop
  endfacet
  facet normal 0.659342 0 0.751844
    outer loop
      vertex 9.96512 2 2.15131
      vertex 9.79793 6 2.29793
      vertex 9.79793 2 2.29793
    endloop
  endfacet
  facet normal -0.659319 0 0.751863
    outer loop
      vertex 12.0349 -2 2.15131
      vertex 12.2021 -6 2.29793
      vertex 12.2021 -2 2.29793
    endloop
  endfacet
  facet normal -0.659319 0 0.751863
    outer loop
      vertex 12.2021 -6 2.29793
      vertex 12.0349 -2 2.15131
      vertex 12.0349 -6 2.15131
    endloop
  endfacet
  facet normal -0.659319 0 0.751863
    outer loop
      vertex 12.0349 6 2.15131
      vertex 12.2021 2 2.29793
      vertex 12.2021 6 2.29793
    endloop
  endfacet
  facet normal -0.659319 0 0.751863
    outer loop
      vertex 12.2021 2 2.29793
      vertex 12.0349 6 2.15131
      vertex 12.0349 2 2.15131
    endloop
  endfacet
  facet normal 0.896851 -0 0.442332
    outer loop
      vertex 9.42941 -6 2.84944
      vertex 9.52777 -2 2.65001
      vertex 9.42941 -2 2.84944
    endloop
  endfacet
  facet normal 0.896851 0 0.442332
    outer loop
      vertex 9.52777 -2 2.65001
      vertex 9.42941 -6 2.84944
      vertex 9.52777 -6 2.65001
    endloop
  endfacet
  facet normal 0.896851 -0 0.442332
    outer loop
      vertex 9.42941 2 2.84944
      vertex 9.52777 6 2.65001
      vertex 9.42941 6 2.84944
    endloop
  endfacet
  facet normal 0.896851 0 0.442332
    outer loop
      vertex 9.52777 6 2.65001
      vertex 9.42941 2 2.84944
      vertex 9.52777 2 2.65001
    endloop
  endfacet
  facet normal 0.751844 -0 0.659342
    outer loop
      vertex 9.65131 -6 2.46512
      vertex 9.79793 -2 2.29793
      vertex 9.65131 -2 2.46512
    endloop
  endfacet
  facet normal 0.751844 0 0.659342
    outer loop
      vertex 9.79793 -2 2.29793
      vertex 9.65131 -6 2.46512
      vertex 9.79793 -6 2.29793
    endloop
  endfacet
  facet normal 0.751844 -0 0.659342
    outer loop
      vertex 9.65131 2 2.46512
      vertex 9.79793 6 2.29793
      vertex 9.65131 6 2.46512
    endloop
  endfacet
  facet normal 0.751844 0 0.659342
    outer loop
      vertex 9.79793 6 2.29793
      vertex 9.65131 2 2.46512
      vertex 9.79793 2 2.29793
    endloop
  endfacet
  facet normal 0.99786 -0 0.0653877
    outer loop
      vertex 9.3 -6 3.5
      vertex 9.31454 -2 3.27811
      vertex 9.3 -2 3.5
    endloop
  endfacet
  facet normal 0.99786 0 0.0653877
    outer loop
      vertex 9.31454 -2 3.27811
      vertex 9.3 -6 3.5
      vertex 9.31454 -6 3.27811
    endloop
  endfacet
  facet normal 0.99786 -0 0.0653877
    outer loop
      vertex 9.3 2 3.5
      vertex 9.31454 6 3.27811
      vertex 9.3 6 3.5
    endloop
  endfacet
  facet normal 0.99786 0 0.0653877
    outer loop
      vertex 9.31454 6 3.27811
      vertex 9.3 2 3.5
      vertex 9.31454 2 3.27811
    endloop
  endfacet
  facet normal 0.98077 -0 0.195165
    outer loop
      vertex 9.31454 -6 3.27811
      vertex 9.35794 -2 3.06001
      vertex 9.31454 -2 3.27811
    endloop
  endfacet
  facet normal 0.98077 0 0.195165
    outer loop
      vertex 9.35794 -2 3.06001
      vertex 9.31454 -6 3.27811
      vertex 9.35794 -6 3.06001
    endloop
  endfacet
  facet normal 0.98077 -0 0.195165
    outer loop
      vertex 9.31454 2 3.27811
      vertex 9.35794 6 3.06001
      vertex 9.31454 6 3.27811
    endloop
  endfacet
  facet normal 0.98077 0 0.195165
    outer loop
      vertex 9.35794 6 3.06001
      vertex 9.31454 2 3.27811
      vertex 9.35794 2 3.06001
    endloop
  endfacet
  facet normal 0.946942 0 -0.321404
    outer loop
      vertex 9.42941 -6 4.15056
      vertex 9.35794 -2 3.93999
      vertex 9.42941 -2 4.15056
    endloop
  endfacet
  facet normal 0.946942 0 -0.321404
    outer loop
      vertex 9.35794 -2 3.93999
      vertex 9.42941 -6 4.15056
      vertex 9.35794 -6 3.93999
    endloop
  endfacet
  facet normal 0.946942 0 -0.321404
    outer loop
      vertex 9.42941 2 4.15056
      vertex 9.35794 6 3.93999
      vertex 9.42941 6 4.15056
    endloop
  endfacet
  facet normal 0.946942 0 -0.321404
    outer loop
      vertex 9.35794 6 3.93999
      vertex 9.42941 2 4.15056
      vertex 9.35794 2 3.93999
    endloop
  endfacet
  facet normal 0.98077 0 -0.195165
    outer loop
      vertex 9.35794 -6 3.93999
      vertex 9.31454 -2 3.72189
      vertex 9.35794 -2 3.93999
    endloop
  endfacet
  facet normal 0.98077 0 -0.195165
    outer loop
      vertex 9.31454 -2 3.72189
      vertex 9.35794 -6 3.93999
      vertex 9.31454 -6 3.72189
    endloop
  endfacet
  facet normal 0.98077 0 -0.195165
    outer loop
      vertex 9.35794 2 3.93999
      vertex 9.31454 6 3.72189
      vertex 9.35794 6 3.93999
    endloop
  endfacet
  facet normal 0.98077 0 -0.195165
    outer loop
      vertex 9.31454 6 3.72189
      vertex 9.35794 2 3.93999
      vertex 9.31454 2 3.72189
    endloop
  endfacet
  facet normal -0.831552 0 0.555447
    outer loop
      vertex 12.3487 -6 2.46512
      vertex 12.4722 -2 2.65001
      vertex 12.3487 -2 2.46512
    endloop
  endfacet
  facet normal -0.831552 0 0.555447
    outer loop
      vertex 12.4722 -2 2.65001
      vertex 12.3487 -6 2.46512
      vertex 12.4722 -6 2.65001
    endloop
  endfacet
  facet normal -0.831552 0 0.555447
    outer loop
      vertex 12.3487 2 2.46512
      vertex 12.4722 6 2.65001
      vertex 12.3487 6 2.46512
    endloop
  endfacet
  facet normal -0.831552 0 0.555447
    outer loop
      vertex 12.4722 6 2.65001
      vertex 12.3487 2 2.46512
      vertex 12.4722 2 2.65001
    endloop
  endfacet
  facet normal -0.89678 0 0.442477
    outer loop
      vertex 12.4722 -6 2.65001
      vertex 12.5706 -2 2.84944
      vertex 12.4722 -2 2.65001
    endloop
  endfacet
  facet normal -0.89678 0 0.442477
    outer loop
      vertex 12.5706 -2 2.84944
      vertex 12.4722 -6 2.65001
      vertex 12.5706 -6 2.84944
    endloop
  endfacet
  facet normal -0.89678 0 0.442477
    outer loop
      vertex 12.4722 2 2.65001
      vertex 12.5706 6 2.84944
      vertex 12.4722 6 2.65001
    endloop
  endfacet
  facet normal -0.89678 0 0.442477
    outer loop
      vertex 12.5706 6 2.84944
      vertex 12.4722 2 2.65001
      vertex 12.5706 2 2.84944
    endloop
  endfacet
  facet normal -0.98077 0 -0.195165
    outer loop
      vertex 12.6855 -6 3.72189
      vertex 12.6421 -2 3.93999
      vertex 12.6855 -2 3.72189
    endloop
  endfacet
  facet normal -0.98077 -0 -0.195165
    outer loop
      vertex 12.6421 -2 3.93999
      vertex 12.6855 -6 3.72189
      vertex 12.6421 -6 3.93999
    endloop
  endfacet
  facet normal -0.98077 0 -0.195165
    outer loop
      vertex 12.6855 2 3.72189
      vertex 12.6421 6 3.93999
      vertex 12.6855 6 3.72189
    endloop
  endfacet
  facet normal -0.98077 -0 -0.195165
    outer loop
      vertex 12.6421 6 3.93999
      vertex 12.6855 2 3.72189
      vertex 12.6421 2 3.93999
    endloop
  endfacet
  facet normal -0.946901 0 -0.321525
    outer loop
      vertex 12.6421 -6 3.93999
      vertex 12.5706 -2 4.15056
      vertex 12.6421 -2 3.93999
    endloop
  endfacet
  facet normal -0.946901 -0 -0.321525
    outer loop
      vertex 12.5706 -2 4.15056
      vertex 12.6421 -6 3.93999
      vertex 12.5706 -6 4.15056
    endloop
  endfacet
  facet normal -0.946901 0 -0.321525
    outer loop
      vertex 12.6421 2 3.93999
      vertex 12.5706 6 4.15056
      vertex 12.6421 6 3.93999
    endloop
  endfacet
  facet normal -0.946901 -0 -0.321525
    outer loop
      vertex 12.5706 6 4.15056
      vertex 12.6421 2 3.93999
      vertex 12.5706 2 4.15056
    endloop
  endfacet
  facet normal -0.751888 0 -0.659291
    outer loop
      vertex 12.3487 -6 4.53488
      vertex 12.2021 -2 4.70207
      vertex 12.3487 -2 4.53488
    endloop
  endfacet
  facet normal -0.751888 -0 -0.659291
    outer loop
      vertex 12.2021 -2 4.70207
      vertex 12.3487 -6 4.53488
      vertex 12.2021 -6 4.70207
    endloop
  endfacet
  facet normal -0.751888 0 -0.659291
    outer loop
      vertex 12.3487 2 4.53488
      vertex 12.2021 6 4.70207
      vertex 12.3487 6 4.53488
    endloop
  endfacet
  facet normal -0.751888 -0 -0.659291
    outer loop
      vertex 12.2021 6 4.70207
      vertex 12.3487 2 4.53488
      vertex 12.2021 2 4.70207
    endloop
  endfacet
  facet normal 0.831469 0 -0.555572
    outer loop
      vertex 9.65131 -6 4.53488
      vertex 9.52777 -2 4.34999
      vertex 9.65131 -2 4.53488
    endloop
  endfacet
  facet normal 0.831469 0 -0.555572
    outer loop
      vertex 9.52777 -2 4.34999
      vertex 9.65131 -6 4.53488
      vertex 9.52777 -6 4.34999
    endloop
  endfacet
  facet normal 0.831469 0 -0.555572
    outer loop
      vertex 9.65131 2 4.53488
      vertex 9.52777 6 4.34999
      vertex 9.65131 6 4.53488
    endloop
  endfacet
  facet normal 0.831469 0 -0.555572
    outer loop
      vertex 9.52777 6 4.34999
      vertex 9.65131 2 4.53488
      vertex 9.52777 2 4.34999
    endloop
  endfacet
  facet normal 0.896851 0 -0.442332
    outer loop
      vertex 9.52777 -6 4.34999
      vertex 9.42941 -2 4.15056
      vertex 9.52777 -2 4.34999
    endloop
  endfacet
  facet normal 0.896851 0 -0.442332
    outer loop
      vertex 9.42941 -2 4.15056
      vertex 9.52777 -6 4.34999
      vertex 9.42941 -6 4.15056
    endloop
  endfacet
  facet normal 0.896851 0 -0.442332
    outer loop
      vertex 9.52777 2 4.34999
      vertex 9.42941 6 4.15056
      vertex 9.52777 6 4.34999
    endloop
  endfacet
  facet normal 0.896851 0 -0.442332
    outer loop
      vertex 9.42941 6 4.15056
      vertex 9.52777 2 4.34999
      vertex 9.42941 2 4.15056
    endloop
  endfacet
  facet normal 0.555592 0 0.831455
    outer loop
      vertex 9.96512 -2 2.15131
      vertex 10.15 -6 2.02777
      vertex 10.15 -2 2.02777
    endloop
  endfacet
  facet normal 0.555592 0 0.831455
    outer loop
      vertex 10.15 -6 2.02777
      vertex 9.96512 -2 2.15131
      vertex 9.96512 -6 2.15131
    endloop
  endfacet
  facet normal 0.555592 0 0.831455
    outer loop
      vertex 9.96512 6 2.15131
      vertex 10.15 2 2.02777
      vertex 10.15 6 2.02777
    endloop
  endfacet
  facet normal 0.555592 0 0.831455
    outer loop
      vertex 10.15 2 2.02777
      vertex 9.96512 6 2.15131
      vertex 9.96512 2 2.15131
    endloop
  endfacet
  facet normal 0.442386 0 0.896825
    outer loop
      vertex 10.15 -2 2.02777
      vertex 10.3494 -6 1.92941
      vertex 10.3494 -2 1.92941
    endloop
  endfacet
  facet normal 0.442386 0 0.896825
    outer loop
      vertex 10.3494 -6 1.92941
      vertex 10.15 -2 2.02777
      vertex 10.15 -6 2.02777
    endloop
  endfacet
  facet normal 0.442386 0 0.896825
    outer loop
      vertex 10.15 6 2.02777
      vertex 10.3494 2 1.92941
      vertex 10.3494 6 1.92941
    endloop
  endfacet
  facet normal 0.442386 0 0.896825
    outer loop
      vertex 10.3494 2 1.92941
      vertex 10.15 6 2.02777
      vertex 10.15 2 2.02777
    endloop
  endfacet
  facet normal 0.0653848 0 0.99786
    outer loop
      vertex 10.7781 -2 1.81454
      vertex 11 -6 1.8
      vertex 11 -2 1.8
    endloop
  endfacet
  facet normal 0.0653848 0 0.99786
    outer loop
      vertex 11 -6 1.8
      vertex 10.7781 -2 1.81454
      vertex 10.7781 -6 1.81454
    endloop
  endfacet
  facet normal 0.0653848 0 0.99786
    outer loop
      vertex 10.7781 6 1.81454
      vertex 11 2 1.8
      vertex 11 6 1.8
    endloop
  endfacet
  facet normal 0.0653848 0 0.99786
    outer loop
      vertex 11 2 1.8
      vertex 10.7781 6 1.81454
      vertex 10.7781 2 1.81454
    endloop
  endfacet
  facet normal -0.195165 0 0.98077
    outer loop
      vertex 11.2219 -2 1.81454
      vertex 11.44 -6 1.85794
      vertex 11.44 -2 1.85794
    endloop
  endfacet
  facet normal -0.195165 0 0.98077
    outer loop
      vertex 11.44 -6 1.85794
      vertex 11.2219 -2 1.81454
      vertex 11.2219 -6 1.81454
    endloop
  endfacet
  facet normal -0.195165 0 0.98077
    outer loop
      vertex 11.2219 6 1.81454
      vertex 11.44 2 1.85794
      vertex 11.44 6 1.85794
    endloop
  endfacet
  facet normal -0.195165 0 0.98077
    outer loop
      vertex 11.44 2 1.85794
      vertex 11.2219 6 1.81454
      vertex 11.2219 2 1.81454
    endloop
  endfacet
  facet normal -0.321363 0 0.946956
    outer loop
      vertex 11.44 -2 1.85794
      vertex 11.6506 -6 1.92941
      vertex 11.6506 -2 1.92941
    endloop
  endfacet
  facet normal -0.321363 0 0.946956
    outer loop
      vertex 11.6506 -6 1.92941
      vertex 11.44 -2 1.85794
      vertex 11.44 -6 1.85794
    endloop
  endfacet
  facet normal -0.321363 0 0.946956
    outer loop
      vertex 11.44 6 1.85794
      vertex 11.6506 2 1.92941
      vertex 11.6506 6 1.92941
    endloop
  endfacet
  facet normal -0.321363 0 0.946956
    outer loop
      vertex 11.6506 2 1.92941
      vertex 11.44 6 1.85794
      vertex 11.44 2 1.85794
    endloop
  endfacet
  facet normal 0.831469 -0 0.555572
    outer loop
      vertex 9.52777 -6 2.65001
      vertex 9.65131 -2 2.46512
      vertex 9.52777 -2 2.65001
    endloop
  endfacet
  facet normal 0.831469 0 0.555572
    outer loop
      vertex 9.65131 -2 2.46512
      vertex 9.52777 -6 2.65001
      vertex 9.65131 -6 2.46512
    endloop
  endfacet
  facet normal 0.831469 -0 0.555572
    outer loop
      vertex 9.52777 2 2.65001
      vertex 9.65131 6 2.46512
      vertex 9.52777 6 2.65001
    endloop
  endfacet
  facet normal 0.831469 0 0.555572
    outer loop
      vertex 9.65131 6 2.46512
      vertex 9.52777 2 2.65001
      vertex 9.65131 2 2.46512
    endloop
  endfacet
  facet normal 0.99786 0 -0.0653877
    outer loop
      vertex 9.31454 -6 3.72189
      vertex 9.3 -2 3.5
      vertex 9.31454 -2 3.72189
    endloop
  endfacet
  facet normal 0.99786 0 -0.0653877
    outer loop
      vertex 9.3 -2 3.5
      vertex 9.31454 -6 3.72189
      vertex 9.3 -6 3.5
    endloop
  endfacet
  facet normal 0.99786 0 -0.0653877
    outer loop
      vertex 9.31454 2 3.72189
      vertex 9.3 6 3.5
      vertex 9.31454 6 3.72189
    endloop
  endfacet
  facet normal 0.99786 0 -0.0653877
    outer loop
      vertex 9.3 6 3.5
      vertex 9.31454 2 3.72189
      vertex 9.3 2 3.5
    endloop
  endfacet
  facet normal -0.98077 0 0.195165
    outer loop
      vertex 12.6421 -6 3.06001
      vertex 12.6855 -2 3.27811
      vertex 12.6421 -2 3.06001
    endloop
  endfacet
  facet normal -0.98077 0 0.195165
    outer loop
      vertex 12.6855 -2 3.27811
      vertex 12.6421 -6 3.06001
      vertex 12.6855 -6 3.27811
    endloop
  endfacet
  facet normal -0.98077 0 0.195165
    outer loop
      vertex 12.6421 2 3.06001
      vertex 12.6855 6 3.27811
      vertex 12.6421 6 3.06001
    endloop
  endfacet
  facet normal -0.98077 0 0.195165
    outer loop
      vertex 12.6855 6 3.27811
      vertex 12.6421 2 3.06001
      vertex 12.6855 2 3.27811
    endloop
  endfacet
  facet normal -0.997872 0 0.0652086
    outer loop
      vertex 12.6855 -6 3.27811
      vertex 12.7 -2 3.5
      vertex 12.6855 -2 3.27811
    endloop
  endfacet
  facet normal -0.997872 0 0.0652086
    outer loop
      vertex 12.7 -2 3.5
      vertex 12.6855 -6 3.27811
      vertex 12.7 -6 3.5
    endloop
  endfacet
  facet normal -0.997872 0 0.0652086
    outer loop
      vertex 12.6855 2 3.27811
      vertex 12.7 6 3.5
      vertex 12.6855 6 3.27811
    endloop
  endfacet
  facet normal -0.997872 0 0.0652086
    outer loop
      vertex 12.7 6 3.5
      vertex 12.6855 2 3.27811
      vertex 12.7 2 3.5
    endloop
  endfacet
  facet normal -0.997872 0 -0.0652086
    outer loop
      vertex 12.7 -6 3.5
      vertex 12.6855 -2 3.72189
      vertex 12.7 -2 3.5
    endloop
  endfacet
  facet normal -0.997872 -0 -0.0652086
    outer loop
      vertex 12.6855 -2 3.72189
      vertex 12.7 -6 3.5
      vertex 12.6855 -6 3.72189
    endloop
  endfacet
  facet normal -0.997872 0 -0.0652086
    outer loop
      vertex 12.7 2 3.5
      vertex 12.6855 6 3.72189
      vertex 12.7 6 3.5
    endloop
  endfacet
  facet normal -0.997872 -0 -0.0652086
    outer loop
      vertex 12.6855 6 3.72189
      vertex 12.7 2 3.5
      vertex 12.6855 2 3.72189
    endloop
  endfacet
  facet normal 0.321363 0 0.946956
    outer loop
      vertex 10.3494 -2 1.92941
      vertex 10.56 -6 1.85794
      vertex 10.56 -2 1.85794
    endloop
  endfacet
  facet normal 0.321363 0 0.946956
    outer loop
      vertex 10.56 -6 1.85794
      vertex 10.3494 -2 1.92941
      vertex 10.3494 -6 1.92941
    endloop
  endfacet
  facet normal 0.321363 0 0.946956
    outer loop
      vertex 10.3494 6 1.92941
      vertex 10.56 2 1.85794
      vertex 10.56 6 1.85794
    endloop
  endfacet
  facet normal 0.321363 0 0.946956
    outer loop
      vertex 10.56 2 1.85794
      vertex 10.3494 6 1.92941
      vertex 10.3494 2 1.92941
    endloop
  endfacet
  facet normal 0.195165 0 0.98077
    outer loop
      vertex 10.56 -2 1.85794
      vertex 10.7781 -6 1.81454
      vertex 10.7781 -2 1.81454
    endloop
  endfacet
  facet normal 0.195165 0 0.98077
    outer loop
      vertex 10.7781 -6 1.81454
      vertex 10.56 -2 1.85794
      vertex 10.56 -6 1.85794
    endloop
  endfacet
  facet normal 0.195165 0 0.98077
    outer loop
      vertex 10.56 6 1.85794
      vertex 10.7781 2 1.81454
      vertex 10.7781 6 1.81454
    endloop
  endfacet
  facet normal 0.195165 0 0.98077
    outer loop
      vertex 10.7781 2 1.81454
      vertex 10.56 6 1.85794
      vertex 10.56 2 1.85794
    endloop
  endfacet
  facet normal -0.442386 0 0.896825
    outer loop
      vertex 11.6506 -2 1.92941
      vertex 11.85 -6 2.02777
      vertex 11.85 -2 2.02777
    endloop
  endfacet
  facet normal -0.442386 0 0.896825
    outer loop
      vertex 11.85 -6 2.02777
      vertex 11.6506 -2 1.92941
      vertex 11.6506 -6 1.92941
    endloop
  endfacet
  facet normal -0.442386 0 0.896825
    outer loop
      vertex 11.6506 6 1.92941
      vertex 11.85 2 2.02777
      vertex 11.85 6 2.02777
    endloop
  endfacet
  facet normal -0.442386 0 0.896825
    outer loop
      vertex 11.85 2 2.02777
      vertex 11.6506 6 1.92941
      vertex 11.6506 2 1.92941
    endloop
  endfacet
  facet normal -0.555551 0 0.831483
    outer loop
      vertex 11.85 -2 2.02777
      vertex 12.0349 -6 2.15131
      vertex 12.0349 -2 2.15131
    endloop
  endfacet
  facet normal -0.555551 0 0.831483
    outer loop
      vertex 12.0349 -6 2.15131
      vertex 11.85 -2 2.02777
      vertex 11.85 -6 2.02777
    endloop
  endfacet
  facet normal -0.555551 0 0.831483
    outer loop
      vertex 11.85 6 2.02777
      vertex 12.0349 2 2.15131
      vertex 12.0349 6 2.15131
    endloop
  endfacet
  facet normal -0.555551 0 0.831483
    outer loop
      vertex 12.0349 2 2.15131
      vertex 11.85 6 2.02777
      vertex 11.85 2 2.02777
    endloop
  endfacet
  facet normal -0.89678 0 -0.442477
    outer loop
      vertex 12.5706 -6 4.15056
      vertex 12.4722 -2 4.34999
      vertex 12.5706 -2 4.15056
    endloop
  endfacet
  facet normal -0.89678 -0 -0.442477
    outer loop
      vertex 12.4722 -2 4.34999
      vertex 12.5706 -6 4.15056
      vertex 12.4722 -6 4.34999
    endloop
  endfacet
  facet normal -0.89678 0 -0.442477
    outer loop
      vertex 12.5706 2 4.15056
      vertex 12.4722 6 4.34999
      vertex 12.5706 6 4.15056
    endloop
  endfacet
  facet normal -0.89678 -0 -0.442477
    outer loop
      vertex 12.4722 6 4.34999
      vertex 12.5706 2 4.15056
      vertex 12.4722 2 4.34999
    endloop
  endfacet
  facet normal -0.831552 0 -0.555447
    outer loop
      vertex 12.4722 -6 4.34999
      vertex 12.3487 -2 4.53488
      vertex 12.4722 -2 4.34999
    endloop
  endfacet
  facet normal -0.831552 -0 -0.555447
    outer loop
      vertex 12.3487 -2 4.53488
      vertex 12.4722 -6 4.34999
      vertex 12.3487 -6 4.53488
    endloop
  endfacet
  facet normal -0.831552 0 -0.555447
    outer loop
      vertex 12.4722 2 4.34999
      vertex 12.3487 6 4.53488
      vertex 12.4722 6 4.34999
    endloop
  endfacet
  facet normal -0.831552 -0 -0.555447
    outer loop
      vertex 12.3487 6 4.53488
      vertex 12.4722 2 4.34999
      vertex 12.3487 2 4.53488
    endloop
  endfacet
  facet normal 0.555572 0 -0.831468
    outer loop
      vertex 1.75 8.35631 5.46891
      vertex 2.13066 6.5 5.72326
      vertex 1.75 6.5 5.46891
    endloop
  endfacet
  facet normal 0.555572 0 -0.831468
    outer loop
      vertex 2.13066 6.5 5.72326
      vertex 1.75 8.35631 5.46891
      vertex 2.13066 8.54404 5.72326
    endloop
  endfacet
  facet normal 0.980784 -0 0.195095
    outer loop
      vertex 3.38074 6.5 9.40587
      vertex 3.47006 10.5 8.95684
      vertex 3.38074 10.5 9.40587
    endloop
  endfacet
  facet normal 0.980784 0 0.195095
    outer loop
      vertex 3.47006 10.5 8.95684
      vertex 3.38074 6.5 9.40587
      vertex 3.47006 6.5 8.95684
    endloop
  endfacet
  facet normal -0.32132 0 0.946971
    outer loop
      vertex -1.33939 10.5 11.7336
      vertex -0.905867 6.5 11.8807
      vertex -0.905867 10.5 11.8807
    endloop
  endfacet
  facet normal -0.32132 0 0.946971
    outer loop
      vertex -0.905867 6.5 11.8807
      vertex -1.33939 10.5 11.7336
      vertex -1.33939 6.5 11.7336
    endloop
  endfacet
  facet normal -0.442288 0 -0.896873
    outer loop
      vertex -1.75 6.5 5.46891
      vertex -1.33939 8.21264 5.26642
      vertex -1.33939 6.5 5.26642
    endloop
  endfacet
  facet normal -0.442294 1.82985e-06 -0.89687
    outer loop
      vertex -1.33939 8.21264 5.26642
      vertex -1.75 6.5 5.46891
      vertex -1.72207 8.34254 5.45514
    endloop
  endfacet
  facet normal -0.442197 0 -0.896918
    outer loop
      vertex -1.72207 8.34254 5.45514
      vertex -1.75 6.5 5.46891
      vertex -1.75 8.35631 5.46891
    endloop
  endfacet
  facet normal -0.896873 0 -0.442288
    outer loop
      vertex -3.03109 6.5 6.75
      vertex -3.23358 10.5 7.16061
      vertex -3.03109 10.5 6.75
    endloop
  endfacet
  facet normal -0.896873 -0 -0.442288
    outer loop
      vertex -3.23358 10.5 7.16061
      vertex -3.03109 6.5 6.75
      vertex -3.23358 6.5 7.16061
    endloop
  endfacet
  facet normal 0.896873 0 -0.442288
    outer loop
      vertex 3.23358 6.5 7.16061
      vertex 3.03109 10.5 6.75
      vertex 3.23358 10.5 7.16061
    endloop
  endfacet
  facet normal 0.896873 0 -0.442288
    outer loop
      vertex 3.03109 10.5 6.75
      vertex 3.23358 6.5 7.16061
      vertex 3.03109 6.5 6.75
    endloop
  endfacet
  facet normal 0.980784 0 -0.195095
    outer loop
      vertex 3.47006 6.5 8.04316
      vertex 3.38074 10.5 7.59413
      vertex 3.47006 10.5 8.04316
    endloop
  endfacet
  facet normal 0.980784 0 -0.195095
    outer loop
      vertex 3.38074 10.5 7.59413
      vertex 3.47006 6.5 8.04316
      vertex 3.38074 6.5 7.59413
    endloop
  endfacet
  facet normal 0.831461 0 -0.555583
    outer loop
      vertex 3.03109 10.5 6.75
      vertex 2.86404 9.0392 6.5
      vertex 2.86404 10.5 6.5
    endloop
  endfacet
  facet normal 0.831461 0 -0.555583
    outer loop
      vertex 3.03109 6.5 6.75
      vertex 2.86404 9.0392 6.5
      vertex 3.03109 10.5 6.75
    endloop
  endfacet
  facet normal 0.831499 8.11147e-06 -0.555526
    outer loop
      vertex 3.03109 6.5 6.75
      vertex 2.77674 8.96263 6.36933
      vertex 2.86404 9.0392 6.5
    endloop
  endfacet
  facet normal 0.831475 0 -0.555562
    outer loop
      vertex 2.77674 8.96263 6.36933
      vertex 3.03109 6.5 6.75
      vertex 2.77674 6.5 6.36933
    endloop
  endfacet
  facet normal 0.659354 0 -0.751833
    outer loop
      vertex 2.47487 6.5 6.02513
      vertex 2.25 8.60289 5.82792
      vertex 2.47487 8.75314 6.02513
    endloop
  endfacet
  facet normal 0.659353 0 -0.751833
    outer loop
      vertex 2.13066 8.54404 5.72326
      vertex 2.47487 6.5 6.02513
      vertex 2.13066 6.5 5.72326
    endloop
  endfacet
  facet normal 0.659352 -4.18899e-07 -0.751835
    outer loop
      vertex 2.47487 6.5 6.02513
      vertex 2.13066 8.54404 5.72326
      vertex 2.25 8.60289 5.82792
    endloop
  endfacet
  facet normal 0.321427 0 -0.946935
    outer loop
      vertex 1.33939 6.5 5.26642
      vertex 1.16469 8.15333 5.20712
      vertex 1.33939 8.21264 5.26642
    endloop
  endfacet
  facet normal 0.321437 0 -0.946931
    outer loop
      vertex 0.905867 8.10185 5.11926
      vertex 1.33939 6.5 5.26642
      vertex 0.905867 6.5 5.11926
    endloop
  endfacet
  facet normal 0.321444 2.03316e-06 -0.946929
    outer loop
      vertex 1.33939 6.5 5.26642
      vertex 0.905867 8.10185 5.11926
      vertex 1.16469 8.15333 5.20712
    endloop
  endfacet
  facet normal -0.751824 0 -0.659364
    outer loop
      vertex -2.77674 6.5 6.36933
      vertex -2.47487 8.75314 6.02513
      vertex -2.47487 6.5 6.02513
    endloop
  endfacet
  facet normal -0.751826 5.60626e-07 -0.659362
    outer loop
      vertex -2.47487 8.75314 6.02513
      vertex -2.77674 6.5 6.36933
      vertex -2.73943 8.92991 6.32679
    endloop
  endfacet
  facet normal -0.75181 0 -0.65938
    outer loop
      vertex -2.73943 8.92991 6.32679
      vertex -2.77674 6.5 6.36933
      vertex -2.77674 8.96263 6.36933
    endloop
  endfacet
  facet normal -0.555572 0 -0.831468
    outer loop
      vertex -2.13066 6.5 5.72326
      vertex -1.75 8.35631 5.46891
      vertex -1.75 6.5 5.46891
    endloop
  endfacet
  facet normal -0.555572 0 -0.831468
    outer loop
      vertex -1.75 8.35631 5.46891
      vertex -2.13066 6.5 5.72326
      vertex -2.13066 8.54404 5.72326
    endloop
  endfacet
  facet normal -0.195139 0 -0.980776
    outer loop
      vertex -0.456841 6.5 5.02994
      vertex -0.587367 8.0385 5.05591
      vertex -0.456841 8.02994 5.02994
    endloop
  endfacet
  facet normal -0.195097 3.7238e-06 -0.980784
    outer loop
      vertex -0.905867 6.5 5.11926
      vertex -0.587367 8.0385 5.05591
      vertex -0.456841 6.5 5.02994
    endloop
  endfacet
  facet normal -0.19508 0 -0.980787
    outer loop
      vertex -0.587367 8.0385 5.05591
      vertex -0.905867 6.5 5.11926
      vertex -0.905867 8.10185 5.11926
    endloop
  endfacet
  facet normal -0.659353 0 -0.751833
    outer loop
      vertex -2.47487 6.5 6.02513
      vertex -2.13066 8.54404 5.72326
      vertex -2.13066 6.5 5.72326
    endloop
  endfacet
  facet normal -0.659352 -4.18899e-07 -0.751835
    outer loop
      vertex -2.13066 8.54404 5.72326
      vertex -2.47487 6.5 6.02513
      vertex -2.25 8.60289 5.82792
    endloop
  endfacet
  facet normal -0.659354 0 -0.751833
    outer loop
      vertex -2.25 8.60289 5.82792
      vertex -2.47487 6.5 6.02513
      vertex -2.47487 8.75314 6.02513
    endloop
  endfacet
  facet normal 0.997859 0 -0.0653969
    outer loop
      vertex 3.5 6.5 8.5
      vertex 3.47006 10.5 8.04316
      vertex 3.5 10.5 8.5
    endloop
  endfacet
  facet normal 0.997859 0 -0.0653969
    outer loop
      vertex 3.47006 10.5 8.04316
      vertex 3.5 6.5 8.5
      vertex 3.47006 6.5 8.04316
    endloop
  endfacet
  facet normal 0.94693 -0 0.321439
    outer loop
      vertex 3.23358 6.5 9.83939
      vertex 3.38074 10.5 9.40587
      vertex 3.23358 10.5 9.83939
    endloop
  endfacet
  facet normal 0.94693 0 0.321439
    outer loop
      vertex 3.38074 10.5 9.40587
      vertex 3.23358 6.5 9.83939
      vertex 3.38074 6.5 9.40587
    endloop
  endfacet
  facet normal 0.32132 0 0.946971
    outer loop
      vertex 0.905867 10.5 11.8807
      vertex 1.33939 6.5 11.7336
      vertex 1.33939 10.5 11.7336
    endloop
  endfacet
  facet normal 0.32132 0 0.946971
    outer loop
      vertex 1.33939 6.5 11.7336
      vertex 0.905867 10.5 11.8807
      vertex 0.905867 6.5 11.8807
    endloop
  endfacet
  facet normal 0.442305 0 0.896864
    outer loop
      vertex 1.33939 10.5 11.7336
      vertex 1.75 6.5 11.5311
      vertex 1.75 10.5 11.5311
    endloop
  endfacet
  facet normal 0.442305 0 0.896864
    outer loop
      vertex 1.75 6.5 11.5311
      vertex 1.33939 10.5 11.7336
      vertex 1.33939 6.5 11.7336
    endloop
  endfacet
  facet normal -0.195265 0 0.980751
    outer loop
      vertex -0.905867 10.5 11.8807
      vertex -0.456841 6.5 11.9701
      vertex -0.456841 10.5 11.9701
    endloop
  endfacet
  facet normal -0.195265 0 0.980751
    outer loop
      vertex -0.456841 6.5 11.9701
      vertex -0.905867 10.5 11.8807
      vertex -0.905867 6.5 11.8807
    endloop
  endfacet
  facet normal -0.659267 0 0.751909
    outer loop
      vertex -2.47487 10.5 10.9749
      vertex -2.13066 6.5 11.2767
      vertex -2.13066 10.5 11.2767
    endloop
  endfacet
  facet normal -0.659267 0 0.751909
    outer loop
      vertex -2.13066 6.5 11.2767
      vertex -2.47487 10.5 10.9749
      vertex -2.47487 6.5 10.9749
    endloop
  endfacet
  facet normal -0.896873 0 0.442288
    outer loop
      vertex -3.23358 6.5 9.83939
      vertex -3.03109 10.5 10.25
      vertex -3.23358 10.5 9.83939
    endloop
  endfacet
  facet normal -0.896873 0 0.442288
    outer loop
      vertex -3.03109 10.5 10.25
      vertex -3.23358 6.5 9.83939
      vertex -3.03109 6.5 10.25
    endloop
  endfacet
  facet normal 0.94693 0 -0.321439
    outer loop
      vertex 3.38074 6.5 7.59413
      vertex 3.23358 10.5 7.16061
      vertex 3.38074 10.5 7.59413
    endloop
  endfacet
  facet normal 0.94693 0 -0.321439
    outer loop
      vertex 3.23358 10.5 7.16061
      vertex 3.38074 6.5 7.59413
      vertex 3.23358 6.5 7.16061
    endloop
  endfacet
  facet normal 0.75181 0 -0.65938
    outer loop
      vertex 2.77674 6.5 6.36933
      vertex 2.73943 8.92991 6.32679
      vertex 2.77674 8.96263 6.36933
    endloop
  endfacet
  facet normal 0.751826 5.60626e-07 -0.659362
    outer loop
      vertex 2.77674 6.5 6.36933
      vertex 2.47487 8.75314 6.02513
      vertex 2.73943 8.92991 6.32679
    endloop
  endfacet
  facet normal 0.751824 0 -0.659364
    outer loop
      vertex 2.47487 8.75314 6.02513
      vertex 2.77674 6.5 6.36933
      vertex 2.47487 6.5 6.02513
    endloop
  endfacet
  facet normal -0.0653967 0 -0.997859
    outer loop
      vertex -0.456841 6.5 5.02994
      vertex 0 8 5
      vertex 0 6.5 5
    endloop
  endfacet
  facet normal -0.0653967 0 -0.997859
    outer loop
      vertex 0 8 5
      vertex -0.456841 6.5 5.02994
      vertex -0.456841 8.02994 5.02994
    endloop
  endfacet
  facet normal 0.442197 0 -0.896918
    outer loop
      vertex 1.75 6.5 5.46891
      vertex 1.72207 8.34254 5.45514
      vertex 1.75 8.35631 5.46891
    endloop
  endfacet
  facet normal 0.442288 0 -0.896873
    outer loop
      vertex 1.33939 8.21264 5.26642
      vertex 1.75 6.5 5.46891
      vertex 1.33939 6.5 5.26642
    endloop
  endfacet
  facet normal 0.442294 1.82985e-06 -0.89687
    outer loop
      vertex 1.75 6.5 5.46891
      vertex 1.33939 8.21264 5.26642
      vertex 1.72207 8.34254 5.45514
    endloop
  endfacet
  facet normal 0.19508 0 -0.980787
    outer loop
      vertex 0.905867 6.5 5.11926
      vertex 0.587367 8.0385 5.05591
      vertex 0.905867 8.10185 5.11926
    endloop
  endfacet
  facet normal 0.195097 3.7238e-06 -0.980784
    outer loop
      vertex 0.456841 6.5 5.02994
      vertex 0.587367 8.0385 5.05591
      vertex 0.905867 6.5 5.11926
    endloop
  endfacet
  facet normal 0.195139 0 -0.980776
    outer loop
      vertex 0.587367 8.0385 5.05591
      vertex 0.456841 6.5 5.02994
      vertex 0.456841 8.02994 5.02994
    endloop
  endfacet
  facet normal -0.997859 0 -0.0653969
    outer loop
      vertex -3.47006 6.5 8.04316
      vertex -3.5 10.5 8.5
      vertex -3.47006 10.5 8.04316
    endloop
  endfacet
  facet normal -0.997859 -0 -0.0653969
    outer loop
      vertex -3.5 10.5 8.5
      vertex -3.47006 6.5 8.04316
      vertex -3.5 6.5 8.5
    endloop
  endfacet
  facet normal -0.94693 0 -0.321439
    outer loop
      vertex -3.23358 6.5 7.16061
      vertex -3.38074 10.5 7.59413
      vertex -3.23358 10.5 7.16061
    endloop
  endfacet
  facet normal -0.94693 -0 -0.321439
    outer loop
      vertex -3.38074 10.5 7.59413
      vertex -3.23358 6.5 7.16061
      vertex -3.38074 6.5 7.59413
    endloop
  endfacet
  facet normal -0.831461 0 -0.555583
    outer loop
      vertex -2.86404 9.0392 6.5
      vertex -3.03109 10.5 6.75
      vertex -2.86404 10.5 6.5
    endloop
  endfacet
  facet normal -0.831475 0 -0.555562
    outer loop
      vertex -3.03109 6.5 6.75
      vertex -2.77674 8.96263 6.36933
      vertex -2.77674 6.5 6.36933
    endloop
  endfacet
  facet normal -0.831499 8.11147e-06 -0.555526
    outer loop
      vertex -2.77674 8.96263 6.36933
      vertex -3.03109 6.5 6.75
      vertex -2.86404 9.0392 6.5
    endloop
  endfacet
  facet normal -0.831461 0 -0.555583
    outer loop
      vertex -2.86404 9.0392 6.5
      vertex -3.03109 6.5 6.75
      vertex -3.03109 10.5 6.75
    endloop
  endfacet
  facet normal -0.321437 0 -0.946931
    outer loop
      vertex -1.33939 6.5 5.26642
      vertex -0.905867 8.10185 5.11926
      vertex -0.905867 6.5 5.11926
    endloop
  endfacet
  facet normal -0.321444 2.03316e-06 -0.946929
    outer loop
      vertex -0.905867 8.10185 5.11926
      vertex -1.33939 6.5 5.26642
      vertex -1.16469 8.15333 5.20712
    endloop
  endfacet
  facet normal -0.321427 0 -0.946935
    outer loop
      vertex -1.16469 8.15333 5.20712
      vertex -1.33939 6.5 5.26642
      vertex -1.33939 8.21264 5.26642
    endloop
  endfacet
  facet normal 0.997859 -0 0.0653969
    outer loop
      vertex 3.47006 6.5 8.95684
      vertex 3.5 10.5 8.5
      vertex 3.47006 10.5 8.95684
    endloop
  endfacet
  facet normal 0.997859 0 0.0653969
    outer loop
      vertex 3.5 10.5 8.5
      vertex 3.47006 6.5 8.95684
      vertex 3.5 6.5 8.5
    endloop
  endfacet
  facet normal 0.0653097 0 0.997865
    outer loop
      vertex 0 10.5 12
      vertex 0.456841 6.5 11.9701
      vertex 0.456841 10.5 11.9701
    endloop
  endfacet
  facet normal 0.0653097 0 0.997865
    outer loop
      vertex 0.456841 6.5 11.9701
      vertex 0 10.5 12
      vertex 0 6.5 12
    endloop
  endfacet
  facet normal 0.751824 -0 0.659364
    outer loop
      vertex 2.47487 6.5 10.9749
      vertex 2.77674 10.5 10.6307
      vertex 2.47487 10.5 10.9749
    endloop
  endfacet
  facet normal 0.751824 0 0.659364
    outer loop
      vertex 2.77674 10.5 10.6307
      vertex 2.47487 6.5 10.9749
      vertex 2.77674 6.5 10.6307
    endloop
  endfacet
  facet normal 0.195265 0 0.980751
    outer loop
      vertex 0.456841 10.5 11.9701
      vertex 0.905867 6.5 11.8807
      vertex 0.905867 10.5 11.8807
    endloop
  endfacet
  facet normal 0.195265 0 0.980751
    outer loop
      vertex 0.905867 6.5 11.8807
      vertex 0.456841 10.5 11.9701
      vertex 0.456841 6.5 11.9701
    endloop
  endfacet
  facet normal 0.555647 0 0.831418
    outer loop
      vertex 1.75 10.5 11.5311
      vertex 2.13066 6.5 11.2767
      vertex 2.13066 10.5 11.2767
    endloop
  endfacet
  facet normal 0.555647 0 0.831418
    outer loop
      vertex 2.13066 6.5 11.2767
      vertex 1.75 10.5 11.5311
      vertex 1.75 6.5 11.5311
    endloop
  endfacet
  facet normal -0.0653097 0 0.997865
    outer loop
      vertex -0.456841 10.5 11.9701
      vertex 0 6.5 12
      vertex 0 10.5 12
    endloop
  endfacet
  facet normal -0.0653097 0 0.997865
    outer loop
      vertex 0 6.5 12
      vertex -0.456841 10.5 11.9701
      vertex -0.456841 6.5 11.9701
    endloop
  endfacet
  facet normal -0.442305 0 0.896864
    outer loop
      vertex -1.75 10.5 11.5311
      vertex -1.33939 6.5 11.7336
      vertex -1.33939 10.5 11.7336
    endloop
  endfacet
  facet normal -0.442305 0 0.896864
    outer loop
      vertex -1.33939 6.5 11.7336
      vertex -1.75 10.5 11.5311
      vertex -1.75 6.5 11.5311
    endloop
  endfacet
  facet normal -0.94693 0 0.321439
    outer loop
      vertex -3.38074 6.5 9.40587
      vertex -3.23358 10.5 9.83939
      vertex -3.38074 10.5 9.40587
    endloop
  endfacet
  facet normal -0.94693 0 0.321439
    outer loop
      vertex -3.23358 10.5 9.83939
      vertex -3.38074 6.5 9.40587
      vertex -3.23358 6.5 9.83939
    endloop
  endfacet
  facet normal -0.997859 0 0.0653969
    outer loop
      vertex -3.5 6.5 8.5
      vertex -3.47006 10.5 8.95684
      vertex -3.5 10.5 8.5
    endloop
  endfacet
  facet normal -0.997859 0 0.0653969
    outer loop
      vertex -3.47006 10.5 8.95684
      vertex -3.5 6.5 8.5
      vertex -3.47006 6.5 8.95684
    endloop
  endfacet
  facet normal 0 -1 0
    outer loop
      vertex 0 6.5 10.9041
      vertex 0 6.5 12
      vertex -0.456841 6.5 11.9701
    endloop
  endfacet
  facet normal 0 -1 0
    outer loop
      vertex 0 6.5 10.9041
      vertex -0.456841 6.5 11.9701
      vertex -0.905867 6.5 11.8807
    endloop
  endfacet
  facet normal 0 -1 0
    outer loop
      vertex 0 6.5 12
      vertex 0 6.5 10.9041
      vertex 0.456841 6.5 11.9701
    endloop
  endfacet
  facet normal 0 -1 0
    outer loop
      vertex 0 6.5 10.9041
      vertex -0.905867 6.5 11.8807
      vertex -1.33939 6.5 11.7336
    endloop
  endfacet
  facet normal 0 -1 -0
    outer loop
      vertex 0.456841 6.5 11.9701
      vertex 0 6.5 10.9041
      vertex 0.905867 6.5 11.8807
    endloop
  endfacet
  facet normal 0 -1 0
    outer loop
      vertex -1.20207 6.5 9.70207
      vertex -1.33939 6.5 11.7336
      vertex -1.75 6.5 11.5311
    endloop
  endfacet
  facet normal 0 -1 -0
    outer loop
      vertex 0.905867 6.5 11.8807
      vertex 0 6.5 10.9041
      vertex 1.33939 6.5 11.7336
    endloop
  endfacet
  facet normal 0 -1 0
    outer loop
      vertex -1.20207 6.5 9.70207
      vertex -1.75 6.5 11.5311
      vertex -2.13066 6.5 11.2767
    endloop
  endfacet
  facet normal 0 -1 0
    outer loop
      vertex 1.20207 6.5 9.70207
      vertex 1.33939 6.5 11.7336
      vertex 0 6.5 10.9041
    endloop
  endfacet
  facet normal 0 -1 0
    outer loop
      vertex -1.20207 6.5 9.70207
      vertex -2.13066 6.5 11.2767
      vertex -2.47487 6.5 10.9749
    endloop
  endfacet
  facet normal 0 -1 -0
    outer loop
      vertex 1.33939 6.5 11.7336
      vertex 1.20207 6.5 9.70207
      vertex 1.75 6.5 11.5311
    endloop
  endfacet
  facet normal 0 -1 -0
    outer loop
      vertex 1.75 6.5 11.5311
      vertex 1.20207 6.5 9.70207
      vertex 2.13066 6.5 11.2767
    endloop
  endfacet
  facet normal 0 -1 0
    outer loop
      vertex -1.20207 6.5 9.70207
      vertex -2.47487 6.5 10.9749
      vertex -2.77674 6.5 10.6307
    endloop
  endfacet
  facet normal 0 -1 0
    outer loop
      vertex -1.34869 6.5 9.53488
      vertex -2.77674 6.5 10.6307
      vertex -3.03109 6.5 10.25
    endloop
  endfacet
  facet normal 0 -1 0
    outer loop
      vertex -1.47223 6.5 9.34999
      vertex -3.03109 6.5 10.25
      vertex -3.23358 6.5 9.83939
    endloop
  endfacet
  facet normal 0 -1 0
    outer loop
      vertex -1.33939 6.5 11.7336
      vertex -1.20207 6.5 9.70207
      vertex 0 6.5 10.9041
    endloop
  endfacet
  facet normal 0 -1 0
    outer loop
      vertex -2.77674 6.5 10.6307
      vertex -1.34869 6.5 9.53488
      vertex -1.20207 6.5 9.70207
    endloop
  endfacet
  facet normal 0 -1 0
    outer loop
      vertex -1.57059 6.5 9.15056
      vertex -3.23358 6.5 9.83939
      vertex -3.38074 6.5 9.40587
    endloop
  endfacet
  facet normal 0 -1 0
    outer loop
      vertex -3.03109 6.5 10.25
      vertex -1.47223 6.5 9.34999
      vertex -1.34869 6.5 9.53488
    endloop
  endfacet
  facet normal 0 -1 0
    outer loop
      vertex -3.23358 6.5 9.83939
      vertex -1.57059 6.5 9.15056
      vertex -1.47223 6.5 9.34999
    endloop
  endfacet
  facet normal 0 -1 0
    outer loop
      vertex -1.64206 6.5 8.93999
      vertex -3.38074 6.5 9.40587
      vertex -3.47006 6.5 8.95684
    endloop
  endfacet
  facet normal 0 -1 0
    outer loop
      vertex -3.38074 6.5 9.40587
      vertex -1.64206 6.5 8.93999
      vertex -1.57059 6.5 9.15056
    endloop
  endfacet
  facet normal 0 -1 0
    outer loop
      vertex -3.47006 6.5 8.95684
      vertex -1.68546 6.5 8.72189
      vertex -1.64206 6.5 8.93999
    endloop
  endfacet
  facet normal 0 -1 0
    outer loop
      vertex -3.5 6.5 8.5
      vertex -1.68546 6.5 8.72189
      vertex -3.47006 6.5 8.95684
    endloop
  endfacet
  facet normal 0 -1 0
    outer loop
      vertex -3.5 6.5 8.5
      vertex -1.7 6.5 8.5
      vertex -1.68546 6.5 8.72189
    endloop
  endfacet
  facet normal 0 -1 0
    outer loop
      vertex -3.5 6.5 8.5
      vertex -1.68546 6.5 8.27811
      vertex -1.7 6.5 8.5
    endloop
  endfacet
  facet normal 0 -1 0
    outer loop
      vertex -3.47006 6.5 8.04316
      vertex -1.68546 6.5 8.27811
      vertex -3.5 6.5 8.5
    endloop
  endfacet
  facet normal 0 -1 -0
    outer loop
      vertex -1.68546 6.5 8.27811
      vertex -3.47006 6.5 8.04316
      vertex -1.64206 6.5 8.06001
    endloop
  endfacet
  facet normal 0 -1 0
    outer loop
      vertex -3.38074 6.5 7.59413
      vertex -1.64206 6.5 8.06001
      vertex -3.47006 6.5 8.04316
    endloop
  endfacet
  facet normal 0 -1 -0
    outer loop
      vertex -1.64206 6.5 8.06001
      vertex -3.38074 6.5 7.59413
      vertex -1.57059 6.5 7.84944
    endloop
  endfacet
  facet normal 0 -1 0
    outer loop
      vertex -3.23358 6.5 7.16061
      vertex -1.57059 6.5 7.84944
      vertex -3.38074 6.5 7.59413
    endloop
  endfacet
  facet normal 0 -1 -0
    outer loop
      vertex -1.57059 6.5 7.84944
      vertex -3.23358 6.5 7.16061
      vertex -1.47223 6.5 7.65001
    endloop
  endfacet
  facet normal 0 -1 0
    outer loop
      vertex -3.03109 6.5 6.75
      vertex -1.47223 6.5 7.65001
      vertex -3.23358 6.5 7.16061
    endloop
  endfacet
  facet normal 0 -1 -0
    outer loop
      vertex -1.47223 6.5 7.65001
      vertex -3.03109 6.5 6.75
      vertex -1.34869 6.5 7.46512
    endloop
  endfacet
  facet normal 0 -1 0
    outer loop
      vertex -2.77674 6.5 6.36933
      vertex -1.34869 6.5 7.46512
      vertex -3.03109 6.5 6.75
    endloop
  endfacet
  facet normal 0 -1 -0
    outer loop
      vertex -1.34869 6.5 7.46512
      vertex -2.77674 6.5 6.36933
      vertex -1.20207 6.5 7.29793
    endloop
  endfacet
  facet normal 0 -1 0
    outer loop
      vertex -2.47487 6.5 6.02513
      vertex -1.20207 6.5 7.29793
      vertex -2.77674 6.5 6.36933
    endloop
  endfacet
  facet normal 0 -1 -0
    outer loop
      vertex -1.20207 6.5 7.29793
      vertex -2.47487 6.5 6.02513
      vertex -1.03488 6.5 7.15131
    endloop
  endfacet
  facet normal 0 -1 0
    outer loop
      vertex -2.13066 6.5 5.72326
      vertex -1.03488 6.5 7.15131
      vertex -2.47487 6.5 6.02513
    endloop
  endfacet
  facet normal 0 -1 0
    outer loop
      vertex -1.75 6.5 5.46891
      vertex -0.849991 6.5 7.02777
      vertex -2.13066 6.5 5.72326
    endloop
  endfacet
  facet normal 0 -1 -0
    outer loop
      vertex -1.03488 6.5 7.15131
      vertex -2.13066 6.5 5.72326
      vertex -0.849991 6.5 7.02777
    endloop
  endfacet
  facet normal 0 -1 -0
    outer loop
      vertex 2.13066 6.5 11.2767
      vertex 1.20207 6.5 9.70207
      vertex 2.47487 6.5 10.9749
    endloop
  endfacet
  facet normal 0 -1 -0
    outer loop
      vertex 2.47487 6.5 10.9749
      vertex 1.20207 6.5 9.70207
      vertex 2.77674 6.5 10.6307
    endloop
  endfacet
  facet normal 0 -1 0
    outer loop
      vertex 1.34869 6.5 9.53488
      vertex 2.77674 6.5 10.6307
      vertex 1.20207 6.5 9.70207
    endloop
  endfacet
  facet normal 0 -1 -0
    outer loop
      vertex 2.77674 6.5 10.6307
      vertex 1.34869 6.5 9.53488
      vertex 3.03109 6.5 10.25
    endloop
  endfacet
  facet normal 0 -1 0
    outer loop
      vertex 1.47223 6.5 9.34999
      vertex 3.03109 6.5 10.25
      vertex 1.34869 6.5 9.53488
    endloop
  endfacet
  facet normal 0 -1 -0
    outer loop
      vertex 3.03109 6.5 10.25
      vertex 1.47223 6.5 9.34999
      vertex 3.23358 6.5 9.83939
    endloop
  endfacet
  facet normal 0 -1 0
    outer loop
      vertex 1.57059 6.5 9.15056
      vertex 3.23358 6.5 9.83939
      vertex 1.47223 6.5 9.34999
    endloop
  endfacet
  facet normal 0 -1 -0
    outer loop
      vertex 3.23358 6.5 9.83939
      vertex 1.57059 6.5 9.15056
      vertex 3.38074 6.5 9.40587
    endloop
  endfacet
  facet normal 0 -1 0
    outer loop
      vertex 1.64206 6.5 8.93999
      vertex 3.38074 6.5 9.40587
      vertex 1.57059 6.5 9.15056
    endloop
  endfacet
  facet normal 0 -1 -0
    outer loop
      vertex 3.38074 6.5 9.40587
      vertex 1.64206 6.5 8.93999
      vertex 3.47006 6.5 8.95684
    endloop
  endfacet
  facet normal 0 -1 0
    outer loop
      vertex 1.68546 6.5 8.72189
      vertex 3.47006 6.5 8.95684
      vertex 1.64206 6.5 8.93999
    endloop
  endfacet
  facet normal 0 -1 0
    outer loop
      vertex 1.7 6.5 8.5
      vertex 3.47006 6.5 8.95684
      vertex 1.68546 6.5 8.72189
    endloop
  endfacet
  facet normal 0 -1 0
    outer loop
      vertex 1.7 6.5 8.5
      vertex 3.5 6.5 8.5
      vertex 3.47006 6.5 8.95684
    endloop
  endfacet
  facet normal 0 -1 0
    outer loop
      vertex 1.68546 6.5 8.27811
      vertex 3.5 6.5 8.5
      vertex 1.7 6.5 8.5
    endloop
  endfacet
  facet normal 0 -1 0
    outer loop
      vertex 3.47006 6.5 8.04316
      vertex 1.68546 6.5 8.27811
      vertex 1.64206 6.5 8.06001
    endloop
  endfacet
  facet normal 0 -1 0
    outer loop
      vertex 1.68546 6.5 8.27811
      vertex 3.47006 6.5 8.04316
      vertex 3.5 6.5 8.5
    endloop
  endfacet
  facet normal 0 -1 0
    outer loop
      vertex 3.38074 6.5 7.59413
      vertex 1.64206 6.5 8.06001
      vertex 1.57059 6.5 7.84944
    endloop
  endfacet
  facet normal 0 -1 0
    outer loop
      vertex 3.23358 6.5 7.16061
      vertex 1.57059 6.5 7.84944
      vertex 1.47223 6.5 7.65001
    endloop
  endfacet
  facet normal 0 -1 0
    outer loop
      vertex 1.64206 6.5 8.06001
      vertex 3.38074 6.5 7.59413
      vertex 3.47006 6.5 8.04316
    endloop
  endfacet
  facet normal 0 -1 0
    outer loop
      vertex 3.03109 6.5 6.75
      vertex 1.47223 6.5 7.65001
      vertex 1.34869 6.5 7.46512
    endloop
  endfacet
  facet normal 0 -1 0
    outer loop
      vertex 2.77674 6.5 6.36933
      vertex 1.34869 6.5 7.46512
      vertex 1.20207 6.5 7.29793
    endloop
  endfacet
  facet normal 0 -1 0
    outer loop
      vertex 1.57059 6.5 7.84944
      vertex 3.23358 6.5 7.16061
      vertex 3.38074 6.5 7.59413
    endloop
  endfacet
  facet normal 0 -1 0
    outer loop
      vertex 2.47487 6.5 6.02513
      vertex 1.20207 6.5 7.29793
      vertex 1.03488 6.5 7.15131
    endloop
  endfacet
  facet normal 0 -1 0
    outer loop
      vertex 2.13066 6.5 5.72326
      vertex 1.03488 6.5 7.15131
      vertex 0.849991 6.5 7.02777
    endloop
  endfacet
  facet normal 0 -1 0
    outer loop
      vertex 1.75 6.5 5.46891
      vertex 0.849991 6.5 7.02777
      vertex 0.650558 6.5 6.92941
    endloop
  endfacet
  facet normal 0 -1 0
    outer loop
      vertex 1.33939 6.5 5.26642
      vertex 0.650558 6.5 6.92941
      vertex 0.439987 6.5 6.85794
    endloop
  endfacet
  facet normal 0 -1 0
    outer loop
      vertex 0.905867 6.5 5.11926
      vertex 0.439987 6.5 6.85794
      vertex 0.221893 6.5 6.81454
    endloop
  endfacet
  facet normal 0 -1 0
    outer loop
      vertex 1.47223 6.5 7.65001
      vertex 3.03109 6.5 6.75
      vertex 3.23358 6.5 7.16061
    endloop
  endfacet
  facet normal 0 -1 0
    outer loop
      vertex 0.456841 6.5 5.02994
      vertex 0.221893 6.5 6.81454
      vertex 0 6.5 6.8
    endloop
  endfacet
  facet normal 0 -1 -0
    outer loop
      vertex -0.849991 6.5 7.02777
      vertex -1.75 6.5 5.46891
      vertex -0.650558 6.5 6.92941
    endloop
  endfacet
  facet normal 0 -1 0
    outer loop
      vertex -1.33939 6.5 5.26642
      vertex -0.650558 6.5 6.92941
      vertex -1.75 6.5 5.46891
    endloop
  endfacet
  facet normal 0 -1 0
    outer loop
      vertex 1.34869 6.5 7.46512
      vertex 2.77674 6.5 6.36933
      vertex 3.03109 6.5 6.75
    endloop
  endfacet
  facet normal 0 -1 -0
    outer loop
      vertex -0.650558 6.5 6.92941
      vertex -1.33939 6.5 5.26642
      vertex -0.439987 6.5 6.85794
    endloop
  endfacet
  facet normal 0 -1 0
    outer loop
      vertex 1.20207 6.5 7.29793
      vertex 2.47487 6.5 6.02513
      vertex 2.77674 6.5 6.36933
    endloop
  endfacet
  facet normal 0 -1 0
    outer loop
      vertex -0.905867 6.5 5.11926
      vertex -0.439987 6.5 6.85794
      vertex -1.33939 6.5 5.26642
    endloop
  endfacet
  facet normal 0 -1 0
    outer loop
      vertex 1.03488 6.5 7.15131
      vertex 2.13066 6.5 5.72326
      vertex 2.47487 6.5 6.02513
    endloop
  endfacet
  facet normal 0 -1 -0
    outer loop
      vertex -0.439987 6.5 6.85794
      vertex -0.905867 6.5 5.11926
      vertex -0.221893 6.5 6.81454
    endloop
  endfacet
  facet normal 0 -1 0
    outer loop
      vertex 0.849991 6.5 7.02777
      vertex 1.75 6.5 5.46891
      vertex 2.13066 6.5 5.72326
    endloop
  endfacet
  facet normal 0 -1 0
    outer loop
      vertex -0.456841 6.5 5.02994
      vertex -0.221893 6.5 6.81454
      vertex -0.905867 6.5 5.11926
    endloop
  endfacet
  facet normal 0 -1 0
    outer loop
      vertex 0.650558 6.5 6.92941
      vertex 1.33939 6.5 5.26642
      vertex 1.75 6.5 5.46891
    endloop
  endfacet
  facet normal 0 -1 -0
    outer loop
      vertex -0.221893 6.5 6.81454
      vertex -0.456841 6.5 5.02994
      vertex 0 6.5 6.8
    endloop
  endfacet
  facet normal 0 -1 0
    outer loop
      vertex 0.439987 6.5 6.85794
      vertex 0.905867 6.5 5.11926
      vertex 1.33939 6.5 5.26642
    endloop
  endfacet
  facet normal 0 -1 0
    outer loop
      vertex 0 6.5 5
      vertex 0 6.5 6.8
      vertex -0.456841 6.5 5.02994
    endloop
  endfacet
  facet normal 0 -1 0
    outer loop
      vertex 0.221893 6.5 6.81454
      vertex 0.456841 6.5 5.02994
      vertex 0.905867 6.5 5.11926
    endloop
  endfacet
  facet normal 0 -1 0
    outer loop
      vertex 0 6.5 6.8
      vertex 0 6.5 5
      vertex 0.456841 6.5 5.02994
    endloop
  endfacet
  facet normal -0.831495 0 0.555532
    outer loop
      vertex -3.03109 6.5 10.25
      vertex -2.77674 10.5 10.6307
      vertex -3.03109 10.5 10.25
    endloop
  endfacet
  facet normal -0.831495 0 0.555532
    outer loop
      vertex -2.77674 10.5 10.6307
      vertex -3.03109 6.5 10.25
      vertex -2.77674 6.5 10.6307
    endloop
  endfacet
  facet normal -0.751824 0 0.659364
    outer loop
      vertex -2.77674 6.5 10.6307
      vertex -2.47487 10.5 10.9749
      vertex -2.77674 10.5 10.6307
    endloop
  endfacet
  facet normal -0.751824 0 0.659364
    outer loop
      vertex -2.47487 10.5 10.9749
      vertex -2.77674 6.5 10.6307
      vertex -2.47487 6.5 10.9749
    endloop
  endfacet
  facet normal 0.0653967 0 -0.997859
    outer loop
      vertex 0 8 5
      vertex 0.456841 6.5 5.02994
      vertex 0 6.5 5
    endloop
  endfacet
  facet normal 0.0653967 0 -0.997859
    outer loop
      vertex 0.456841 6.5 5.02994
      vertex 0 8 5
      vertex 0.456841 8.02994 5.02994
    endloop
  endfacet
  facet normal 0 1 0
    outer loop
      vertex 0 10.5 10.9041
      vertex 0 10.5 12
      vertex 0.456841 10.5 11.9701
    endloop
  endfacet
  facet normal 0 1 0
    outer loop
      vertex 0 10.5 10.9041
      vertex 0.456841 10.5 11.9701
      vertex 0.905867 10.5 11.8807
    endloop
  endfacet
  facet normal 0 1 0
    outer loop
      vertex 0 10.5 12
      vertex 0 10.5 10.9041
      vertex -0.456841 10.5 11.9701
    endloop
  endfacet
  facet normal 0 1 0
    outer loop
      vertex 0 10.5 10.9041
      vertex 0.905867 10.5 11.8807
      vertex 1.33939 10.5 11.7336
    endloop
  endfacet
  facet normal 0 1 0
    outer loop
      vertex -0.456841 10.5 11.9701
      vertex 0 10.5 10.9041
      vertex -0.905867 10.5 11.8807
    endloop
  endfacet
  facet normal 0 1 0
    outer loop
      vertex 1.20207 10.5 9.70207
      vertex 1.33939 10.5 11.7336
      vertex 1.75 10.5 11.5311
    endloop
  endfacet
  facet normal 0 1 0
    outer loop
      vertex -0.905867 10.5 11.8807
      vertex 0 10.5 10.9041
      vertex -1.33939 10.5 11.7336
    endloop
  endfacet
  facet normal 0 1 0
    outer loop
      vertex 1.20207 10.5 9.70207
      vertex 1.75 10.5 11.5311
      vertex 2.13066 10.5 11.2767
    endloop
  endfacet
  facet normal 0 1 -0
    outer loop
      vertex -1.20207 10.5 9.70207
      vertex -1.33939 10.5 11.7336
      vertex 0 10.5 10.9041
    endloop
  endfacet
  facet normal 0 1 0
    outer loop
      vertex 1.20207 10.5 9.70207
      vertex 2.13066 10.5 11.2767
      vertex 2.47487 10.5 10.9749
    endloop
  endfacet
  facet normal 0 1 0
    outer loop
      vertex -1.33939 10.5 11.7336
      vertex -1.20207 10.5 9.70207
      vertex -1.75 10.5 11.5311
    endloop
  endfacet
  facet normal 0 1 0
    outer loop
      vertex -1.75 10.5 11.5311
      vertex -1.20207 10.5 9.70207
      vertex -2.13066 10.5 11.2767
    endloop
  endfacet
  facet normal 0 1 0
    outer loop
      vertex 1.20207 10.5 9.70207
      vertex 2.47487 10.5 10.9749
      vertex 2.77674 10.5 10.6307
    endloop
  endfacet
  facet normal 0 1 0
    outer loop
      vertex 1.34869 10.5 9.53488
      vertex 2.77674 10.5 10.6307
      vertex 3.03109 10.5 10.25
    endloop
  endfacet
  facet normal 0 1 0
    outer loop
      vertex 1.47223 10.5 9.34999
      vertex 3.03109 10.5 10.25
      vertex 3.23358 10.5 9.83939
    endloop
  endfacet
  facet normal 0 1 0
    outer loop
      vertex 1.33939 10.5 11.7336
      vertex 1.20207 10.5 9.70207
      vertex 0 10.5 10.9041
    endloop
  endfacet
  facet normal 0 1 0
    outer loop
      vertex 2.77674 10.5 10.6307
      vertex 1.34869 10.5 9.53488
      vertex 1.20207 10.5 9.70207
    endloop
  endfacet
  facet normal 0 1 0
    outer loop
      vertex 1.57059 10.5 9.15056
      vertex 3.23358 10.5 9.83939
      vertex 3.38074 10.5 9.40587
    endloop
  endfacet
  facet normal 0 1 0
    outer loop
      vertex 3.03109 10.5 10.25
      vertex 1.47223 10.5 9.34999
      vertex 1.34869 10.5 9.53488
    endloop
  endfacet
  facet normal 0 1 0
    outer loop
      vertex 3.23358 10.5 9.83939
      vertex 1.57059 10.5 9.15056
      vertex 1.47223 10.5 9.34999
    endloop
  endfacet
  facet normal 0 1 0
    outer loop
      vertex 1.64206 10.5 8.93999
      vertex 3.38074 10.5 9.40587
      vertex 3.47006 10.5 8.95684
    endloop
  endfacet
  facet normal 0 1 0
    outer loop
      vertex 3.38074 10.5 9.40587
      vertex 1.64206 10.5 8.93999
      vertex 1.57059 10.5 9.15056
    endloop
  endfacet
  facet normal 0 1 0
    outer loop
      vertex 3.47006 10.5 8.95684
      vertex 1.68546 10.5 8.72189
      vertex 1.64206 10.5 8.93999
    endloop
  endfacet
  facet normal 0 1 0
    outer loop
      vertex 3.5 10.5 8.5
      vertex 1.68546 10.5 8.72189
      vertex 3.47006 10.5 8.95684
    endloop
  endfacet
  facet normal 0 1 0
    outer loop
      vertex 3.5 10.5 8.5
      vertex 1.7 10.5 8.5
      vertex 1.68546 10.5 8.72189
    endloop
  endfacet
  facet normal 0 1 0
    outer loop
      vertex 3.5 10.5 8.5
      vertex 1.68546 10.5 8.27811
      vertex 1.7 10.5 8.5
    endloop
  endfacet
  facet normal 0 1 -0
    outer loop
      vertex 3.47006 10.5 8.04316
      vertex 1.68546 10.5 8.27811
      vertex 3.5 10.5 8.5
    endloop
  endfacet
  facet normal 0 1 0
    outer loop
      vertex 1.68546 10.5 8.27811
      vertex 3.47006 10.5 8.04316
      vertex 1.64206 10.5 8.06001
    endloop
  endfacet
  facet normal 0 1 -0
    outer loop
      vertex 3.38074 10.5 7.59413
      vertex 1.64206 10.5 8.06001
      vertex 3.47006 10.5 8.04316
    endloop
  endfacet
  facet normal 0 1 0
    outer loop
      vertex 1.64206 10.5 8.06001
      vertex 3.38074 10.5 7.59413
      vertex 1.57059 10.5 7.84944
    endloop
  endfacet
  facet normal 0 1 -0
    outer loop
      vertex 3.23358 10.5 7.16061
      vertex 1.57059 10.5 7.84944
      vertex 3.38074 10.5 7.59413
    endloop
  endfacet
  facet normal 0 1 0
    outer loop
      vertex 1.57059 10.5 7.84944
      vertex 3.23358 10.5 7.16061
      vertex 1.47223 10.5 7.65001
    endloop
  endfacet
  facet normal 0 1 -0
    outer loop
      vertex 3.03109 10.5 6.75
      vertex 1.47223 10.5 7.65001
      vertex 3.23358 10.5 7.16061
    endloop
  endfacet
  facet normal 0 1 -0
    outer loop
      vertex 2.86404 10.5 6.5
      vertex 1.47223 10.5 7.65001
      vertex 3.03109 10.5 6.75
    endloop
  endfacet
  facet normal 0 1 0
    outer loop
      vertex 1.47223 10.5 7.65001
      vertex 2.86404 10.5 6.5
      vertex 1.34869 10.5 7.46512
    endloop
  endfacet
  facet normal 0 1 0
    outer loop
      vertex 1.34869 10.5 7.46512
      vertex 2.86404 10.5 6.5
      vertex 1.20207 10.5 7.29793
    endloop
  endfacet
  facet normal 0 1 0
    outer loop
      vertex 1.20207 10.5 7.29793
      vertex 2.86404 10.5 6.5
      vertex 1.03488 10.5 7.15131
    endloop
  endfacet
  facet normal 0 1 0
    outer loop
      vertex 1.03488 10.5 7.15131
      vertex 2.86404 10.5 6.5
      vertex 0.849991 10.5 7.02777
    endloop
  endfacet
  facet normal 0 1 0
    outer loop
      vertex 0.849991 10.5 7.02777
      vertex 2.86404 10.5 6.5
      vertex 0.650558 10.5 6.92941
    endloop
  endfacet
  facet normal 0 1 0
    outer loop
      vertex 0.439987 10.5 6.85794
      vertex 2.86404 10.5 6.5
      vertex 0.221893 10.5 6.81454
    endloop
  endfacet
  facet normal 0 1 0
    outer loop
      vertex 0.650558 10.5 6.92941
      vertex 2.86404 10.5 6.5
      vertex 0.439987 10.5 6.85794
    endloop
  endfacet
  facet normal 0 1 0
    outer loop
      vertex -2.13066 10.5 11.2767
      vertex -1.20207 10.5 9.70207
      vertex -2.47487 10.5 10.9749
    endloop
  endfacet
  facet normal 0 1 0
    outer loop
      vertex -2.47487 10.5 10.9749
      vertex -1.20207 10.5 9.70207
      vertex -2.77674 10.5 10.6307
    endloop
  endfacet
  facet normal 0 1 -0
    outer loop
      vertex -1.34869 10.5 9.53488
      vertex -2.77674 10.5 10.6307
      vertex -1.20207 10.5 9.70207
    endloop
  endfacet
  facet normal 0 1 0
    outer loop
      vertex -2.77674 10.5 10.6307
      vertex -1.34869 10.5 9.53488
      vertex -3.03109 10.5 10.25
    endloop
  endfacet
  facet normal 0 1 -0
    outer loop
      vertex -1.47223 10.5 9.34999
      vertex -3.03109 10.5 10.25
      vertex -1.34869 10.5 9.53488
    endloop
  endfacet
  facet normal 0 1 0
    outer loop
      vertex -3.03109 10.5 10.25
      vertex -1.47223 10.5 9.34999
      vertex -3.23358 10.5 9.83939
    endloop
  endfacet
  facet normal 0 1 -0
    outer loop
      vertex -1.57059 10.5 9.15056
      vertex -3.23358 10.5 9.83939
      vertex -1.47223 10.5 9.34999
    endloop
  endfacet
  facet normal 0 1 0
    outer loop
      vertex -3.23358 10.5 9.83939
      vertex -1.57059 10.5 9.15056
      vertex -3.38074 10.5 9.40587
    endloop
  endfacet
  facet normal 0 1 -0
    outer loop
      vertex -1.64206 10.5 8.93999
      vertex -3.38074 10.5 9.40587
      vertex -1.57059 10.5 9.15056
    endloop
  endfacet
  facet normal 0 1 0
    outer loop
      vertex -3.38074 10.5 9.40587
      vertex -1.64206 10.5 8.93999
      vertex -3.47006 10.5 8.95684
    endloop
  endfacet
  facet normal 0 1 -0
    outer loop
      vertex -1.68546 10.5 8.72189
      vertex -3.47006 10.5 8.95684
      vertex -1.64206 10.5 8.93999
    endloop
  endfacet
  facet normal 0 1 -0
    outer loop
      vertex -1.7 10.5 8.5
      vertex -3.47006 10.5 8.95684
      vertex -1.68546 10.5 8.72189
    endloop
  endfacet
  facet normal 0 1 0
    outer loop
      vertex -1.7 10.5 8.5
      vertex -3.5 10.5 8.5
      vertex -3.47006 10.5 8.95684
    endloop
  endfacet
  facet normal 0 1 0
    outer loop
      vertex -1.68546 10.5 8.27811
      vertex -3.5 10.5 8.5
      vertex -1.7 10.5 8.5
    endloop
  endfacet
  facet normal 0 1 0
    outer loop
      vertex -3.47006 10.5 8.04316
      vertex -1.68546 10.5 8.27811
      vertex -1.64206 10.5 8.06001
    endloop
  endfacet
  facet normal 0 1 0
    outer loop
      vertex -1.68546 10.5 8.27811
      vertex -3.47006 10.5 8.04316
      vertex -3.5 10.5 8.5
    endloop
  endfacet
  facet normal 0 1 0
    outer loop
      vertex -3.38074 10.5 7.59413
      vertex -1.64206 10.5 8.06001
      vertex -1.57059 10.5 7.84944
    endloop
  endfacet
  facet normal 0 1 0
    outer loop
      vertex -3.23358 10.5 7.16061
      vertex -1.57059 10.5 7.84944
      vertex -1.47223 10.5 7.65001
    endloop
  endfacet
  facet normal 0 1 0
    outer loop
      vertex -1.64206 10.5 8.06001
      vertex -3.38074 10.5 7.59413
      vertex -3.47006 10.5 8.04316
    endloop
  endfacet
  facet normal 0 1 0
    outer loop
      vertex -2.86404 10.5 6.5
      vertex -1.47223 10.5 7.65001
      vertex -1.34869 10.5 7.46512
    endloop
  endfacet
  facet normal 0 1 0
    outer loop
      vertex -2.86404 10.5 6.5
      vertex -1.34869 10.5 7.46512
      vertex -1.20207 10.5 7.29793
    endloop
  endfacet
  facet normal 0 1 0
    outer loop
      vertex -1.57059 10.5 7.84944
      vertex -3.23358 10.5 7.16061
      vertex -3.38074 10.5 7.59413
    endloop
  endfacet
  facet normal 0 1 0
    outer loop
      vertex -2.86404 10.5 6.5
      vertex -1.20207 10.5 7.29793
      vertex -1.03488 10.5 7.15131
    endloop
  endfacet
  facet normal 0 1 0
    outer loop
      vertex -2.86404 10.5 6.5
      vertex -1.03488 10.5 7.15131
      vertex -0.849991 10.5 7.02777
    endloop
  endfacet
  facet normal 0 1 0
    outer loop
      vertex -2.86404 10.5 6.5
      vertex -0.849991 10.5 7.02777
      vertex -0.650558 10.5 6.92941
    endloop
  endfacet
  facet normal 0 1 0
    outer loop
      vertex -2.86404 10.5 6.5
      vertex -0.650558 10.5 6.92941
      vertex -0.439987 10.5 6.85794
    endloop
  endfacet
  facet normal 0 1 0
    outer loop
      vertex -2.86404 10.5 6.5
      vertex -0.439987 10.5 6.85794
      vertex -0.221893 10.5 6.81454
    endloop
  endfacet
  facet normal 0 1 0
    outer loop
      vertex -1.47223 10.5 7.65001
      vertex -3.03109 10.5 6.75
      vertex -3.23358 10.5 7.16061
    endloop
  endfacet
  facet normal 0 1 0
    outer loop
      vertex -2.86404 10.5 6.5
      vertex -0.221893 10.5 6.81454
      vertex 0 10.5 6.8
    endloop
  endfacet
  facet normal 0 1 0
    outer loop
      vertex 0.221893 10.5 6.81454
      vertex 2.86404 10.5 6.5
      vertex 0 10.5 6.8
    endloop
  endfacet
  facet normal 0 1 0
    outer loop
      vertex -2.86404 10.5 6.5
      vertex 0 10.5 6.8
      vertex 2.86404 10.5 6.5
    endloop
  endfacet
  facet normal 0 1 0
    outer loop
      vertex -1.47223 10.5 7.65001
      vertex -2.86404 10.5 6.5
      vertex -3.03109 10.5 6.75
    endloop
  endfacet
  facet normal -0.980784 0 -0.195095
    outer loop
      vertex -3.38074 6.5 7.59413
      vertex -3.47006 10.5 8.04316
      vertex -3.38074 10.5 7.59413
    endloop
  endfacet
  facet normal -0.980784 -0 -0.195095
    outer loop
      vertex -3.47006 10.5 8.04316
      vertex -3.38074 6.5 7.59413
      vertex -3.47006 6.5 8.04316
    endloop
  endfacet
  facet normal 0.896873 -0 0.442288
    outer loop
      vertex 3.03109 6.5 10.25
      vertex 3.23358 10.5 9.83939
      vertex 3.03109 10.5 10.25
    endloop
  endfacet
  facet normal 0.896873 0 0.442288
    outer loop
      vertex 3.23358 10.5 9.83939
      vertex 3.03109 6.5 10.25
      vertex 3.23358 6.5 9.83939
    endloop
  endfacet
  facet normal 0.659267 0 0.751909
    outer loop
      vertex 2.13066 10.5 11.2767
      vertex 2.47487 6.5 10.9749
      vertex 2.47487 10.5 10.9749
    endloop
  endfacet
  facet normal 0.659267 0 0.751909
    outer loop
      vertex 2.47487 6.5 10.9749
      vertex 2.13066 10.5 11.2767
      vertex 2.13066 6.5 11.2767
    endloop
  endfacet
  facet normal -0.555647 0 0.831418
    outer loop
      vertex -2.13066 10.5 11.2767
      vertex -1.75 6.5 11.5311
      vertex -1.75 10.5 11.5311
    endloop
  endfacet
  facet normal -0.555647 0 0.831418
    outer loop
      vertex -1.75 6.5 11.5311
      vertex -2.13066 10.5 11.2767
      vertex -2.13066 6.5 11.2767
    endloop
  endfacet
  facet normal -0.980784 0 0.195095
    outer loop
      vertex -3.47006 6.5 8.95684
      vertex -3.38074 10.5 9.40587
      vertex -3.47006 10.5 8.95684
    endloop
  endfacet
  facet normal -0.980784 0 0.195095
    outer loop
      vertex -3.38074 10.5 9.40587
      vertex -3.47006 6.5 8.95684
      vertex -3.38074 6.5 9.40587
    endloop
  endfacet
  facet normal 0.831495 -0 0.555532
    outer loop
      vertex 2.77674 6.5 10.6307
      vertex 3.03109 10.5 10.25
      vertex 2.77674 10.5 10.6307
    endloop
  endfacet
  facet normal 0.831495 0 0.555532
    outer loop
      vertex 3.03109 10.5 10.25
      vertex 2.77674 6.5 10.6307
      vertex 3.03109 6.5 10.25
    endloop
  endfacet
  facet normal 0.555572 0 -0.831468
    outer loop
      vertex 1.75 16.6437 5.46891
      vertex 2.13066 18.5 5.72326
      vertex 2.13066 16.456 5.72326
    endloop
  endfacet
  facet normal 0.555572 0 -0.831468
    outer loop
      vertex 2.13066 18.5 5.72326
      vertex 1.75 16.6437 5.46891
      vertex 1.75 18.5 5.46891
    endloop
  endfacet
  facet normal 0.980784 -0 0.195095
    outer loop
      vertex 3.38074 14.5 9.40587
      vertex 3.47006 18.5 8.95684
      vertex 3.38074 18.5 9.40587
    endloop
  endfacet
  facet normal 0.980784 0 0.195095
    outer loop
      vertex 3.47006 18.5 8.95684
      vertex 3.38074 14.5 9.40587
      vertex 3.47006 14.5 8.95684
    endloop
  endfacet
  facet normal -0.32132 0 0.946971
    outer loop
      vertex -1.33939 18.5 11.7336
      vertex -0.905867 14.5 11.8807
      vertex -0.905867 18.5 11.8807
    endloop
  endfacet
  facet normal -0.32132 0 0.946971
    outer loop
      vertex -0.905867 14.5 11.8807
      vertex -1.33939 18.5 11.7336
      vertex -1.33939 14.5 11.7336
    endloop
  endfacet
  facet normal -0.442294 -1.82989e-06 -0.89687
    outer loop
      vertex -1.75 18.5 5.46891
      vertex -1.33939 16.7874 5.26642
      vertex -1.72207 16.6575 5.45514
    endloop
  endfacet
  facet normal -0.442197 -0 -0.896918
    outer loop
      vertex -1.75 18.5 5.46891
      vertex -1.72207 16.6575 5.45514
      vertex -1.75 16.6437 5.46891
    endloop
  endfacet
  facet normal -0.442288 0 -0.896873
    outer loop
      vertex -1.33939 16.7874 5.26642
      vertex -1.75 18.5 5.46891
      vertex -1.33939 18.5 5.26642
    endloop
  endfacet
  facet normal -0.896873 0 -0.442288
    outer loop
      vertex -3.03109 14.5 6.75
      vertex -3.23358 18.5 7.16061
      vertex -3.03109 18.5 6.75
    endloop
  endfacet
  facet normal -0.896873 -0 -0.442288
    outer loop
      vertex -3.23358 18.5 7.16061
      vertex -3.03109 14.5 6.75
      vertex -3.23358 14.5 7.16061
    endloop
  endfacet
  facet normal 0.896873 0 -0.442288
    outer loop
      vertex 3.23358 14.5 7.16061
      vertex 3.03109 18.5 6.75
      vertex 3.23358 18.5 7.16061
    endloop
  endfacet
  facet normal 0.896873 0 -0.442288
    outer loop
      vertex 3.03109 18.5 6.75
      vertex 3.23358 14.5 7.16061
      vertex 3.03109 14.5 6.75
    endloop
  endfacet
  facet normal 0.980784 0 -0.195095
    outer loop
      vertex 3.47006 14.5 8.04316
      vertex 3.38074 18.5 7.59413
      vertex 3.47006 18.5 8.04316
    endloop
  endfacet
  facet normal 0.980784 0 -0.195095
    outer loop
      vertex 3.38074 18.5 7.59413
      vertex 3.47006 14.5 8.04316
      vertex 3.38074 14.5 7.59413
    endloop
  endfacet
  facet normal 0.831475 0 -0.555562
    outer loop
      vertex 3.03109 18.5 6.75
      vertex 2.77674 16.0374 6.36933
      vertex 2.77674 18.5 6.36933
    endloop
  endfacet
  facet normal 0.831499 -8.1113e-06 -0.555526
    outer loop
      vertex 3.03109 18.5 6.75
      vertex 2.86404 15.9608 6.5
      vertex 2.77674 16.0374 6.36933
    endloop
  endfacet
  facet normal 0.831461 0 -0.555583
    outer loop
      vertex 3.03109 14.5 6.75
      vertex 2.86404 15.9608 6.5
      vertex 3.03109 18.5 6.75
    endloop
  endfacet
  facet normal 0.831461 0 -0.555583
    outer loop
      vertex 2.86404 15.9608 6.5
      vertex 3.03109 14.5 6.75
      vertex 2.86404 14.5 6.5
    endloop
  endfacet
  facet normal 0.659354 0 -0.751833
    outer loop
      vertex 2.25 16.3971 5.82792
      vertex 2.47487 18.5 6.02513
      vertex 2.47487 16.2469 6.02513
    endloop
  endfacet
  facet normal 0.659352 4.1888e-07 -0.751835
    outer loop
      vertex 2.13066 16.456 5.72326
      vertex 2.47487 18.5 6.02513
      vertex 2.25 16.3971 5.82792
    endloop
  endfacet
  facet normal 0.659353 0 -0.751833
    outer loop
      vertex 2.47487 18.5 6.02513
      vertex 2.13066 16.456 5.72326
      vertex 2.13066 18.5 5.72326
    endloop
  endfacet
  facet normal 0.321427 0 -0.946935
    outer loop
      vertex 1.16469 16.8467 5.20712
      vertex 1.33939 18.5 5.26642
      vertex 1.33939 16.7874 5.26642
    endloop
  endfacet
  facet normal 0.321444 -2.03326e-06 -0.946929
    outer loop
      vertex 0.905867 16.8981 5.11926
      vertex 1.33939 18.5 5.26642
      vertex 1.16469 16.8467 5.20712
    endloop
  endfacet
  facet normal 0.321437 0 -0.946931
    outer loop
      vertex 1.33939 18.5 5.26642
      vertex 0.905867 16.8981 5.11926
      vertex 0.905867 18.5 5.11926
    endloop
  endfacet
  facet normal 0.0653967 0 -0.997859
    outer loop
      vertex 0 17 5
      vertex 0.456841 18.5 5.02994
      vertex 0.456841 16.9701 5.02994
    endloop
  endfacet
  facet normal 0.0653967 0 -0.997859
    outer loop
      vertex 0.456841 18.5 5.02994
      vertex 0 17 5
      vertex 0 18.5 5
    endloop
  endfacet
  facet normal -0.980784 0 -0.195095
    outer loop
      vertex -3.38074 14.5 7.59413
      vertex -3.47006 18.5 8.04316
      vertex -3.38074 18.5 7.59413
    endloop
  endfacet
  facet normal -0.980784 -0 -0.195095
    outer loop
      vertex -3.47006 18.5 8.04316
      vertex -3.38074 14.5 7.59413
      vertex -3.47006 14.5 8.04316
    endloop
  endfacet
  facet normal -0.751824 0 -0.659364
    outer loop
      vertex -2.47487 16.2469 6.02513
      vertex -2.77674 18.5 6.36933
      vertex -2.47487 18.5 6.02513
    endloop
  endfacet
  facet normal -0.751826 -5.60627e-07 -0.659362
    outer loop
      vertex -2.73943 16.0701 6.32679
      vertex -2.77674 18.5 6.36933
      vertex -2.47487 16.2469 6.02513
    endloop
  endfacet
  facet normal -0.75181 -0 -0.65938
    outer loop
      vertex -2.77674 18.5 6.36933
      vertex -2.73943 16.0701 6.32679
      vertex -2.77674 16.0374 6.36933
    endloop
  endfacet
  facet normal -0.555572 -0 -0.831468
    outer loop
      vertex -2.13066 18.5 5.72326
      vertex -1.75 16.6437 5.46891
      vertex -2.13066 16.456 5.72326
    endloop
  endfacet
  facet normal -0.555572 0 -0.831468
    outer loop
      vertex -1.75 16.6437 5.46891
      vertex -2.13066 18.5 5.72326
      vertex -1.75 18.5 5.46891
    endloop
  endfacet
  facet normal -0.195139 0 -0.980776
    outer loop
      vertex -0.587367 16.9615 5.05591
      vertex -0.456841 18.5 5.02994
      vertex -0.456841 16.9701 5.02994
    endloop
  endfacet
  facet normal -0.19508 -0 -0.980787
    outer loop
      vertex -0.905867 18.5 5.11926
      vertex -0.587367 16.9615 5.05591
      vertex -0.905867 16.8981 5.11926
    endloop
  endfacet
  facet normal -0.195097 -3.7238e-06 -0.980784
    outer loop
      vertex -0.587367 16.9615 5.05591
      vertex -0.905867 18.5 5.11926
      vertex -0.456841 18.5 5.02994
    endloop
  endfacet
  facet normal -0.659352 4.1888e-07 -0.751835
    outer loop
      vertex -2.47487 18.5 6.02513
      vertex -2.13066 16.456 5.72326
      vertex -2.25 16.3971 5.82792
    endloop
  endfacet
  facet normal -0.659354 -0 -0.751833
    outer loop
      vertex -2.47487 18.5 6.02513
      vertex -2.25 16.3971 5.82792
      vertex -2.47487 16.2469 6.02513
    endloop
  endfacet
  facet normal -0.659353 0 -0.751833
    outer loop
      vertex -2.13066 16.456 5.72326
      vertex -2.47487 18.5 6.02513
      vertex -2.13066 18.5 5.72326
    endloop
  endfacet
  facet normal 0.997859 0 -0.0653969
    outer loop
      vertex 3.5 14.5 8.5
      vertex 3.47006 18.5 8.04316
      vertex 3.5 18.5 8.5
    endloop
  endfacet
  facet normal 0.997859 0 -0.0653969
    outer loop
      vertex 3.47006 18.5 8.04316
      vertex 3.5 14.5 8.5
      vertex 3.47006 14.5 8.04316
    endloop
  endfacet
  facet normal 0.94693 -0 0.321439
    outer loop
      vertex 3.23358 14.5 9.83939
      vertex 3.38074 18.5 9.40587
      vertex 3.23358 18.5 9.83939
    endloop
  endfacet
  facet normal 0.94693 0 0.321439
    outer loop
      vertex 3.38074 18.5 9.40587
      vertex 3.23358 14.5 9.83939
      vertex 3.38074 14.5 9.40587
    endloop
  endfacet
  facet normal 0.32132 0 0.946971
    outer loop
      vertex 0.905867 18.5 11.8807
      vertex 1.33939 14.5 11.7336
      vertex 1.33939 18.5 11.7336
    endloop
  endfacet
  facet normal 0.32132 0 0.946971
    outer loop
      vertex 1.33939 14.5 11.7336
      vertex 0.905867 18.5 11.8807
      vertex 0.905867 14.5 11.8807
    endloop
  endfacet
  facet normal 0.442305 0 0.896864
    outer loop
      vertex 1.33939 18.5 11.7336
      vertex 1.75 14.5 11.5311
      vertex 1.75 18.5 11.5311
    endloop
  endfacet
  facet normal 0.442305 0 0.896864
    outer loop
      vertex 1.75 14.5 11.5311
      vertex 1.33939 18.5 11.7336
      vertex 1.33939 14.5 11.7336
    endloop
  endfacet
  facet normal -0.195265 0 0.980751
    outer loop
      vertex -0.905867 18.5 11.8807
      vertex -0.456841 14.5 11.9701
      vertex -0.456841 18.5 11.9701
    endloop
  endfacet
  facet normal -0.195265 0 0.980751
    outer loop
      vertex -0.456841 14.5 11.9701
      vertex -0.905867 18.5 11.8807
      vertex -0.905867 14.5 11.8807
    endloop
  endfacet
  facet normal -0.659267 0 0.751909
    outer loop
      vertex -2.47487 18.5 10.9749
      vertex -2.13066 14.5 11.2767
      vertex -2.13066 18.5 11.2767
    endloop
  endfacet
  facet normal -0.659267 0 0.751909
    outer loop
      vertex -2.13066 14.5 11.2767
      vertex -2.47487 18.5 10.9749
      vertex -2.47487 14.5 10.9749
    endloop
  endfacet
  facet normal -0.896873 0 0.442288
    outer loop
      vertex -3.23358 14.5 9.83939
      vertex -3.03109 18.5 10.25
      vertex -3.23358 18.5 9.83939
    endloop
  endfacet
  facet normal -0.896873 0 0.442288
    outer loop
      vertex -3.03109 18.5 10.25
      vertex -3.23358 14.5 9.83939
      vertex -3.03109 14.5 10.25
    endloop
  endfacet
  facet normal 0 -1 0
    outer loop
      vertex 0 14.5 10.9041
      vertex 0 14.5 12
      vertex -0.456841 14.5 11.9701
    endloop
  endfacet
  facet normal 0 -1 0
    outer loop
      vertex 0 14.5 10.9041
      vertex -0.456841 14.5 11.9701
      vertex -0.905867 14.5 11.8807
    endloop
  endfacet
  facet normal 0 -1 0
    outer loop
      vertex 0 14.5 12
      vertex 0 14.5 10.9041
      vertex 0.456841 14.5 11.9701
    endloop
  endfacet
  facet normal 0 -1 0
    outer loop
      vertex 0 14.5 10.9041
      vertex -0.905867 14.5 11.8807
      vertex -1.33939 14.5 11.7336
    endloop
  endfacet
  facet normal 0 -1 -0
    outer loop
      vertex 0.456841 14.5 11.9701
      vertex 0 14.5 10.9041
      vertex 0.905867 14.5 11.8807
    endloop
  endfacet
  facet normal 0 -1 0
    outer loop
      vertex -1.20207 14.5 9.70207
      vertex -1.33939 14.5 11.7336
      vertex -1.75 14.5 11.5311
    endloop
  endfacet
  facet normal 0 -1 -0
    outer loop
      vertex 0.905867 14.5 11.8807
      vertex 0 14.5 10.9041
      vertex 1.33939 14.5 11.7336
    endloop
  endfacet
  facet normal 0 -1 0
    outer loop
      vertex -1.20207 14.5 9.70207
      vertex -1.75 14.5 11.5311
      vertex -2.13066 14.5 11.2767
    endloop
  endfacet
  facet normal 0 -1 0
    outer loop
      vertex 1.20207 14.5 9.70207
      vertex 1.33939 14.5 11.7336
      vertex 0 14.5 10.9041
    endloop
  endfacet
  facet normal 0 -1 0
    outer loop
      vertex -1.20207 14.5 9.70207
      vertex -2.13066 14.5 11.2767
      vertex -2.47487 14.5 10.9749
    endloop
  endfacet
  facet normal 0 -1 -0
    outer loop
      vertex 1.33939 14.5 11.7336
      vertex 1.20207 14.5 9.70207
      vertex 1.75 14.5 11.5311
    endloop
  endfacet
  facet normal 0 -1 -0
    outer loop
      vertex 1.75 14.5 11.5311
      vertex 1.20207 14.5 9.70207
      vertex 2.13066 14.5 11.2767
    endloop
  endfacet
  facet normal 0 -1 0
    outer loop
      vertex -1.20207 14.5 9.70207
      vertex -2.47487 14.5 10.9749
      vertex -2.77674 14.5 10.6307
    endloop
  endfacet
  facet normal 0 -1 0
    outer loop
      vertex -1.34869 14.5 9.53488
      vertex -2.77674 14.5 10.6307
      vertex -3.03109 14.5 10.25
    endloop
  endfacet
  facet normal 0 -1 0
    outer loop
      vertex -1.47223 14.5 9.34999
      vertex -3.03109 14.5 10.25
      vertex -3.23358 14.5 9.83939
    endloop
  endfacet
  facet normal 0 -1 0
    outer loop
      vertex -1.33939 14.5 11.7336
      vertex -1.20207 14.5 9.70207
      vertex 0 14.5 10.9041
    endloop
  endfacet
  facet normal 0 -1 0
    outer loop
      vertex -2.77674 14.5 10.6307
      vertex -1.34869 14.5 9.53488
      vertex -1.20207 14.5 9.70207
    endloop
  endfacet
  facet normal 0 -1 0
    outer loop
      vertex -1.57059 14.5 9.15056
      vertex -3.23358 14.5 9.83939
      vertex -3.38074 14.5 9.40587
    endloop
  endfacet
  facet normal 0 -1 0
    outer loop
      vertex -3.03109 14.5 10.25
      vertex -1.47223 14.5 9.34999
      vertex -1.34869 14.5 9.53488
    endloop
  endfacet
  facet normal 0 -1 0
    outer loop
      vertex -3.23358 14.5 9.83939
      vertex -1.57059 14.5 9.15056
      vertex -1.47223 14.5 9.34999
    endloop
  endfacet
  facet normal 0 -1 0
    outer loop
      vertex -1.64206 14.5 8.93999
      vertex -3.38074 14.5 9.40587
      vertex -3.47006 14.5 8.95684
    endloop
  endfacet
  facet normal 0 -1 0
    outer loop
      vertex -3.38074 14.5 9.40587
      vertex -1.64206 14.5 8.93999
      vertex -1.57059 14.5 9.15056
    endloop
  endfacet
  facet normal 0 -1 0
    outer loop
      vertex -3.47006 14.5 8.95684
      vertex -1.68546 14.5 8.72189
      vertex -1.64206 14.5 8.93999
    endloop
  endfacet
  facet normal 0 -1 0
    outer loop
      vertex -3.5 14.5 8.5
      vertex -1.68546 14.5 8.72189
      vertex -3.47006 14.5 8.95684
    endloop
  endfacet
  facet normal 0 -1 0
    outer loop
      vertex -3.5 14.5 8.5
      vertex -1.7 14.5 8.5
      vertex -1.68546 14.5 8.72189
    endloop
  endfacet
  facet normal 0 -1 0
    outer loop
      vertex -3.5 14.5 8.5
      vertex -1.68546 14.5 8.27811
      vertex -1.7 14.5 8.5
    endloop
  endfacet
  facet normal 0 -1 0
    outer loop
      vertex -3.47006 14.5 8.04316
      vertex -1.68546 14.5 8.27811
      vertex -3.5 14.5 8.5
    endloop
  endfacet
  facet normal 0 -1 -0
    outer loop
      vertex -1.68546 14.5 8.27811
      vertex -3.47006 14.5 8.04316
      vertex -1.64206 14.5 8.06001
    endloop
  endfacet
  facet normal 0 -1 0
    outer loop
      vertex -3.38074 14.5 7.59413
      vertex -1.64206 14.5 8.06001
      vertex -3.47006 14.5 8.04316
    endloop
  endfacet
  facet normal 0 -1 -0
    outer loop
      vertex -1.64206 14.5 8.06001
      vertex -3.38074 14.5 7.59413
      vertex -1.57059 14.5 7.84944
    endloop
  endfacet
  facet normal 0 -1 0
    outer loop
      vertex -3.23358 14.5 7.16061
      vertex -1.57059 14.5 7.84944
      vertex -3.38074 14.5 7.59413
    endloop
  endfacet
  facet normal 0 -1 -0
    outer loop
      vertex -1.57059 14.5 7.84944
      vertex -3.23358 14.5 7.16061
      vertex -1.47223 14.5 7.65001
    endloop
  endfacet
  facet normal 0 -1 0
    outer loop
      vertex -3.03109 14.5 6.75
      vertex -1.47223 14.5 7.65001
      vertex -3.23358 14.5 7.16061
    endloop
  endfacet
  facet normal 0 -1 0
    outer loop
      vertex -2.86404 14.5 6.5
      vertex -1.47223 14.5 7.65001
      vertex -3.03109 14.5 6.75
    endloop
  endfacet
  facet normal 0 -1 -0
    outer loop
      vertex -1.47223 14.5 7.65001
      vertex -2.86404 14.5 6.5
      vertex -1.34869 14.5 7.46512
    endloop
  endfacet
  facet normal 0 -1 -0
    outer loop
      vertex -1.34869 14.5 7.46512
      vertex -2.86404 14.5 6.5
      vertex -1.20207 14.5 7.29793
    endloop
  endfacet
  facet normal 0 -1 -0
    outer loop
      vertex -1.20207 14.5 7.29793
      vertex -2.86404 14.5 6.5
      vertex -1.03488 14.5 7.15131
    endloop
  endfacet
  facet normal 0 -1 -0
    outer loop
      vertex -1.03488 14.5 7.15131
      vertex -2.86404 14.5 6.5
      vertex -0.849991 14.5 7.02777
    endloop
  endfacet
  facet normal 0 -1 -0
    outer loop
      vertex -0.849991 14.5 7.02777
      vertex -2.86404 14.5 6.5
      vertex -0.650558 14.5 6.92941
    endloop
  endfacet
  facet normal 0 -1 -0
    outer loop
      vertex -0.439987 14.5 6.85794
      vertex -2.86404 14.5 6.5
      vertex -0.221893 14.5 6.81454
    endloop
  endfacet
  facet normal 0 -1 -0
    outer loop
      vertex -0.650558 14.5 6.92941
      vertex -2.86404 14.5 6.5
      vertex -0.439987 14.5 6.85794
    endloop
  endfacet
  facet normal 0 -1 -0
    outer loop
      vertex 2.13066 14.5 11.2767
      vertex 1.20207 14.5 9.70207
      vertex 2.47487 14.5 10.9749
    endloop
  endfacet
  facet normal 0 -1 -0
    outer loop
      vertex 2.47487 14.5 10.9749
      vertex 1.20207 14.5 9.70207
      vertex 2.77674 14.5 10.6307
    endloop
  endfacet
  facet normal 0 -1 0
    outer loop
      vertex 1.34869 14.5 9.53488
      vertex 2.77674 14.5 10.6307
      vertex 1.20207 14.5 9.70207
    endloop
  endfacet
  facet normal 0 -1 -0
    outer loop
      vertex 2.77674 14.5 10.6307
      vertex 1.34869 14.5 9.53488
      vertex 3.03109 14.5 10.25
    endloop
  endfacet
  facet normal 0 -1 0
    outer loop
      vertex 1.47223 14.5 9.34999
      vertex 3.03109 14.5 10.25
      vertex 1.34869 14.5 9.53488
    endloop
  endfacet
  facet normal 0 -1 -0
    outer loop
      vertex 3.03109 14.5 10.25
      vertex 1.47223 14.5 9.34999
      vertex 3.23358 14.5 9.83939
    endloop
  endfacet
  facet normal 0 -1 0
    outer loop
      vertex 1.57059 14.5 9.15056
      vertex 3.23358 14.5 9.83939
      vertex 1.47223 14.5 9.34999
    endloop
  endfacet
  facet normal 0 -1 -0
    outer loop
      vertex 3.23358 14.5 9.83939
      vertex 1.57059 14.5 9.15056
      vertex 3.38074 14.5 9.40587
    endloop
  endfacet
  facet normal 0 -1 0
    outer loop
      vertex 1.64206 14.5 8.93999
      vertex 3.38074 14.5 9.40587
      vertex 1.57059 14.5 9.15056
    endloop
  endfacet
  facet normal 0 -1 -0
    outer loop
      vertex 3.38074 14.5 9.40587
      vertex 1.64206 14.5 8.93999
      vertex 3.47006 14.5 8.95684
    endloop
  endfacet
  facet normal 0 -1 0
    outer loop
      vertex 1.68546 14.5 8.72189
      vertex 3.47006 14.5 8.95684
      vertex 1.64206 14.5 8.93999
    endloop
  endfacet
  facet normal 0 -1 0
    outer loop
      vertex 1.7 14.5 8.5
      vertex 3.47006 14.5 8.95684
      vertex 1.68546 14.5 8.72189
    endloop
  endfacet
  facet normal 0 -1 0
    outer loop
      vertex 1.7 14.5 8.5
      vertex 3.5 14.5 8.5
      vertex 3.47006 14.5 8.95684
    endloop
  endfacet
  facet normal 0 -1 0
    outer loop
      vertex 1.68546 14.5 8.27811
      vertex 3.5 14.5 8.5
      vertex 1.7 14.5 8.5
    endloop
  endfacet
  facet normal 0 -1 0
    outer loop
      vertex 3.47006 14.5 8.04316
      vertex 1.68546 14.5 8.27811
      vertex 1.64206 14.5 8.06001
    endloop
  endfacet
  facet normal 0 -1 0
    outer loop
      vertex 1.68546 14.5 8.27811
      vertex 3.47006 14.5 8.04316
      vertex 3.5 14.5 8.5
    endloop
  endfacet
  facet normal 0 -1 0
    outer loop
      vertex 3.38074 14.5 7.59413
      vertex 1.64206 14.5 8.06001
      vertex 1.57059 14.5 7.84944
    endloop
  endfacet
  facet normal 0 -1 0
    outer loop
      vertex 3.23358 14.5 7.16061
      vertex 1.57059 14.5 7.84944
      vertex 1.47223 14.5 7.65001
    endloop
  endfacet
  facet normal 0 -1 0
    outer loop
      vertex 1.64206 14.5 8.06001
      vertex 3.38074 14.5 7.59413
      vertex 3.47006 14.5 8.04316
    endloop
  endfacet
  facet normal 0 -1 0
    outer loop
      vertex 2.86404 14.5 6.5
      vertex 1.47223 14.5 7.65001
      vertex 1.34869 14.5 7.46512
    endloop
  endfacet
  facet normal 0 -1 0
    outer loop
      vertex 2.86404 14.5 6.5
      vertex 1.34869 14.5 7.46512
      vertex 1.20207 14.5 7.29793
    endloop
  endfacet
  facet normal 0 -1 0
    outer loop
      vertex 1.57059 14.5 7.84944
      vertex 3.23358 14.5 7.16061
      vertex 3.38074 14.5 7.59413
    endloop
  endfacet
  facet normal 0 -1 0
    outer loop
      vertex 2.86404 14.5 6.5
      vertex 1.20207 14.5 7.29793
      vertex 1.03488 14.5 7.15131
    endloop
  endfacet
  facet normal 0 -1 0
    outer loop
      vertex 2.86404 14.5 6.5
      vertex 1.03488 14.5 7.15131
      vertex 0.849991 14.5 7.02777
    endloop
  endfacet
  facet normal 0 -1 0
    outer loop
      vertex 2.86404 14.5 6.5
      vertex 0.849991 14.5 7.02777
      vertex 0.650558 14.5 6.92941
    endloop
  endfacet
  facet normal 0 -1 0
    outer loop
      vertex 2.86404 14.5 6.5
      vertex 0.650558 14.5 6.92941
      vertex 0.439987 14.5 6.85794
    endloop
  endfacet
  facet normal 0 -1 0
    outer loop
      vertex 2.86404 14.5 6.5
      vertex 0.439987 14.5 6.85794
      vertex 0.221893 14.5 6.81454
    endloop
  endfacet
  facet normal 0 -1 0
    outer loop
      vertex 1.47223 14.5 7.65001
      vertex 3.03109 14.5 6.75
      vertex 3.23358 14.5 7.16061
    endloop
  endfacet
  facet normal 0 -1 0
    outer loop
      vertex 2.86404 14.5 6.5
      vertex 0.221893 14.5 6.81454
      vertex 0 14.5 6.8
    endloop
  endfacet
  facet normal 0 -1 -0
    outer loop
      vertex -0.221893 14.5 6.81454
      vertex -2.86404 14.5 6.5
      vertex 0 14.5 6.8
    endloop
  endfacet
  facet normal 0 -1 0
    outer loop
      vertex 2.86404 14.5 6.5
      vertex 0 14.5 6.8
      vertex -2.86404 14.5 6.5
    endloop
  endfacet
  facet normal 0 -1 0
    outer loop
      vertex 1.47223 14.5 7.65001
      vertex 2.86404 14.5 6.5
      vertex 3.03109 14.5 6.75
    endloop
  endfacet
  facet normal 0.94693 0 -0.321439
    outer loop
      vertex 3.38074 14.5 7.59413
      vertex 3.23358 18.5 7.16061
      vertex 3.38074 18.5 7.59413
    endloop
  endfacet
  facet normal 0.94693 0 -0.321439
    outer loop
      vertex 3.23358 18.5 7.16061
      vertex 3.38074 14.5 7.59413
      vertex 3.23358 14.5 7.16061
    endloop
  endfacet
  facet normal 0.751824 0 -0.659364
    outer loop
      vertex 2.77674 18.5 6.36933
      vertex 2.47487 16.2469 6.02513
      vertex 2.47487 18.5 6.02513
    endloop
  endfacet
  facet normal 0.751826 -5.60627e-07 -0.659362
    outer loop
      vertex 2.77674 18.5 6.36933
      vertex 2.73943 16.0701 6.32679
      vertex 2.47487 16.2469 6.02513
    endloop
  endfacet
  facet normal 0.75181 0 -0.65938
    outer loop
      vertex 2.73943 16.0701 6.32679
      vertex 2.77674 18.5 6.36933
      vertex 2.77674 16.0374 6.36933
    endloop
  endfacet
  facet normal -0.0653967 -0 -0.997859
    outer loop
      vertex -0.456841 18.5 5.02994
      vertex 0 17 5
      vertex -0.456841 16.9701 5.02994
    endloop
  endfacet
  facet normal -0.0653967 0 -0.997859
    outer loop
      vertex 0 17 5
      vertex -0.456841 18.5 5.02994
      vertex 0 18.5 5
    endloop
  endfacet
  facet normal 0.442197 0 -0.896918
    outer loop
      vertex 1.72207 16.6575 5.45514
      vertex 1.75 18.5 5.46891
      vertex 1.75 16.6437 5.46891
    endloop
  endfacet
  facet normal 0.442294 -1.82989e-06 -0.89687
    outer loop
      vertex 1.33939 16.7874 5.26642
      vertex 1.75 18.5 5.46891
      vertex 1.72207 16.6575 5.45514
    endloop
  endfacet
  facet normal 0.442288 0 -0.896873
    outer loop
      vertex 1.75 18.5 5.46891
      vertex 1.33939 16.7874 5.26642
      vertex 1.33939 18.5 5.26642
    endloop
  endfacet
  facet normal 0.19508 0 -0.980787
    outer loop
      vertex 0.587367 16.9615 5.05591
      vertex 0.905867 18.5 5.11926
      vertex 0.905867 16.8981 5.11926
    endloop
  endfacet
  facet normal 0.195139 0 -0.980776
    outer loop
      vertex 0.456841 18.5 5.02994
      vertex 0.587367 16.9615 5.05591
      vertex 0.456841 16.9701 5.02994
    endloop
  endfacet
  facet normal 0.195097 -3.7238e-06 -0.980784
    outer loop
      vertex 0.587367 16.9615 5.05591
      vertex 0.456841 18.5 5.02994
      vertex 0.905867 18.5 5.11926
    endloop
  endfacet
  facet normal -0.997859 0 -0.0653969
    outer loop
      vertex -3.47006 14.5 8.04316
      vertex -3.5 18.5 8.5
      vertex -3.47006 18.5 8.04316
    endloop
  endfacet
  facet normal -0.997859 -0 -0.0653969
    outer loop
      vertex -3.5 18.5 8.5
      vertex -3.47006 14.5 8.04316
      vertex -3.5 14.5 8.5
    endloop
  endfacet
  facet normal 0 1 0
    outer loop
      vertex 0 18.5 10.9041
      vertex 0 18.5 12
      vertex 0.456841 18.5 11.9701
    endloop
  endfacet
  facet normal 0 1 0
    outer loop
      vertex 0 18.5 10.9041
      vertex 0.456841 18.5 11.9701
      vertex 0.905867 18.5 11.8807
    endloop
  endfacet
  facet normal 0 1 0
    outer loop
      vertex 0 18.5 12
      vertex 0 18.5 10.9041
      vertex -0.456841 18.5 11.9701
    endloop
  endfacet
  facet normal 0 1 0
    outer loop
      vertex 0 18.5 10.9041
      vertex 0.905867 18.5 11.8807
      vertex 1.33939 18.5 11.7336
    endloop
  endfacet
  facet normal 0 1 0
    outer loop
      vertex -0.456841 18.5 11.9701
      vertex 0 18.5 10.9041
      vertex -0.905867 18.5 11.8807
    endloop
  endfacet
  facet normal 0 1 0
    outer loop
      vertex 1.20207 18.5 9.70207
      vertex 1.33939 18.5 11.7336
      vertex 1.75 18.5 11.5311
    endloop
  endfacet
  facet normal 0 1 0
    outer loop
      vertex -0.905867 18.5 11.8807
      vertex 0 18.5 10.9041
      vertex -1.33939 18.5 11.7336
    endloop
  endfacet
  facet normal 0 1 0
    outer loop
      vertex 1.20207 18.5 9.70207
      vertex 1.75 18.5 11.5311
      vertex 2.13066 18.5 11.2767
    endloop
  endfacet
  facet normal 0 1 -0
    outer loop
      vertex -1.20207 18.5 9.70207
      vertex -1.33939 18.5 11.7336
      vertex 0 18.5 10.9041
    endloop
  endfacet
  facet normal 0 1 0
    outer loop
      vertex 1.20207 18.5 9.70207
      vertex 2.13066 18.5 11.2767
      vertex 2.47487 18.5 10.9749
    endloop
  endfacet
  facet normal 0 1 0
    outer loop
      vertex -1.33939 18.5 11.7336
      vertex -1.20207 18.5 9.70207
      vertex -1.75 18.5 11.5311
    endloop
  endfacet
  facet normal 0 1 0
    outer loop
      vertex -1.75 18.5 11.5311
      vertex -1.20207 18.5 9.70207
      vertex -2.13066 18.5 11.2767
    endloop
  endfacet
  facet normal 0 1 0
    outer loop
      vertex 1.20207 18.5 9.70207
      vertex 2.47487 18.5 10.9749
      vertex 2.77674 18.5 10.6307
    endloop
  endfacet
  facet normal 0 1 0
    outer loop
      vertex 1.34869 18.5 9.53488
      vertex 2.77674 18.5 10.6307
      vertex 3.03109 18.5 10.25
    endloop
  endfacet
  facet normal 0 1 0
    outer loop
      vertex 1.47223 18.5 9.34999
      vertex 3.03109 18.5 10.25
      vertex 3.23358 18.5 9.83939
    endloop
  endfacet
  facet normal 0 1 0
    outer loop
      vertex 1.33939 18.5 11.7336
      vertex 1.20207 18.5 9.70207
      vertex 0 18.5 10.9041
    endloop
  endfacet
  facet normal 0 1 0
    outer loop
      vertex 2.77674 18.5 10.6307
      vertex 1.34869 18.5 9.53488
      vertex 1.20207 18.5 9.70207
    endloop
  endfacet
  facet normal 0 1 0
    outer loop
      vertex 1.57059 18.5 9.15056
      vertex 3.23358 18.5 9.83939
      vertex 3.38074 18.5 9.40587
    endloop
  endfacet
  facet normal 0 1 0
    outer loop
      vertex 3.03109 18.5 10.25
      vertex 1.47223 18.5 9.34999
      vertex 1.34869 18.5 9.53488
    endloop
  endfacet
  facet normal 0 1 0
    outer loop
      vertex 3.23358 18.5 9.83939
      vertex 1.57059 18.5 9.15056
      vertex 1.47223 18.5 9.34999
    endloop
  endfacet
  facet normal 0 1 0
    outer loop
      vertex 1.64206 18.5 8.93999
      vertex 3.38074 18.5 9.40587
      vertex 3.47006 18.5 8.95684
    endloop
  endfacet
  facet normal 0 1 0
    outer loop
      vertex 3.38074 18.5 9.40587
      vertex 1.64206 18.5 8.93999
      vertex 1.57059 18.5 9.15056
    endloop
  endfacet
  facet normal 0 1 0
    outer loop
      vertex 3.47006 18.5 8.95684
      vertex 1.68546 18.5 8.72189
      vertex 1.64206 18.5 8.93999
    endloop
  endfacet
  facet normal 0 1 0
    outer loop
      vertex 3.5 18.5 8.5
      vertex 1.68546 18.5 8.72189
      vertex 3.47006 18.5 8.95684
    endloop
  endfacet
  facet normal 0 1 0
    outer loop
      vertex 3.5 18.5 8.5
      vertex 1.7 18.5 8.5
      vertex 1.68546 18.5 8.72189
    endloop
  endfacet
  facet normal 0 1 0
    outer loop
      vertex 3.5 18.5 8.5
      vertex 1.68546 18.5 8.27811
      vertex 1.7 18.5 8.5
    endloop
  endfacet
  facet normal 0 1 -0
    outer loop
      vertex 3.47006 18.5 8.04316
      vertex 1.68546 18.5 8.27811
      vertex 3.5 18.5 8.5
    endloop
  endfacet
  facet normal 0 1 0
    outer loop
      vertex 1.68546 18.5 8.27811
      vertex 3.47006 18.5 8.04316
      vertex 1.64206 18.5 8.06001
    endloop
  endfacet
  facet normal 0 1 -0
    outer loop
      vertex 3.38074 18.5 7.59413
      vertex 1.64206 18.5 8.06001
      vertex 3.47006 18.5 8.04316
    endloop
  endfacet
  facet normal 0 1 0
    outer loop
      vertex 1.64206 18.5 8.06001
      vertex 3.38074 18.5 7.59413
      vertex 1.57059 18.5 7.84944
    endloop
  endfacet
  facet normal 0 1 -0
    outer loop
      vertex 3.23358 18.5 7.16061
      vertex 1.57059 18.5 7.84944
      vertex 3.38074 18.5 7.59413
    endloop
  endfacet
  facet normal 0 1 0
    outer loop
      vertex 1.57059 18.5 7.84944
      vertex 3.23358 18.5 7.16061
      vertex 1.47223 18.5 7.65001
    endloop
  endfacet
  facet normal 0 1 -0
    outer loop
      vertex 3.03109 18.5 6.75
      vertex 1.47223 18.5 7.65001
      vertex 3.23358 18.5 7.16061
    endloop
  endfacet
  facet normal 0 1 0
    outer loop
      vertex 1.47223 18.5 7.65001
      vertex 3.03109 18.5 6.75
      vertex 1.34869 18.5 7.46512
    endloop
  endfacet
  facet normal 0 1 -0
    outer loop
      vertex 2.77674 18.5 6.36933
      vertex 1.34869 18.5 7.46512
      vertex 3.03109 18.5 6.75
    endloop
  endfacet
  facet normal 0 1 0
    outer loop
      vertex 1.34869 18.5 7.46512
      vertex 2.77674 18.5 6.36933
      vertex 1.20207 18.5 7.29793
    endloop
  endfacet
  facet normal 0 1 -0
    outer loop
      vertex 2.47487 18.5 6.02513
      vertex 1.20207 18.5 7.29793
      vertex 2.77674 18.5 6.36933
    endloop
  endfacet
  facet normal 0 1 0
    outer loop
      vertex 1.20207 18.5 7.29793
      vertex 2.47487 18.5 6.02513
      vertex 1.03488 18.5 7.15131
    endloop
  endfacet
  facet normal 0 1 -0
    outer loop
      vertex 2.13066 18.5 5.72326
      vertex 1.03488 18.5 7.15131
      vertex 2.47487 18.5 6.02513
    endloop
  endfacet
  facet normal 0 1 -0
    outer loop
      vertex 1.75 18.5 5.46891
      vertex 0.849991 18.5 7.02777
      vertex 2.13066 18.5 5.72326
    endloop
  endfacet
  facet normal 0 1 0
    outer loop
      vertex 1.03488 18.5 7.15131
      vertex 2.13066 18.5 5.72326
      vertex 0.849991 18.5 7.02777
    endloop
  endfacet
  facet normal 0 1 0
    outer loop
      vertex -2.13066 18.5 11.2767
      vertex -1.20207 18.5 9.70207
      vertex -2.47487 18.5 10.9749
    endloop
  endfacet
  facet normal 0 1 0
    outer loop
      vertex -2.47487 18.5 10.9749
      vertex -1.20207 18.5 9.70207
      vertex -2.77674 18.5 10.6307
    endloop
  endfacet
  facet normal 0 1 -0
    outer loop
      vertex -1.34869 18.5 9.53488
      vertex -2.77674 18.5 10.6307
      vertex -1.20207 18.5 9.70207
    endloop
  endfacet
  facet normal 0 1 0
    outer loop
      vertex -2.77674 18.5 10.6307
      vertex -1.34869 18.5 9.53488
      vertex -3.03109 18.5 10.25
    endloop
  endfacet
  facet normal 0 1 -0
    outer loop
      vertex -1.47223 18.5 9.34999
      vertex -3.03109 18.5 10.25
      vertex -1.34869 18.5 9.53488
    endloop
  endfacet
  facet normal 0 1 0
    outer loop
      vertex -3.03109 18.5 10.25
      vertex -1.47223 18.5 9.34999
      vertex -3.23358 18.5 9.83939
    endloop
  endfacet
  facet normal 0 1 -0
    outer loop
      vertex -1.57059 18.5 9.15056
      vertex -3.23358 18.5 9.83939
      vertex -1.47223 18.5 9.34999
    endloop
  endfacet
  facet normal 0 1 0
    outer loop
      vertex -3.23358 18.5 9.83939
      vertex -1.57059 18.5 9.15056
      vertex -3.38074 18.5 9.40587
    endloop
  endfacet
  facet normal 0 1 -0
    outer loop
      vertex -1.64206 18.5 8.93999
      vertex -3.38074 18.5 9.40587
      vertex -1.57059 18.5 9.15056
    endloop
  endfacet
  facet normal 0 1 0
    outer loop
      vertex -3.38074 18.5 9.40587
      vertex -1.64206 18.5 8.93999
      vertex -3.47006 18.5 8.95684
    endloop
  endfacet
  facet normal 0 1 -0
    outer loop
      vertex -1.68546 18.5 8.72189
      vertex -3.47006 18.5 8.95684
      vertex -1.64206 18.5 8.93999
    endloop
  endfacet
  facet normal 0 1 -0
    outer loop
      vertex -1.7 18.5 8.5
      vertex -3.47006 18.5 8.95684
      vertex -1.68546 18.5 8.72189
    endloop
  endfacet
  facet normal 0 1 0
    outer loop
      vertex -1.7 18.5 8.5
      vertex -3.5 18.5 8.5
      vertex -3.47006 18.5 8.95684
    endloop
  endfacet
  facet normal 0 1 0
    outer loop
      vertex -1.68546 18.5 8.27811
      vertex -3.5 18.5 8.5
      vertex -1.7 18.5 8.5
    endloop
  endfacet
  facet normal 0 1 0
    outer loop
      vertex -3.47006 18.5 8.04316
      vertex -1.68546 18.5 8.27811
      vertex -1.64206 18.5 8.06001
    endloop
  endfacet
  facet normal 0 1 0
    outer loop
      vertex -1.68546 18.5 8.27811
      vertex -3.47006 18.5 8.04316
      vertex -3.5 18.5 8.5
    endloop
  endfacet
  facet normal 0 1 0
    outer loop
      vertex -3.38074 18.5 7.59413
      vertex -1.64206 18.5 8.06001
      vertex -1.57059 18.5 7.84944
    endloop
  endfacet
  facet normal 0 1 0
    outer loop
      vertex -3.23358 18.5 7.16061
      vertex -1.57059 18.5 7.84944
      vertex -1.47223 18.5 7.65001
    endloop
  endfacet
  facet normal 0 1 0
    outer loop
      vertex -1.64206 18.5 8.06001
      vertex -3.38074 18.5 7.59413
      vertex -3.47006 18.5 8.04316
    endloop
  endfacet
  facet normal 0 1 0
    outer loop
      vertex -3.03109 18.5 6.75
      vertex -1.47223 18.5 7.65001
      vertex -1.34869 18.5 7.46512
    endloop
  endfacet
  facet normal 0 1 0
    outer loop
      vertex -2.77674 18.5 6.36933
      vertex -1.34869 18.5 7.46512
      vertex -1.20207 18.5 7.29793
    endloop
  endfacet
  facet normal 0 1 0
    outer loop
      vertex -1.57059 18.5 7.84944
      vertex -3.23358 18.5 7.16061
      vertex -3.38074 18.5 7.59413
    endloop
  endfacet
  facet normal 0 1 0
    outer loop
      vertex -2.47487 18.5 6.02513
      vertex -1.20207 18.5 7.29793
      vertex -1.03488 18.5 7.15131
    endloop
  endfacet
  facet normal 0 1 0
    outer loop
      vertex -2.13066 18.5 5.72326
      vertex -1.03488 18.5 7.15131
      vertex -0.849991 18.5 7.02777
    endloop
  endfacet
  facet normal 0 1 0
    outer loop
      vertex -1.75 18.5 5.46891
      vertex -0.849991 18.5 7.02777
      vertex -0.650558 18.5 6.92941
    endloop
  endfacet
  facet normal 0 1 0
    outer loop
      vertex -1.33939 18.5 5.26642
      vertex -0.650558 18.5 6.92941
      vertex -0.439987 18.5 6.85794
    endloop
  endfacet
  facet normal 0 1 0
    outer loop
      vertex -0.905867 18.5 5.11926
      vertex -0.439987 18.5 6.85794
      vertex -0.221893 18.5 6.81454
    endloop
  endfacet
  facet normal 0 1 0
    outer loop
      vertex -1.47223 18.5 7.65001
      vertex -3.03109 18.5 6.75
      vertex -3.23358 18.5 7.16061
    endloop
  endfacet
  facet normal 0 1 0
    outer loop
      vertex -0.456841 18.5 5.02994
      vertex -0.221893 18.5 6.81454
      vertex 0 18.5 6.8
    endloop
  endfacet
  facet normal 0 1 0
    outer loop
      vertex 0.849991 18.5 7.02777
      vertex 1.75 18.5 5.46891
      vertex 0.650558 18.5 6.92941
    endloop
  endfacet
  facet normal 0 1 -0
    outer loop
      vertex 1.33939 18.5 5.26642
      vertex 0.650558 18.5 6.92941
      vertex 1.75 18.5 5.46891
    endloop
  endfacet
  facet normal 0 1 0
    outer loop
      vertex -1.34869 18.5 7.46512
      vertex -2.77674 18.5 6.36933
      vertex -3.03109 18.5 6.75
    endloop
  endfacet
  facet normal 0 1 0
    outer loop
      vertex 0.650558 18.5 6.92941
      vertex 1.33939 18.5 5.26642
      vertex 0.439987 18.5 6.85794
    endloop
  endfacet
  facet normal 0 1 0
    outer loop
      vertex -1.20207 18.5 7.29793
      vertex -2.47487 18.5 6.02513
      vertex -2.77674 18.5 6.36933
    endloop
  endfacet
  facet normal 0 1 -0
    outer loop
      vertex 0.905867 18.5 5.11926
      vertex 0.439987 18.5 6.85794
      vertex 1.33939 18.5 5.26642
    endloop
  endfacet
  facet normal 0 1 0
    outer loop
      vertex -1.03488 18.5 7.15131
      vertex -2.13066 18.5 5.72326
      vertex -2.47487 18.5 6.02513
    endloop
  endfacet
  facet normal 0 1 0
    outer loop
      vertex 0.439987 18.5 6.85794
      vertex 0.905867 18.5 5.11926
      vertex 0.221893 18.5 6.81454
    endloop
  endfacet
  facet normal 0 1 0
    outer loop
      vertex -0.849991 18.5 7.02777
      vertex -1.75 18.5 5.46891
      vertex -2.13066 18.5 5.72326
    endloop
  endfacet
  facet normal 0 1 -0
    outer loop
      vertex 0.456841 18.5 5.02994
      vertex 0.221893 18.5 6.81454
      vertex 0.905867 18.5 5.11926
    endloop
  endfacet
  facet normal 0 1 0
    outer loop
      vertex -0.650558 18.5 6.92941
      vertex -1.33939 18.5 5.26642
      vertex -1.75 18.5 5.46891
    endloop
  endfacet
  facet normal 0 1 0
    outer loop
      vertex 0.221893 18.5 6.81454
      vertex 0.456841 18.5 5.02994
      vertex 0 18.5 6.8
    endloop
  endfacet
  facet normal 0 1 0
    outer loop
      vertex -0.439987 18.5 6.85794
      vertex -0.905867 18.5 5.11926
      vertex -1.33939 18.5 5.26642
    endloop
  endfacet
  facet normal 0 1 0
    outer loop
      vertex 0 18.5 5
      vertex 0 18.5 6.8
      vertex 0.456841 18.5 5.02994
    endloop
  endfacet
  facet normal 0 1 0
    outer loop
      vertex -0.221893 18.5 6.81454
      vertex -0.456841 18.5 5.02994
      vertex -0.905867 18.5 5.11926
    endloop
  endfacet
  facet normal 0 1 0
    outer loop
      vertex 0 18.5 6.8
      vertex 0 18.5 5
      vertex -0.456841 18.5 5.02994
    endloop
  endfacet
  facet normal -0.94693 0 -0.321439
    outer loop
      vertex -3.23358 14.5 7.16061
      vertex -3.38074 18.5 7.59413
      vertex -3.23358 18.5 7.16061
    endloop
  endfacet
  facet normal -0.94693 -0 -0.321439
    outer loop
      vertex -3.38074 18.5 7.59413
      vertex -3.23358 14.5 7.16061
      vertex -3.38074 14.5 7.59413
    endloop
  endfacet
  facet normal -0.831475 0 -0.555562
    outer loop
      vertex -2.77674 16.0374 6.36933
      vertex -3.03109 18.5 6.75
      vertex -2.77674 18.5 6.36933
    endloop
  endfacet
  facet normal -0.831499 -8.1113e-06 -0.555526
    outer loop
      vertex -2.86404 15.9608 6.5
      vertex -3.03109 18.5 6.75
      vertex -2.77674 16.0374 6.36933
    endloop
  endfacet
  facet normal -0.831461 0 -0.555583
    outer loop
      vertex -3.03109 14.5 6.75
      vertex -2.86404 15.9608 6.5
      vertex -2.86404 14.5 6.5
    endloop
  endfacet
  facet normal -0.831461 0 -0.555583
    outer loop
      vertex -2.86404 15.9608 6.5
      vertex -3.03109 14.5 6.75
      vertex -3.03109 18.5 6.75
    endloop
  endfacet
  facet normal -0.321444 -2.03326e-06 -0.946929
    outer loop
      vertex -1.33939 18.5 5.26642
      vertex -0.905867 16.8981 5.11926
      vertex -1.16469 16.8467 5.20712
    endloop
  endfacet
  facet normal -0.321427 -0 -0.946935
    outer loop
      vertex -1.33939 18.5 5.26642
      vertex -1.16469 16.8467 5.20712
      vertex -1.33939 16.7874 5.26642
    endloop
  endfacet
  facet normal -0.321437 0 -0.946931
    outer loop
      vertex -0.905867 16.8981 5.11926
      vertex -1.33939 18.5 5.26642
      vertex -0.905867 18.5 5.11926
    endloop
  endfacet
  facet normal 0.0653097 0 0.997865
    outer loop
      vertex 0 18.5 12
      vertex 0.456841 14.5 11.9701
      vertex 0.456841 18.5 11.9701
    endloop
  endfacet
  facet normal 0.0653097 0 0.997865
    outer loop
      vertex 0.456841 14.5 11.9701
      vertex 0 18.5 12
      vertex 0 14.5 12
    endloop
  endfacet
  facet normal 0.751824 -0 0.659364
    outer loop
      vertex 2.47487 14.5 10.9749
      vertex 2.77674 18.5 10.6307
      vertex 2.47487 18.5 10.9749
    endloop
  endfacet
  facet normal 0.751824 0 0.659364
    outer loop
      vertex 2.77674 18.5 10.6307
      vertex 2.47487 14.5 10.9749
      vertex 2.77674 14.5 10.6307
    endloop
  endfacet
  facet normal 0.555647 0 0.831418
    outer loop
      vertex 1.75 18.5 11.5311
      vertex 2.13066 14.5 11.2767
      vertex 2.13066 18.5 11.2767
    endloop
  endfacet
  facet normal 0.555647 0 0.831418
    outer loop
      vertex 2.13066 14.5 11.2767
      vertex 1.75 18.5 11.5311
      vertex 1.75 14.5 11.5311
    endloop
  endfacet
  facet normal -0.442305 0 0.896864
    outer loop
      vertex -1.75 18.5 11.5311
      vertex -1.33939 14.5 11.7336
      vertex -1.33939 18.5 11.7336
    endloop
  endfacet
  facet normal -0.442305 0 0.896864
    outer loop
      vertex -1.33939 14.5 11.7336
      vertex -1.75 18.5 11.5311
      vertex -1.75 14.5 11.5311
    endloop
  endfacet
  facet normal -0.94693 0 0.321439
    outer loop
      vertex -3.38074 14.5 9.40587
      vertex -3.23358 18.5 9.83939
      vertex -3.38074 18.5 9.40587
    endloop
  endfacet
  facet normal -0.94693 0 0.321439
    outer loop
      vertex -3.23358 18.5 9.83939
      vertex -3.38074 14.5 9.40587
      vertex -3.23358 14.5 9.83939
    endloop
  endfacet
  facet normal -0.997859 0 0.0653969
    outer loop
      vertex -3.5 14.5 8.5
      vertex -3.47006 18.5 8.95684
      vertex -3.5 18.5 8.5
    endloop
  endfacet
  facet normal -0.997859 0 0.0653969
    outer loop
      vertex -3.47006 18.5 8.95684
      vertex -3.5 14.5 8.5
      vertex -3.47006 14.5 8.95684
    endloop
  endfacet
  facet normal -0.831495 0 0.555532
    outer loop
      vertex -3.03109 14.5 10.25
      vertex -2.77674 18.5 10.6307
      vertex -3.03109 18.5 10.25
    endloop
  endfacet
  facet normal -0.831495 0 0.555532
    outer loop
      vertex -2.77674 18.5 10.6307
      vertex -3.03109 14.5 10.25
      vertex -2.77674 14.5 10.6307
    endloop
  endfacet
  facet normal -0.751824 0 0.659364
    outer loop
      vertex -2.77674 14.5 10.6307
      vertex -2.47487 18.5 10.9749
      vertex -2.77674 18.5 10.6307
    endloop
  endfacet
  facet normal -0.751824 0 0.659364
    outer loop
      vertex -2.47487 18.5 10.9749
      vertex -2.77674 14.5 10.6307
      vertex -2.47487 14.5 10.9749
    endloop
  endfacet
  facet normal 0.997859 -0 0.0653969
    outer loop
      vertex 3.47006 14.5 8.95684
      vertex 3.5 18.5 8.5
      vertex 3.47006 18.5 8.95684
    endloop
  endfacet
  facet normal 0.997859 0 0.0653969
    outer loop
      vertex 3.5 18.5 8.5
      vertex 3.47006 14.5 8.95684
      vertex 3.5 14.5 8.5
    endloop
  endfacet
  facet normal 0.896873 -0 0.442288
    outer loop
      vertex 3.03109 14.5 10.25
      vertex 3.23358 18.5 9.83939
      vertex 3.03109 18.5 10.25
    endloop
  endfacet
  facet normal 0.896873 0 0.442288
    outer loop
      vertex 3.23358 18.5 9.83939
      vertex 3.03109 14.5 10.25
      vertex 3.23358 14.5 9.83939
    endloop
  endfacet
  facet normal 0.195265 0 0.980751
    outer loop
      vertex 0.456841 18.5 11.9701
      vertex 0.905867 14.5 11.8807
      vertex 0.905867 18.5 11.8807
    endloop
  endfacet
  facet normal 0.195265 0 0.980751
    outer loop
      vertex 0.905867 14.5 11.8807
      vertex 0.456841 18.5 11.9701
      vertex 0.456841 14.5 11.9701
    endloop
  endfacet
  facet normal 0.659267 0 0.751909
    outer loop
      vertex 2.13066 18.5 11.2767
      vertex 2.47487 14.5 10.9749
      vertex 2.47487 18.5 10.9749
    endloop
  endfacet
  facet normal 0.659267 0 0.751909
    outer loop
      vertex 2.47487 14.5 10.9749
      vertex 2.13066 18.5 11.2767
      vertex 2.13066 14.5 11.2767
    endloop
  endfacet
  facet normal -0.0653097 0 0.997865
    outer loop
      vertex -0.456841 18.5 11.9701
      vertex 0 14.5 12
      vertex 0 18.5 12
    endloop
  endfacet
  facet normal -0.0653097 0 0.997865
    outer loop
      vertex 0 14.5 12
      vertex -0.456841 18.5 11.9701
      vertex -0.456841 14.5 11.9701
    endloop
  endfacet
  facet normal -0.555647 0 0.831418
    outer loop
      vertex -2.13066 18.5 11.2767
      vertex -1.75 14.5 11.5311
      vertex -1.75 18.5 11.5311
    endloop
  endfacet
  facet normal -0.555647 0 0.831418
    outer loop
      vertex -1.75 14.5 11.5311
      vertex -2.13066 18.5 11.2767
      vertex -2.13066 14.5 11.2767
    endloop
  endfacet
  facet normal -0.980784 0 0.195095
    outer loop
      vertex -3.47006 14.5 8.95684
      vertex -3.38074 18.5 9.40587
      vertex -3.47006 18.5 8.95684
    endloop
  endfacet
  facet normal -0.980784 0 0.195095
    outer loop
      vertex -3.38074 18.5 9.40587
      vertex -3.47006 14.5 8.95684
      vertex -3.38074 14.5 9.40587
    endloop
  endfacet
  facet normal 0.831495 -0 0.555532
    outer loop
      vertex 2.77674 14.5 10.6307
      vertex 3.03109 18.5 10.25
      vertex 2.77674 18.5 10.6307
    endloop
  endfacet
  facet normal 0.831495 0 0.555532
    outer loop
      vertex 3.03109 18.5 10.25
      vertex 2.77674 14.5 10.6307
      vertex 3.03109 14.5 10.25
    endloop
  endfacet
  facet normal 0.86551 0.0567396 -0.497668
    outer loop
      vertex 2.3 12.5 0
      vertex 2.28032 12.8002 0
      vertex 2.875 12.5 1
    endloop
  endfacet
  facet normal -0.571951 0.652064 -0.497679
    outer loop
      vertex -1.62634 14.1263 0
      vertex -2.03293 14.5329 1
      vertex -1.40015 14.3247 0
    endloop
  endfacet
  facet normal 0.721228 0.481827 -0.497668
    outer loop
      vertex 1.99186 13.65 0
      vertex 1.82471 13.9002 0
      vertex 2.48982 13.9375 1
    endloop
  endfacet
  facet normal 0.571951 -0.652064 -0.497679
    outer loop
      vertex 2.03293 10.4671 1
      vertex 1.40015 10.6753 0
      vertex 1.62634 10.8737 0
    endloop
  endfacet
  facet normal -0.821334 -0.278829 -0.49766
    outer loop
      vertex -2.65615 11.3998 1
      vertex -2.77704 11.7559 1
      vertex -2.12492 11.6198 0
    endloop
  endfacet
  facet normal 0.821334 0.278829 -0.49766
    outer loop
      vertex 2.77704 13.2441 1
      vertex 2.12492 13.3802 0
      vertex 2.65615 13.6002 1
    endloop
  endfacet
  facet normal 0.777932 -0.383615 -0.497656
    outer loop
      vertex 2.48982 11.0625 1
      vertex 2.12492 11.6198 0
      vertex 2.65615 11.3998 1
    endloop
  endfacet
  facet normal -0.278786 -0.821331 -0.497689
    outer loop
      vertex -0.744104 9.72296 1
      vertex -0.880172 10.3751 0
      vertex -0.595284 10.2784 0
    endloop
  endfacet
  facet normal -0.86551 -0.0567396 -0.497668
    outer loop
      vertex -2.28032 12.1998 0
      vertex -2.875 12.5 1
      vertex -2.3 12.5 0
    endloop
  endfacet
  facet normal -0.777932 0.383615 -0.497656
    outer loop
      vertex -2.12492 13.3802 0
      vertex -2.65615 13.6002 1
      vertex -2.48982 13.9375 1
    endloop
  endfacet
  facet normal 0.652084 0.571952 -0.497651
    outer loop
      vertex 2.28089 14.2502 1
      vertex 1.82471 13.9002 0
      vertex 2.03293 14.5329 1
    endloop
  endfacet
  facet normal 0.850707 -0.16919 -0.497667
    outer loop
      vertex 2.77704 11.7559 1
      vertex 2.22163 11.9047 0
      vertex 2.28032 12.1998 0
    endloop
  endfacet
  facet normal 0.383656 -0.777898 -0.497677
    outer loop
      vertex 1.10021 9.84385 1
      vertex 0.880172 10.3751 0
      vertex 1.4375 10.0102 1
    endloop
  endfacet
  facet normal 0.721228 -0.481827 -0.497668
    outer loop
      vertex 2.48982 11.0625 1
      vertex 1.82471 11.0998 0
      vertex 1.99186 11.35 0
    endloop
  endfacet
  facet normal -0.777932 -0.383615 -0.497656
    outer loop
      vertex -2.48982 11.0625 1
      vertex -2.65615 11.3998 1
      vertex -2.12492 11.6198 0
    endloop
  endfacet
  facet normal -0.850707 0.16919 -0.497667
    outer loop
      vertex -2.28032 12.8002 0
      vertex -2.77704 13.2441 1
      vertex -2.22163 13.0953 0
    endloop
  endfacet
  facet normal -0.383742 0.777839 -0.497704
    outer loop
      vertex -0.880172 14.6249 0
      vertex -1.4375 14.9898 1
      vertex -1.10021 15.1562 1
    endloop
  endfacet
  facet normal -0.721228 0.481827 -0.497668
    outer loop
      vertex -1.99186 13.65 0
      vertex -2.48982 13.9375 1
      vertex -1.82471 13.9002 0
    endloop
  endfacet
  facet normal 0.383742 0.777839 -0.497704
    outer loop
      vertex 1.4375 14.9898 1
      vertex 0.880172 14.6249 0
      vertex 1.10021 15.1562 1
    endloop
  endfacet
  facet normal 0.777932 0.383615 -0.497656
    outer loop
      vertex 2.65615 13.6002 1
      vertex 2.12492 13.3802 0
      vertex 2.48982 13.9375 1
    endloop
  endfacet
  facet normal 0.850707 0.16919 -0.497667
    outer loop
      vertex 2.28032 12.8002 0
      vertex 2.22163 13.0953 0
      vertex 2.77704 13.2441 1
    endloop
  endfacet
  facet normal 0.865509 0.056732 -0.49767
    outer loop
      vertex 2.875 12.5 1
      vertex 2.28032 12.8002 0
      vertex 2.8504 12.8753 1
    endloop
  endfacet
  facet normal 0.850698 0.169217 -0.497674
    outer loop
      vertex 2.8504 12.8753 1
      vertex 2.28032 12.8002 0
      vertex 2.77704 13.2441 1
    endloop
  endfacet
  facet normal 0.721206 -0.481873 -0.497655
    outer loop
      vertex 2.28089 10.7498 1
      vertex 1.82471 11.0998 0
      vertex 2.48982 11.0625 1
    endloop
  endfacet
  facet normal 0.571948 -0.652067 -0.497678
    outer loop
      vertex 1.75019 10.2191 1
      vertex 1.40015 10.6753 0
      vertex 2.03293 10.4671 1
    endloop
  endfacet
  facet normal 0.278821 -0.821324 -0.49768
    outer loop
      vertex 1.10021 9.84385 1
      vertex 0.744104 9.72296 1
      vertex 0.880172 10.3751 0
    endloop
  endfacet
  facet normal 0.821338 -0.278805 -0.497666
    outer loop
      vertex 2.77704 11.7559 1
      vertex 2.12492 11.6198 0
      vertex 2.22163 11.9047 0
    endloop
  endfacet
  facet normal 0.821334 -0.278829 -0.49766
    outer loop
      vertex 2.65615 11.3998 1
      vertex 2.12492 11.6198 0
      vertex 2.77704 11.7559 1
    endloop
  endfacet
  facet normal 0.86551 -0.0567396 -0.497668
    outer loop
      vertex 2.875 12.5 1
      vertex 2.28032 12.1998 0
      vertex 2.3 12.5 0
    endloop
  endfacet
  facet normal -0.850698 -0.169217 -0.497674
    outer loop
      vertex -2.77704 11.7559 1
      vertex -2.8504 12.1247 1
      vertex -2.28032 12.1998 0
    endloop
  endfacet
  facet normal -0.865509 -0.056732 -0.49767
    outer loop
      vertex -2.8504 12.1247 1
      vertex -2.875 12.5 1
      vertex -2.28032 12.1998 0
    endloop
  endfacet
  facet normal -0.721228 -0.481827 -0.497668
    outer loop
      vertex -1.82471 11.0998 0
      vertex -2.48982 11.0625 1
      vertex -1.99186 11.35 0
    endloop
  endfacet
  facet normal -0.571951 -0.652064 -0.497679
    outer loop
      vertex -1.40015 10.6753 0
      vertex -2.03293 10.4671 1
      vertex -1.62634 10.8737 0
    endloop
  endfacet
  facet normal -0.777908 -0.383649 -0.497666
    outer loop
      vertex -1.99186 11.35 0
      vertex -2.48982 11.0625 1
      vertex -2.12492 11.6198 0
    endloop
  endfacet
  facet normal -0.0567952 -0.865507 -0.497667
    outer loop
      vertex 0 9.625 1
      vertex -0.30021 10.2197 0
      vertex 0 10.2 0
    endloop
  endfacet
  facet normal -0.721206 0.481873 -0.497655
    outer loop
      vertex -1.82471 13.9002 0
      vertex -2.48982 13.9375 1
      vertex -2.28089 14.2502 1
    endloop
  endfacet
  facet normal -0.571948 0.652067 -0.497678
    outer loop
      vertex -1.40015 14.3247 0
      vertex -2.03293 14.5329 1
      vertex -1.75019 14.7809 1
    endloop
  endfacet
  facet normal -0.0567952 0.865507 -0.497667
    outer loop
      vertex 0 14.8 0
      vertex -0.30021 14.7803 0
      vertex 0 15.375 1
    endloop
  endfacet
  facet normal -0.27863 0.821374 -0.497705
    outer loop
      vertex -0.880172 14.6249 0
      vertex -1.10021 15.1562 1
      vertex -0.744104 15.277 1
    endloop
  endfacet
  facet normal -0.821338 0.278805 -0.497666
    outer loop
      vertex -2.22163 13.0953 0
      vertex -2.77704 13.2441 1
      vertex -2.12492 13.3802 0
    endloop
  endfacet
  facet normal -0.821334 0.278829 -0.49766
    outer loop
      vertex -2.12492 13.3802 0
      vertex -2.77704 13.2441 1
      vertex -2.65615 13.6002 1
    endloop
  endfacet
  facet normal -0.86551 0.0567396 -0.497668
    outer loop
      vertex -2.3 12.5 0
      vertex -2.875 12.5 1
      vertex -2.28032 12.8002 0
    endloop
  endfacet
  facet normal 0.0567952 0.865507 -0.497667
    outer loop
      vertex 0.30021 14.7803 0
      vertex 0 14.8 0
      vertex 0 15.375 1
    endloop
  endfacet
  facet normal 0.481828 0.721219 -0.497679
    outer loop
      vertex 1.75019 14.7809 1
      vertex 1.40015 14.3247 0
      vertex 1.4375 14.9898 1
    endloop
  endfacet
  facet normal 0.27879 0.821344 -0.497664
    outer loop
      vertex 0.880172 14.6249 0
      vertex 0.595284 14.7216 0
      vertex 0.744104 15.277 1
    endloop
  endfacet
  facet normal 0.571951 0.652064 -0.497679
    outer loop
      vertex 1.62634 14.1263 0
      vertex 1.40015 14.3247 0
      vertex 2.03293 14.5329 1
    endloop
  endfacet
  facet normal 0.651993 0.57203 -0.497681
    outer loop
      vertex 1.82471 13.9002 0
      vertex 1.62634 14.1263 0
      vertex 2.03293 14.5329 1
    endloop
  endfacet
  facet normal 0.27863 0.821374 -0.497705
    outer loop
      vertex 0.880172 14.6249 0
      vertex 0.744104 15.277 1
      vertex 1.10021 15.1562 1
    endloop
  endfacet
  facet normal 0.721206 0.481873 -0.497655
    outer loop
      vertex 2.48982 13.9375 1
      vertex 1.82471 13.9002 0
      vertex 2.28089 14.2502 1
    endloop
  endfacet
  facet normal 0.777908 0.383649 -0.497666
    outer loop
      vertex 2.12492 13.3802 0
      vertex 1.99186 13.65 0
      vertex 2.48982 13.9375 1
    endloop
  endfacet
  facet normal 0.821338 0.278805 -0.497666
    outer loop
      vertex 2.22163 13.0953 0
      vertex 2.12492 13.3802 0
      vertex 2.77704 13.2441 1
    endloop
  endfacet
  facet normal 0.481828 -0.721219 -0.497679
    outer loop
      vertex 1.4375 10.0102 1
      vertex 1.40015 10.6753 0
      vertex 1.75019 10.2191 1
    endloop
  endfacet
  facet normal 0.169198 -0.850697 -0.497681
    outer loop
      vertex 0.375262 9.6496 1
      vertex 0.30021 10.2197 0
      vertex 0.744104 9.72296 1
    endloop
  endfacet
  facet normal 0.0567373 -0.865502 -0.497681
    outer loop
      vertex 0.375262 9.6496 1
      vertex 0 9.625 1
      vertex 0.30021 10.2197 0
    endloop
  endfacet
  facet normal 0.0567952 -0.865507 -0.497667
    outer loop
      vertex 0.30021 10.2197 0
      vertex 0 9.625 1
      vertex 0 10.2 0
    endloop
  endfacet
  facet normal 0.652084 -0.571952 -0.497651
    outer loop
      vertex 2.03293 10.4671 1
      vertex 1.82471 11.0998 0
      vertex 2.28089 10.7498 1
    endloop
  endfacet
  facet normal 0.651993 -0.57203 -0.497681
    outer loop
      vertex 2.03293 10.4671 1
      vertex 1.62634 10.8737 0
      vertex 1.82471 11.0998 0
    endloop
  endfacet
  facet normal 0.865509 -0.056732 -0.49767
    outer loop
      vertex 2.8504 12.1247 1
      vertex 2.28032 12.1998 0
      vertex 2.875 12.5 1
    endloop
  endfacet
  facet normal 0.850698 -0.169217 -0.497674
    outer loop
      vertex 2.77704 11.7559 1
      vertex 2.28032 12.1998 0
      vertex 2.8504 12.1247 1
    endloop
  endfacet
  facet normal 0 0 -1
    outer loop
      vertex 2.28032 12.1998 0
      vertex 2.28032 12.8002 0
      vertex 2.3 12.5 0
    endloop
  endfacet
  facet normal 0 0 -1
    outer loop
      vertex 2.22163 11.9047 0
      vertex 2.28032 12.8002 0
      vertex 2.28032 12.1998 0
    endloop
  endfacet
  facet normal 0 0 -1
    outer loop
      vertex 2.22163 11.9047 0
      vertex 2.22163 13.0953 0
      vertex 2.28032 12.8002 0
    endloop
  endfacet
  facet normal 0 0 -1
    outer loop
      vertex 2.12492 11.6198 0
      vertex 2.22163 13.0953 0
      vertex 2.22163 11.9047 0
    endloop
  endfacet
  facet normal 0 0 -1
    outer loop
      vertex 2.12492 11.6198 0
      vertex 2.12492 13.3802 0
      vertex 2.22163 13.0953 0
    endloop
  endfacet
  facet normal 0 0 -1
    outer loop
      vertex 1.99186 11.35 0
      vertex 2.12492 13.3802 0
      vertex 2.12492 11.6198 0
    endloop
  endfacet
  facet normal 0 0 -1
    outer loop
      vertex 1.99186 11.35 0
      vertex 1.99186 13.65 0
      vertex 2.12492 13.3802 0
    endloop
  endfacet
  facet normal 0 0 -1
    outer loop
      vertex 1.82471 11.0998 0
      vertex 1.99186 13.65 0
      vertex 1.99186 11.35 0
    endloop
  endfacet
  facet normal 0 0 -1
    outer loop
      vertex 1.82471 11.0998 0
      vertex 1.82471 13.9002 0
      vertex 1.99186 13.65 0
    endloop
  endfacet
  facet normal 0 0 -1
    outer loop
      vertex 1.62634 10.8737 0
      vertex 1.82471 13.9002 0
      vertex 1.82471 11.0998 0
    endloop
  endfacet
  facet normal 0 0 -1
    outer loop
      vertex 1.62634 10.8737 0
      vertex 1.62634 14.1263 0
      vertex 1.82471 13.9002 0
    endloop
  endfacet
  facet normal 0 0 -1
    outer loop
      vertex 1.40015 10.6753 0
      vertex 1.62634 14.1263 0
      vertex 1.62634 10.8737 0
    endloop
  endfacet
  facet normal 0 0 -1
    outer loop
      vertex 1.40015 10.6753 0
      vertex 1.40015 14.3247 0
      vertex 1.62634 14.1263 0
    endloop
  endfacet
  facet normal 0 0 -1
    outer loop
      vertex 1.15 10.5081 0
      vertex 1.40015 14.3247 0
      vertex 1.40015 10.6753 0
    endloop
  endfacet
  facet normal 0 0 -1
    outer loop
      vertex 1.15 10.5081 0
      vertex 1.15 14.4919 0
      vertex 1.40015 14.3247 0
    endloop
  endfacet
  facet normal 0 0 -1
    outer loop
      vertex 0.880172 10.3751 0
      vertex 1.15 14.4919 0
      vertex 1.15 10.5081 0
    endloop
  endfacet
  facet normal 0 0 -1
    outer loop
      vertex 0.880172 10.3751 0
      vertex 0.880172 14.6249 0
      vertex 1.15 14.4919 0
    endloop
  endfacet
  facet normal 0 0 -1
    outer loop
      vertex 0.595284 10.2784 0
      vertex 0.880172 14.6249 0
      vertex 0.880172 10.3751 0
    endloop
  endfacet
  facet normal 0 0 -1
    outer loop
      vertex 0.595284 10.2784 0
      vertex 0.595284 14.7216 0
      vertex 0.880172 14.6249 0
    endloop
  endfacet
  facet normal 0 0 -1
    outer loop
      vertex 0.30021 10.2197 0
      vertex 0.595284 14.7216 0
      vertex 0.595284 10.2784 0
    endloop
  endfacet
  facet normal 0 0 -1
    outer loop
      vertex 0.30021 10.2197 0
      vertex 0.30021 14.7803 0
      vertex 0.595284 14.7216 0
    endloop
  endfacet
  facet normal 0 0 -1
    outer loop
      vertex 0 10.2 0
      vertex 0.30021 14.7803 0
      vertex 0.30021 10.2197 0
    endloop
  endfacet
  facet normal 0 0 -1
    outer loop
      vertex 0 10.2 0
      vertex 0 14.8 0
      vertex 0.30021 14.7803 0
    endloop
  endfacet
  facet normal 0 0 -1
    outer loop
      vertex -0.30021 10.2197 0
      vertex 0 14.8 0
      vertex 0 10.2 0
    endloop
  endfacet
  facet normal 0 0 -1
    outer loop
      vertex -0.30021 10.2197 0
      vertex -0.30021 14.7803 0
      vertex 0 14.8 0
    endloop
  endfacet
  facet normal 0 0 -1
    outer loop
      vertex -0.595284 10.2784 0
      vertex -0.30021 14.7803 0
      vertex -0.30021 10.2197 0
    endloop
  endfacet
  facet normal 0 0 -1
    outer loop
      vertex -0.595284 10.2784 0
      vertex -0.595284 14.7216 0
      vertex -0.30021 14.7803 0
    endloop
  endfacet
  facet normal 0 0 -1
    outer loop
      vertex -0.880172 10.3751 0
      vertex -0.595284 14.7216 0
      vertex -0.595284 10.2784 0
    endloop
  endfacet
  facet normal 0 0 -1
    outer loop
      vertex -0.880172 10.3751 0
      vertex -0.880172 14.6249 0
      vertex -0.595284 14.7216 0
    endloop
  endfacet
  facet normal 0 0 -1
    outer loop
      vertex -1.15 10.5081 0
      vertex -0.880172 14.6249 0
      vertex -0.880172 10.3751 0
    endloop
  endfacet
  facet normal 0 0 -1
    outer loop
      vertex -1.15 10.5081 0
      vertex -1.15 14.4919 0
      vertex -0.880172 14.6249 0
    endloop
  endfacet
  facet normal 0 0 -1
    outer loop
      vertex -1.40015 10.6753 0
      vertex -1.15 14.4919 0
      vertex -1.15 10.5081 0
    endloop
  endfacet
  facet normal 0 0 -1
    outer loop
      vertex -1.40015 10.6753 0
      vertex -1.40015 14.3247 0
      vertex -1.15 14.4919 0
    endloop
  endfacet
  facet normal 0 0 -1
    outer loop
      vertex -1.62634 10.8737 0
      vertex -1.40015 14.3247 0
      vertex -1.40015 10.6753 0
    endloop
  endfacet
  facet normal 0 0 -1
    outer loop
      vertex -1.62634 10.8737 0
      vertex -1.62634 14.1263 0
      vertex -1.40015 14.3247 0
    endloop
  endfacet
  facet normal 0 0 -1
    outer loop
      vertex -1.82471 11.0998 0
      vertex -1.62634 14.1263 0
      vertex -1.62634 10.8737 0
    endloop
  endfacet
  facet normal 0 0 -1
    outer loop
      vertex -1.82471 11.0998 0
      vertex -1.82471 13.9002 0
      vertex -1.62634 14.1263 0
    endloop
  endfacet
  facet normal 0 0 -1
    outer loop
      vertex -1.99186 11.35 0
      vertex -1.82471 13.9002 0
      vertex -1.82471 11.0998 0
    endloop
  endfacet
  facet normal 0 0 -1
    outer loop
      vertex -1.99186 11.35 0
      vertex -1.99186 13.65 0
      vertex -1.82471 13.9002 0
    endloop
  endfacet
  facet normal 0 0 -1
    outer loop
      vertex -2.12492 11.6198 0
      vertex -1.99186 13.65 0
      vertex -1.99186 11.35 0
    endloop
  endfacet
  facet normal 0 0 -1
    outer loop
      vertex -2.12492 11.6198 0
      vertex -2.12492 13.3802 0
      vertex -1.99186 13.65 0
    endloop
  endfacet
  facet normal 0 0 -1
    outer loop
      vertex -2.22163 11.9047 0
      vertex -2.12492 13.3802 0
      vertex -2.12492 11.6198 0
    endloop
  endfacet
  facet normal 0 0 -1
    outer loop
      vertex -2.22163 11.9047 0
      vertex -2.22163 13.0953 0
      vertex -2.12492 13.3802 0
    endloop
  endfacet
  facet normal 0 0 -1
    outer loop
      vertex -2.28032 12.1998 0
      vertex -2.22163 13.0953 0
      vertex -2.22163 11.9047 0
    endloop
  endfacet
  facet normal 0 0 -1
    outer loop
      vertex -2.28032 12.1998 0
      vertex -2.28032 12.8002 0
      vertex -2.22163 13.0953 0
    endloop
  endfacet
  facet normal 0 -0 -1
    outer loop
      vertex -2.28032 12.8002 0
      vertex -2.28032 12.1998 0
      vertex -2.3 12.5 0
    endloop
  endfacet
  facet normal -0.850707 -0.16919 -0.497667
    outer loop
      vertex -2.22163 11.9047 0
      vertex -2.77704 11.7559 1
      vertex -2.28032 12.1998 0
    endloop
  endfacet
  facet normal -0.651993 -0.57203 -0.497681
    outer loop
      vertex -1.62634 10.8737 0
      vertex -2.03293 10.4671 1
      vertex -1.82471 11.0998 0
    endloop
  endfacet
  facet normal -0.481828 -0.721219 -0.497679
    outer loop
      vertex -1.4375 10.0102 1
      vertex -1.75019 10.2191 1
      vertex -1.40015 10.6753 0
    endloop
  endfacet
  facet normal -0.0567373 -0.865502 -0.497681
    outer loop
      vertex 0 9.625 1
      vertex -0.375262 9.6496 1
      vertex -0.30021 10.2197 0
    endloop
  endfacet
  facet normal -0.169198 -0.850697 -0.497681
    outer loop
      vertex -0.375262 9.6496 1
      vertex -0.744104 9.72296 1
      vertex -0.30021 10.2197 0
    endloop
  endfacet
  facet normal -0.481828 0.721219 -0.497679
    outer loop
      vertex -1.40015 14.3247 0
      vertex -1.75019 14.7809 1
      vertex -1.4375 14.9898 1
    endloop
  endfacet
  facet normal -0.169232 0.8507 -0.497664
    outer loop
      vertex -0.595284 14.7216 0
      vertex -0.744104 15.277 1
      vertex -0.30021 14.7803 0
    endloop
  endfacet
  facet normal -0.652084 0.571952 -0.497651
    outer loop
      vertex -1.82471 13.9002 0
      vertex -2.28089 14.2502 1
      vertex -2.03293 14.5329 1
    endloop
  endfacet
  facet normal -0.651993 0.57203 -0.497681
    outer loop
      vertex -1.82471 13.9002 0
      vertex -2.03293 14.5329 1
      vertex -1.62634 14.1263 0
    endloop
  endfacet
  facet normal -0.865509 0.056732 -0.49767
    outer loop
      vertex -2.28032 12.8002 0
      vertex -2.875 12.5 1
      vertex -2.8504 12.8753 1
    endloop
  endfacet
  facet normal -0.850698 0.169217 -0.497674
    outer loop
      vertex -2.28032 12.8002 0
      vertex -2.8504 12.8753 1
      vertex -2.77704 13.2441 1
    endloop
  endfacet
  facet normal 0.571948 0.652067 -0.497678
    outer loop
      vertex 2.03293 14.5329 1
      vertex 1.40015 14.3247 0
      vertex 1.75019 14.7809 1
    endloop
  endfacet
  facet normal 0.383488 0.778014 -0.497626
    outer loop
      vertex 1.15 14.4919 0
      vertex 0.880172 14.6249 0
      vertex 1.4375 14.9898 1
    endloop
  endfacet
  facet normal 0.482006 0.721135 -0.49763
    outer loop
      vertex 1.40015 14.3247 0
      vertex 1.15 14.4919 0
      vertex 1.4375 14.9898 1
    endloop
  endfacet
  facet normal 0.0567373 0.865502 -0.497681
    outer loop
      vertex 0.30021 14.7803 0
      vertex 0 15.375 1
      vertex 0.375262 15.3504 1
    endloop
  endfacet
  facet normal 0.169287 0.850681 -0.497679
    outer loop
      vertex 0.744104 15.277 1
      vertex 0.30021 14.7803 0
      vertex 0.375262 15.3504 1
    endloop
  endfacet
  facet normal 0.383488 -0.778014 -0.497626
    outer loop
      vertex 1.4375 10.0102 1
      vertex 0.880172 10.3751 0
      vertex 1.15 10.5081 0
    endloop
  endfacet
  facet normal 0.16923 -0.850686 -0.49769
    outer loop
      vertex 0.744104 9.72296 1
      vertex 0.30021 10.2197 0
      vertex 0.595284 10.2784 0
    endloop
  endfacet
  facet normal 0.777908 -0.383649 -0.497666
    outer loop
      vertex 2.48982 11.0625 1
      vertex 1.99186 11.35 0
      vertex 2.12492 11.6198 0
    endloop
  endfacet
  facet normal -0.821338 -0.278805 -0.497666
    outer loop
      vertex -2.12492 11.6198 0
      vertex -2.77704 11.7559 1
      vertex -2.22163 11.9047 0
    endloop
  endfacet
  facet normal -0.721206 -0.481873 -0.497655
    outer loop
      vertex -2.28089 10.7498 1
      vertex -2.48982 11.0625 1
      vertex -1.82471 11.0998 0
    endloop
  endfacet
  facet normal -0.652084 -0.571952 -0.497651
    outer loop
      vertex -2.03293 10.4671 1
      vertex -2.28089 10.7498 1
      vertex -1.82471 11.0998 0
    endloop
  endfacet
  facet normal -0.383488 -0.778014 -0.497626
    outer loop
      vertex -0.880172 10.3751 0
      vertex -1.4375 10.0102 1
      vertex -1.15 10.5081 0
    endloop
  endfacet
  facet normal -0.482006 -0.721135 -0.49763
    outer loop
      vertex -1.15 10.5081 0
      vertex -1.4375 10.0102 1
      vertex -1.40015 10.6753 0
    endloop
  endfacet
  facet normal -0.383656 -0.777898 -0.497677
    outer loop
      vertex -1.10021 9.84385 1
      vertex -1.4375 10.0102 1
      vertex -0.880172 10.3751 0
    endloop
  endfacet
  facet normal -0.278821 -0.821324 -0.49768
    outer loop
      vertex -0.744104 9.72296 1
      vertex -1.10021 9.84385 1
      vertex -0.880172 10.3751 0
    endloop
  endfacet
  facet normal -0.571948 -0.652067 -0.497678
    outer loop
      vertex -1.75019 10.2191 1
      vertex -2.03293 10.4671 1
      vertex -1.40015 10.6753 0
    endloop
  endfacet
  facet normal -0.16923 -0.850686 -0.49769
    outer loop
      vertex -0.30021 10.2197 0
      vertex -0.744104 9.72296 1
      vertex -0.595284 10.2784 0
    endloop
  endfacet
  facet normal -0.383488 0.778014 -0.497626
    outer loop
      vertex -1.15 14.4919 0
      vertex -1.4375 14.9898 1
      vertex -0.880172 14.6249 0
    endloop
  endfacet
  facet normal -0.169287 0.850681 -0.497679
    outer loop
      vertex -0.30021 14.7803 0
      vertex -0.744104 15.277 1
      vertex -0.375262 15.3504 1
    endloop
  endfacet
  facet normal -0.0567373 0.865502 -0.497681
    outer loop
      vertex -0.30021 14.7803 0
      vertex -0.375262 15.3504 1
      vertex 0 15.375 1
    endloop
  endfacet
  facet normal -0.777908 0.383649 -0.497666
    outer loop
      vertex -2.12492 13.3802 0
      vertex -2.48982 13.9375 1
      vertex -1.99186 13.65 0
    endloop
  endfacet
  facet normal 0.169232 0.8507 -0.497664
    outer loop
      vertex 0.595284 14.7216 0
      vertex 0.30021 14.7803 0
      vertex 0.744104 15.277 1
    endloop
  endfacet
  facet normal 0.482006 -0.721135 -0.49763
    outer loop
      vertex 1.4375 10.0102 1
      vertex 1.15 10.5081 0
      vertex 1.40015 10.6753 0
    endloop
  endfacet
  facet normal 0.278786 -0.821331 -0.497689
    outer loop
      vertex 0.744104 9.72296 1
      vertex 0.595284 10.2784 0
      vertex 0.880172 10.3751 0
    endloop
  endfacet
  facet normal -0.482006 0.721135 -0.49763
    outer loop
      vertex -1.40015 14.3247 0
      vertex -1.4375 14.9898 1
      vertex -1.15 14.4919 0
    endloop
  endfacet
  facet normal -0.27879 0.821344 -0.497664
    outer loop
      vertex -0.595284 14.7216 0
      vertex -0.880172 14.6249 0
      vertex -0.744104 15.277 1
    endloop
  endfacet
  facet normal 0.55551 0.83151 -0
    outer loop
      vertex 1.75019 14.7809 1
      vertex 1.4375 14.9898 5
      vertex 1.75019 14.7809 5
    endloop
  endfacet
  facet normal 0.55551 0.83151 0
    outer loop
      vertex 1.4375 14.9898 5
      vertex 1.75019 14.7809 1
      vertex 1.4375 14.9898 1
    endloop
  endfacet
  facet normal -0.946922 0.321464 0
    outer loop
      vertex -2.77704 13.2441 1
      vertex -2.65615 13.6002 5
      vertex -2.65615 13.6002 1
    endloop
  endfacet
  facet normal -0.946922 0.321464 0
    outer loop
      vertex -2.65615 13.6002 5
      vertex -2.77704 13.2441 1
      vertex -2.77704 13.2441 5
    endloop
  endfacet
  facet normal -0.321459 -0.946923 0
    outer loop
      vertex -1.10021 9.84385 1
      vertex -0.744104 9.72296 5
      vertex -1.10021 9.84385 5
    endloop
  endfacet
  facet normal -0.321459 -0.946923 -0
    outer loop
      vertex -0.744104 9.72296 5
      vertex -1.10021 9.84385 1
      vertex -0.744104 9.72296 1
    endloop
  endfacet
  facet normal -0.321245 0.946996 0
    outer loop
      vertex -0.744104 15.277 1
      vertex -1.10021 15.1562 5
      vertex -0.744104 15.277 5
    endloop
  endfacet
  facet normal -0.321245 0.946996 0
    outer loop
      vertex -1.10021 15.1562 5
      vertex -0.744104 15.277 1
      vertex -1.10021 15.1562 1
    endloop
  endfacet
  facet normal -0.896881 0.442272 0
    outer loop
      vertex -2.65615 13.6002 1
      vertex -2.48982 13.9375 5
      vertex -2.48982 13.9375 1
    endloop
  endfacet
  facet normal -0.896881 0.442272 0
    outer loop
      vertex -2.48982 13.9375 5
      vertex -2.65615 13.6002 1
      vertex -2.65615 13.6002 5
    endloop
  endfacet
  facet normal 0.946922 -0.321464 0
    outer loop
      vertex 2.65615 11.3998 5
      vertex 2.77704 11.7559 1
      vertex 2.77704 11.7559 5
    endloop
  endfacet
  facet normal 0.946922 -0.321464 0
    outer loop
      vertex 2.77704 11.7559 1
      vertex 2.65615 11.3998 5
      vertex 2.65615 11.3998 1
    endloop
  endfacet
  facet normal 0.896881 0.442272 0
    outer loop
      vertex 2.65615 13.6002 5
      vertex 2.48982 13.9375 1
      vertex 2.48982 13.9375 5
    endloop
  endfacet
  facet normal 0.896881 0.442272 0
    outer loop
      vertex 2.48982 13.9375 1
      vertex 2.65615 13.6002 5
      vertex 2.65615 13.6002 1
    endloop
  endfacet
  facet normal 0.980785 0.195093 0
    outer loop
      vertex 2.8504 12.8753 5
      vertex 2.77704 13.2441 1
      vertex 2.77704 13.2441 5
    endloop
  endfacet
  facet normal 0.980785 0.195093 0
    outer loop
      vertex 2.77704 13.2441 1
      vertex 2.8504 12.8753 5
      vertex 2.8504 12.8753 1
    endloop
  endfacet
  facet normal 0.831481 0.555553 0
    outer loop
      vertex 2.48982 13.9375 5
      vertex 2.28089 14.2502 1
      vertex 2.28089 14.2502 5
    endloop
  endfacet
  facet normal 0.831481 0.555553 0
    outer loop
      vertex 2.28089 14.2502 1
      vertex 2.48982 13.9375 5
      vertex 2.48982 13.9375 1
    endloop
  endfacet
  facet normal 0.321245 0.946996 -0
    outer loop
      vertex 1.10021 15.1562 1
      vertex 0.744104 15.277 5
      vertex 1.10021 15.1562 5
    endloop
  endfacet
  facet normal 0.321245 0.946996 0
    outer loop
      vertex 0.744104 15.277 5
      vertex 1.10021 15.1562 1
      vertex 0.744104 15.277 1
    endloop
  endfacet
  facet normal 0.0654138 0.997858 -0
    outer loop
      vertex 0.375262 15.3504 1
      vertex 0 15.375 5
      vertex 0.375262 15.3504 5
    endloop
  endfacet
  facet normal 0.0654138 0.997858 0
    outer loop
      vertex 0 15.375 5
      vertex 0.375262 15.3504 1
      vertex 0 15.375 1
    endloop
  endfacet
  facet normal 0.195174 0.980769 -0
    outer loop
      vertex 0.744104 15.277 1
      vertex 0.375262 15.3504 5
      vertex 0.744104 15.277 5
    endloop
  endfacet
  facet normal 0.195174 0.980769 0
    outer loop
      vertex 0.375262 15.3504 5
      vertex 0.744104 15.277 1
      vertex 0.375262 15.3504 1
    endloop
  endfacet
  facet normal -0.980785 0.195093 0
    outer loop
      vertex -2.8504 12.8753 1
      vertex -2.77704 13.2441 5
      vertex -2.77704 13.2441 1
    endloop
  endfacet
  facet normal -0.980785 0.195093 0
    outer loop
      vertex -2.77704 13.2441 5
      vertex -2.8504 12.8753 1
      vertex -2.8504 12.8753 5
    endloop
  endfacet
  facet normal -0.751789 0.659404 0
    outer loop
      vertex -2.28089 14.2502 1
      vertex -2.03293 14.5329 5
      vertex -2.03293 14.5329 1
    endloop
  endfacet
  facet normal -0.751789 0.659404 0
    outer loop
      vertex -2.03293 14.5329 5
      vertex -2.28089 14.2502 1
      vertex -2.28089 14.2502 5
    endloop
  endfacet
  facet normal -0.442432 0.896802 0
    outer loop
      vertex -1.10021 15.1562 1
      vertex -1.4375 14.9898 5
      vertex -1.10021 15.1562 5
    endloop
  endfacet
  facet normal -0.442432 0.896802 0
    outer loop
      vertex -1.4375 14.9898 5
      vertex -1.10021 15.1562 1
      vertex -1.4375 14.9898 1
    endloop
  endfacet
  facet normal -0.195174 0.980769 0
    outer loop
      vertex -0.375262 15.3504 1
      vertex -0.744104 15.277 5
      vertex -0.375262 15.3504 5
    endloop
  endfacet
  facet normal -0.195174 0.980769 0
    outer loop
      vertex -0.744104 15.277 5
      vertex -0.375262 15.3504 1
      vertex -0.744104 15.277 1
    endloop
  endfacet
  facet normal 0.997859 0.0654072 0
    outer loop
      vertex 2.875 12.5 5
      vertex 2.8504 12.8753 1
      vertex 2.8504 12.8753 5
    endloop
  endfacet
  facet normal 0.997859 0.0654072 0
    outer loop
      vertex 2.8504 12.8753 1
      vertex 2.875 12.5 5
      vertex 2.875 12.5 1
    endloop
  endfacet
  facet normal 0.55551 -0.83151 0
    outer loop
      vertex 1.4375 10.0102 1
      vertex 1.75019 10.2191 5
      vertex 1.4375 10.0102 5
    endloop
  endfacet
  facet normal 0.55551 -0.83151 0
    outer loop
      vertex 1.75019 10.2191 5
      vertex 1.4375 10.0102 1
      vertex 1.75019 10.2191 1
    endloop
  endfacet
  facet normal 0.831481 -0.555553 0
    outer loop
      vertex 2.28089 10.7498 5
      vertex 2.48982 11.0625 1
      vertex 2.48982 11.0625 5
    endloop
  endfacet
  facet normal 0.831481 -0.555553 0
    outer loop
      vertex 2.48982 11.0625 1
      vertex 2.28089 10.7498 5
      vertex 2.28089 10.7498 1
    endloop
  endfacet
  facet normal -0.195072 -0.980789 0
    outer loop
      vertex -0.744104 9.72296 1
      vertex -0.375262 9.6496 5
      vertex -0.744104 9.72296 5
    endloop
  endfacet
  facet normal -0.195072 -0.980789 -0
    outer loop
      vertex -0.375262 9.6496 5
      vertex -0.744104 9.72296 1
      vertex -0.375262 9.6496 1
    endloop
  endfacet
  facet normal -0.659411 -0.751782 0
    outer loop
      vertex -2.03293 10.4671 1
      vertex -1.75019 10.2191 5
      vertex -2.03293 10.4671 5
    endloop
  endfacet
  facet normal -0.659411 -0.751782 -0
    outer loop
      vertex -1.75019 10.2191 5
      vertex -2.03293 10.4671 1
      vertex -1.75019 10.2191 1
    endloop
  endfacet
  facet normal -0.896881 -0.442272 0
    outer loop
      vertex -2.48982 11.0625 1
      vertex -2.65615 11.3998 5
      vertex -2.65615 11.3998 1
    endloop
  endfacet
  facet normal -0.896881 -0.442272 0
    outer loop
      vertex -2.65615 11.3998 5
      vertex -2.48982 11.0625 1
      vertex -2.48982 11.0625 5
    endloop
  endfacet
  facet normal -0.980785 -0.195093 0
    outer loop
      vertex -2.77704 11.7559 1
      vertex -2.8504 12.1247 5
      vertex -2.8504 12.1247 1
    endloop
  endfacet
  facet normal -0.980785 -0.195093 0
    outer loop
      vertex -2.8504 12.1247 5
      vertex -2.77704 11.7559 1
      vertex -2.77704 11.7559 5
    endloop
  endfacet
  facet normal 0.946922 0.321464 0
    outer loop
      vertex 2.77704 13.2441 5
      vertex 2.65615 13.6002 1
      vertex 2.65615 13.6002 5
    endloop
  endfacet
  facet normal 0.946922 0.321464 0
    outer loop
      vertex 2.65615 13.6002 1
      vertex 2.77704 13.2441 5
      vertex 2.77704 13.2441 1
    endloop
  endfacet
  facet normal 0.751789 0.659404 0
    outer loop
      vertex 2.28089 14.2502 5
      vertex 2.03293 14.5329 1
      vertex 2.03293 14.5329 5
    endloop
  endfacet
  facet normal 0.751789 0.659404 0
    outer loop
      vertex 2.03293 14.5329 1
      vertex 2.28089 14.2502 5
      vertex 2.28089 14.2502 1
    endloop
  endfacet
  facet normal 0.659411 0.751782 -0
    outer loop
      vertex 2.03293 14.5329 1
      vertex 1.75019 14.7809 5
      vertex 2.03293 14.5329 5
    endloop
  endfacet
  facet normal 0.659411 0.751782 0
    outer loop
      vertex 1.75019 14.7809 5
      vertex 2.03293 14.5329 1
      vertex 1.75019 14.7809 1
    endloop
  endfacet
  facet normal 0.442432 0.896802 -0
    outer loop
      vertex 1.4375 14.9898 1
      vertex 1.10021 15.1562 5
      vertex 1.4375 14.9898 5
    endloop
  endfacet
  facet normal 0.442432 0.896802 0
    outer loop
      vertex 1.10021 15.1562 5
      vertex 1.4375 14.9898 1
      vertex 1.10021 15.1562 1
    endloop
  endfacet
  facet normal -0.997859 0.0654072 0
    outer loop
      vertex -2.875 12.5 1
      vertex -2.8504 12.8753 5
      vertex -2.8504 12.8753 1
    endloop
  endfacet
  facet normal -0.997859 0.0654072 0
    outer loop
      vertex -2.8504 12.8753 5
      vertex -2.875 12.5 1
      vertex -2.875 12.5 5
    endloop
  endfacet
  facet normal -0.831481 0.555553 0
    outer loop
      vertex -2.48982 13.9375 1
      vertex -2.28089 14.2502 5
      vertex -2.28089 14.2502 1
    endloop
  endfacet
  facet normal -0.831481 0.555553 0
    outer loop
      vertex -2.28089 14.2502 5
      vertex -2.48982 13.9375 1
      vertex -2.48982 13.9375 5
    endloop
  endfacet
  facet normal -0.0654138 0.997858 0
    outer loop
      vertex 0 15.375 1
      vertex -0.375262 15.3504 5
      vertex 0 15.375 5
    endloop
  endfacet
  facet normal -0.0654138 0.997858 0
    outer loop
      vertex -0.375262 15.3504 5
      vertex 0 15.375 1
      vertex -0.375262 15.3504 1
    endloop
  endfacet
  facet normal -0.55551 0.83151 0
    outer loop
      vertex -1.4375 14.9898 1
      vertex -1.75019 14.7809 5
      vertex -1.4375 14.9898 5
    endloop
  endfacet
  facet normal -0.55551 0.83151 0
    outer loop
      vertex -1.75019 14.7809 5
      vertex -1.4375 14.9898 1
      vertex -1.75019 14.7809 1
    endloop
  endfacet
  facet normal -0.659411 0.751782 0
    outer loop
      vertex -1.75019 14.7809 1
      vertex -2.03293 14.5329 5
      vertex -1.75019 14.7809 5
    endloop
  endfacet
  facet normal -0.659411 0.751782 0
    outer loop
      vertex -2.03293 14.5329 5
      vertex -1.75019 14.7809 1
      vertex -2.03293 14.5329 1
    endloop
  endfacet
  facet normal 0.980785 -0.195093 0
    outer loop
      vertex 2.77704 11.7559 5
      vertex 2.8504 12.1247 1
      vertex 2.8504 12.1247 5
    endloop
  endfacet
  facet normal 0.980785 -0.195093 0
    outer loop
      vertex 2.8504 12.1247 1
      vertex 2.77704 11.7559 5
      vertex 2.77704 11.7559 1
    endloop
  endfacet
  facet normal 0.0654138 -0.997858 0
    outer loop
      vertex 0 9.625 1
      vertex 0.375262 9.6496 5
      vertex 0 9.625 5
    endloop
  endfacet
  facet normal 0.0654138 -0.997858 0
    outer loop
      vertex 0.375262 9.6496 5
      vertex 0 9.625 1
      vertex 0.375262 9.6496 1
    endloop
  endfacet
  facet normal 0.195072 -0.980789 0
    outer loop
      vertex 0.375262 9.6496 1
      vertex 0.744104 9.72296 5
      vertex 0.375262 9.6496 5
    endloop
  endfacet
  facet normal 0.195072 -0.980789 0
    outer loop
      vertex 0.744104 9.72296 5
      vertex 0.375262 9.6496 1
      vertex 0.744104 9.72296 1
    endloop
  endfacet
  facet normal 0.321459 -0.946923 0
    outer loop
      vertex 0.744104 9.72296 1
      vertex 1.10021 9.84385 5
      vertex 0.744104 9.72296 5
    endloop
  endfacet
  facet normal 0.321459 -0.946923 0
    outer loop
      vertex 1.10021 9.84385 5
      vertex 0.744104 9.72296 1
      vertex 1.10021 9.84385 1
    endloop
  endfacet
  facet normal 0.751789 -0.659404 0
    outer loop
      vertex 2.03293 10.4671 5
      vertex 2.28089 10.7498 1
      vertex 2.28089 10.7498 5
    endloop
  endfacet
  facet normal 0.751789 -0.659404 0
    outer loop
      vertex 2.28089 10.7498 1
      vertex 2.03293 10.4671 5
      vertex 2.03293 10.4671 1
    endloop
  endfacet
  facet normal 0.659411 -0.751782 0
    outer loop
      vertex 1.75019 10.2191 1
      vertex 2.03293 10.4671 5
      vertex 1.75019 10.2191 5
    endloop
  endfacet
  facet normal 0.659411 -0.751782 0
    outer loop
      vertex 2.03293 10.4671 5
      vertex 1.75019 10.2191 1
      vertex 2.03293 10.4671 1
    endloop
  endfacet
  facet normal 0.896881 -0.442272 0
    outer loop
      vertex 2.48982 11.0625 5
      vertex 2.65615 11.3998 1
      vertex 2.65615 11.3998 5
    endloop
  endfacet
  facet normal 0.896881 -0.442272 0
    outer loop
      vertex 2.65615 11.3998 1
      vertex 2.48982 11.0625 5
      vertex 2.48982 11.0625 1
    endloop
  endfacet
  facet normal -0.0654138 -0.997858 0
    outer loop
      vertex -0.375262 9.6496 1
      vertex 0 9.625 5
      vertex -0.375262 9.6496 5
    endloop
  endfacet
  facet normal -0.0654138 -0.997858 -0
    outer loop
      vertex 0 9.625 5
      vertex -0.375262 9.6496 1
      vertex 0 9.625 1
    endloop
  endfacet
  facet normal -0.442325 -0.896855 0
    outer loop
      vertex -1.4375 10.0102 1
      vertex -1.10021 9.84385 5
      vertex -1.4375 10.0102 5
    endloop
  endfacet
  facet normal -0.442325 -0.896855 -0
    outer loop
      vertex -1.10021 9.84385 5
      vertex -1.4375 10.0102 1
      vertex -1.10021 9.84385 1
    endloop
  endfacet
  facet normal -0.946922 -0.321464 0
    outer loop
      vertex -2.65615 11.3998 1
      vertex -2.77704 11.7559 5
      vertex -2.77704 11.7559 1
    endloop
  endfacet
  facet normal -0.946922 -0.321464 0
    outer loop
      vertex -2.77704 11.7559 5
      vertex -2.65615 11.3998 1
      vertex -2.65615 11.3998 5
    endloop
  endfacet
  facet normal -0.997859 -0.0654072 0
    outer loop
      vertex -2.8504 12.1247 1
      vertex -2.875 12.5 5
      vertex -2.875 12.5 1
    endloop
  endfacet
  facet normal -0.997859 -0.0654072 0
    outer loop
      vertex -2.875 12.5 5
      vertex -2.8504 12.1247 1
      vertex -2.8504 12.1247 5
    endloop
  endfacet
  facet normal -0.831481 -0.555553 0
    outer loop
      vertex -2.28089 10.7498 1
      vertex -2.48982 11.0625 5
      vertex -2.48982 11.0625 1
    endloop
  endfacet
  facet normal -0.831481 -0.555553 0
    outer loop
      vertex -2.48982 11.0625 5
      vertex -2.28089 10.7498 1
      vertex -2.28089 10.7498 5
    endloop
  endfacet
  facet normal 0 0 -1
    outer loop
      vertex 2.875 12.5 5
      vertex 4.5 12.5 5
      vertex 4.4615 11.9126 5
    endloop
  endfacet
  facet normal 0 0 -1
    outer loop
      vertex 2.8504 12.1247 5
      vertex 4.4615 11.9126 5
      vertex 4.34667 11.3353 5
    endloop
  endfacet
  facet normal 0 0 -1
    outer loop
      vertex 4.5 12.5 5
      vertex 2.875 12.5 5
      vertex 4.4615 13.0874 5
    endloop
  endfacet
  facet normal 0 0 -1
    outer loop
      vertex 2.77704 11.7559 5
      vertex 4.34667 11.3353 5
      vertex 4.15746 10.7779 5
    endloop
  endfacet
  facet normal 0 0 -1
    outer loop
      vertex 2.8504 12.8753 5
      vertex 4.4615 13.0874 5
      vertex 2.875 12.5 5
    endloop
  endfacet
  facet normal 0 0 -1
    outer loop
      vertex 2.65615 11.3998 5
      vertex 4.15746 10.7779 5
      vertex 3.89711 10.25 5
    endloop
  endfacet
  facet normal -0 0 -1
    outer loop
      vertex 4.4615 13.0874 5
      vertex 2.8504 12.8753 5
      vertex 4.34667 13.6647 5
    endloop
  endfacet
  facet normal 0 0 -1
    outer loop
      vertex 2.48982 11.0625 5
      vertex 3.89711 10.25 5
      vertex 3.57009 9.76057 5
    endloop
  endfacet
  facet normal 0 0 -1
    outer loop
      vertex 2.77704 13.2441 5
      vertex 4.34667 13.6647 5
      vertex 2.8504 12.8753 5
    endloop
  endfacet
  facet normal 0 0 -1
    outer loop
      vertex 2.28089 10.7498 5
      vertex 3.57009 9.76057 5
      vertex 3.18198 9.31802 5
    endloop
  endfacet
  facet normal -0 0 -1
    outer loop
      vertex 4.34667 13.6647 5
      vertex 2.77704 13.2441 5
      vertex 4.15746 14.2221 5
    endloop
  endfacet
  facet normal 0 0 -1
    outer loop
      vertex 2.65615 13.6002 5
      vertex 4.15746 14.2221 5
      vertex 2.77704 13.2441 5
    endloop
  endfacet
  facet normal 0 0 -1
    outer loop
      vertex 4.4615 11.9126 5
      vertex 2.8504 12.1247 5
      vertex 2.875 12.5 5
    endloop
  endfacet
  facet normal 0 0 -1
    outer loop
      vertex 4.34667 11.3353 5
      vertex 2.77704 11.7559 5
      vertex 2.8504 12.1247 5
    endloop
  endfacet
  facet normal 0 0 -1
    outer loop
      vertex 2.03293 10.4671 5
      vertex 3.18198 9.31802 5
      vertex 2.73943 8.92991 5
    endloop
  endfacet
  facet normal 0 0 -1
    outer loop
      vertex 4.15746 10.7779 5
      vertex 2.65615 11.3998 5
      vertex 2.77704 11.7559 5
    endloop
  endfacet
  facet normal 0 0 -1
    outer loop
      vertex 3.89711 10.25 5
      vertex 2.48982 11.0625 5
      vertex 2.65615 11.3998 5
    endloop
  endfacet
  facet normal 0 0 -1
    outer loop
      vertex 3.57009 9.76057 5
      vertex 2.28089 10.7498 5
      vertex 2.48982 11.0625 5
    endloop
  endfacet
  facet normal 0 0 -1
    outer loop
      vertex 1.75019 10.2191 5
      vertex 2.73943 8.92991 5
      vertex 2.25 8.60289 5
    endloop
  endfacet
  facet normal 0 0 -1
    outer loop
      vertex 3.18198 9.31802 5
      vertex 2.03293 10.4671 5
      vertex 2.28089 10.7498 5
    endloop
  endfacet
  facet normal 0 0 -1
    outer loop
      vertex 2.73943 8.92991 5
      vertex 1.75019 10.2191 5
      vertex 2.03293 10.4671 5
    endloop
  endfacet
  facet normal 0 0 -1
    outer loop
      vertex 1.4375 10.0102 5
      vertex 2.25 8.60289 5
      vertex 1.72207 8.34254 5
    endloop
  endfacet
  facet normal 0 0 -1
    outer loop
      vertex 2.25 8.60289 5
      vertex 1.4375 10.0102 5
      vertex 1.75019 10.2191 5
    endloop
  endfacet
  facet normal 0 0 -1
    outer loop
      vertex 1.10021 9.84385 5
      vertex 1.72207 8.34254 5
      vertex 1.16469 8.15333 5
    endloop
  endfacet
  facet normal 0 0 -1
    outer loop
      vertex 1.72207 8.34254 5
      vertex 1.10021 9.84385 5
      vertex 1.4375 10.0102 5
    endloop
  endfacet
  facet normal 0 0 -1
    outer loop
      vertex 1.16469 8.15333 5
      vertex 0.744104 9.72296 5
      vertex 1.10021 9.84385 5
    endloop
  endfacet
  facet normal 0 0 -1
    outer loop
      vertex 0.587367 8.0385 5
      vertex 0.744104 9.72296 5
      vertex 1.16469 8.15333 5
    endloop
  endfacet
  facet normal 0 0 -1
    outer loop
      vertex 0.587367 8.0385 5
      vertex 0.375262 9.6496 5
      vertex 0.744104 9.72296 5
    endloop
  endfacet
  facet normal 0 0 -1
    outer loop
      vertex 0 8 5
      vertex 0.375262 9.6496 5
      vertex 0.587367 8.0385 5
    endloop
  endfacet
  facet normal 0 0 -1
    outer loop
      vertex 0 8 5
      vertex 0 9.625 5
      vertex 0.375262 9.6496 5
    endloop
  endfacet
  facet normal 0 0 -1
    outer loop
      vertex 0 8 5
      vertex -0.375262 9.6496 5
      vertex 0 9.625 5
    endloop
  endfacet
  facet normal 0 0 -1
    outer loop
      vertex -0.587367 8.0385 5
      vertex -0.375262 9.6496 5
      vertex 0 8 5
    endloop
  endfacet
  facet normal 0 0 -1
    outer loop
      vertex -0.587367 8.0385 5
      vertex -0.744104 9.72296 5
      vertex -0.375262 9.6496 5
    endloop
  endfacet
  facet normal 0 0 -1
    outer loop
      vertex -1.16469 8.15333 5
      vertex -0.744104 9.72296 5
      vertex -0.587367 8.0385 5
    endloop
  endfacet
  facet normal -0 0 -1
    outer loop
      vertex -0.744104 9.72296 5
      vertex -1.16469 8.15333 5
      vertex -1.10021 9.84385 5
    endloop
  endfacet
  facet normal 0 0 -1
    outer loop
      vertex -1.72207 8.34254 5
      vertex -1.10021 9.84385 5
      vertex -1.16469 8.15333 5
    endloop
  endfacet
  facet normal -0 0 -1
    outer loop
      vertex -1.10021 9.84385 5
      vertex -1.72207 8.34254 5
      vertex -1.4375 10.0102 5
    endloop
  endfacet
  facet normal 0 0 -1
    outer loop
      vertex -2.25 8.60289 5
      vertex -1.4375 10.0102 5
      vertex -1.72207 8.34254 5
    endloop
  endfacet
  facet normal -0 0 -1
    outer loop
      vertex -1.4375 10.0102 5
      vertex -2.25 8.60289 5
      vertex -1.75019 10.2191 5
    endloop
  endfacet
  facet normal 0 0 -1
    outer loop
      vertex -2.73943 8.92991 5
      vertex -1.75019 10.2191 5
      vertex -2.25 8.60289 5
    endloop
  endfacet
  facet normal -0 0 -1
    outer loop
      vertex -1.75019 10.2191 5
      vertex -2.73943 8.92991 5
      vertex -2.03293 10.4671 5
    endloop
  endfacet
  facet normal 0 0 -1
    outer loop
      vertex -3.18198 9.31802 5
      vertex -2.03293 10.4671 5
      vertex -2.73943 8.92991 5
    endloop
  endfacet
  facet normal -0 0 -1
    outer loop
      vertex -2.03293 10.4671 5
      vertex -3.18198 9.31802 5
      vertex -2.28089 10.7498 5
    endloop
  endfacet
  facet normal 0 0 -1
    outer loop
      vertex -3.57009 9.76057 5
      vertex -2.28089 10.7498 5
      vertex -3.18198 9.31802 5
    endloop
  endfacet
  facet normal -0 0 -1
    outer loop
      vertex -2.28089 10.7498 5
      vertex -3.57009 9.76057 5
      vertex -2.48982 11.0625 5
    endloop
  endfacet
  facet normal 0 0 -1
    outer loop
      vertex -3.89711 10.25 5
      vertex -2.48982 11.0625 5
      vertex -3.57009 9.76057 5
    endloop
  endfacet
  facet normal -0 0 -1
    outer loop
      vertex -2.48982 11.0625 5
      vertex -3.89711 10.25 5
      vertex -2.65615 11.3998 5
    endloop
  endfacet
  facet normal 0 0 -1
    outer loop
      vertex -4.15746 10.7779 5
      vertex -2.65615 11.3998 5
      vertex -3.89711 10.25 5
    endloop
  endfacet
  facet normal -0 0 -1
    outer loop
      vertex 4.15746 14.2221 5
      vertex 2.65615 13.6002 5
      vertex 3.89711 14.75 5
    endloop
  endfacet
  facet normal 0 0 -1
    outer loop
      vertex 2.48982 13.9375 5
      vertex 3.89711 14.75 5
      vertex 2.65615 13.6002 5
    endloop
  endfacet
  facet normal -0 0 -1
    outer loop
      vertex 3.89711 14.75 5
      vertex 2.48982 13.9375 5
      vertex 3.57009 15.2394 5
    endloop
  endfacet
  facet normal 0 0 -1
    outer loop
      vertex 2.28089 14.2502 5
      vertex 3.57009 15.2394 5
      vertex 2.48982 13.9375 5
    endloop
  endfacet
  facet normal -0 0 -1
    outer loop
      vertex 3.57009 15.2394 5
      vertex 2.28089 14.2502 5
      vertex 3.18198 15.682 5
    endloop
  endfacet
  facet normal 0 0 -1
    outer loop
      vertex 2.03293 14.5329 5
      vertex 3.18198 15.682 5
      vertex 2.28089 14.2502 5
    endloop
  endfacet
  facet normal -0 0 -1
    outer loop
      vertex 3.18198 15.682 5
      vertex 2.03293 14.5329 5
      vertex 2.73943 16.0701 5
    endloop
  endfacet
  facet normal 0 0 -1
    outer loop
      vertex 1.75019 14.7809 5
      vertex 2.73943 16.0701 5
      vertex 2.03293 14.5329 5
    endloop
  endfacet
  facet normal -0 0 -1
    outer loop
      vertex 2.73943 16.0701 5
      vertex 1.75019 14.7809 5
      vertex 2.25 16.3971 5
    endloop
  endfacet
  facet normal 0 0 -1
    outer loop
      vertex 1.4375 14.9898 5
      vertex 2.25 16.3971 5
      vertex 1.75019 14.7809 5
    endloop
  endfacet
  facet normal -0 0 -1
    outer loop
      vertex 2.25 16.3971 5
      vertex 1.4375 14.9898 5
      vertex 1.72207 16.6575 5
    endloop
  endfacet
  facet normal 0 0 -1
    outer loop
      vertex 1.10021 15.1562 5
      vertex 1.72207 16.6575 5
      vertex 1.4375 14.9898 5
    endloop
  endfacet
  facet normal -0 0 -1
    outer loop
      vertex 1.72207 16.6575 5
      vertex 1.10021 15.1562 5
      vertex 1.16469 16.8467 5
    endloop
  endfacet
  facet normal 0 0 -1
    outer loop
      vertex 0.744104 15.277 5
      vertex 1.16469 16.8467 5
      vertex 1.10021 15.1562 5
    endloop
  endfacet
  facet normal 0 0 -1
    outer loop
      vertex 0.744104 15.277 5
      vertex 0.587367 16.9615 5
      vertex 1.16469 16.8467 5
    endloop
  endfacet
  facet normal 0 0 -1
    outer loop
      vertex 0.375262 15.3504 5
      vertex 0.587367 16.9615 5
      vertex 0.744104 15.277 5
    endloop
  endfacet
  facet normal 0 0 -1
    outer loop
      vertex 0 15.375 5
      vertex 0.587367 16.9615 5
      vertex 0.375262 15.3504 5
    endloop
  endfacet
  facet normal 0 0 -1
    outer loop
      vertex 0 15.375 5
      vertex 0 17 5
      vertex 0.587367 16.9615 5
    endloop
  endfacet
  facet normal 0 0 -1
    outer loop
      vertex -0.375262 15.3504 5
      vertex 0 17 5
      vertex 0 15.375 5
    endloop
  endfacet
  facet normal 0 0 -1
    outer loop
      vertex -0.375262 15.3504 5
      vertex -0.587367 16.9615 5
      vertex 0 17 5
    endloop
  endfacet
  facet normal 0 0 -1
    outer loop
      vertex -0.744104 15.277 5
      vertex -0.587367 16.9615 5
      vertex -0.375262 15.3504 5
    endloop
  endfacet
  facet normal 0 0 -1
    outer loop
      vertex -1.16469 16.8467 5
      vertex -0.744104 15.277 5
      vertex -1.10021 15.1562 5
    endloop
  endfacet
  facet normal 0 0 -1
    outer loop
      vertex -0.744104 15.277 5
      vertex -1.16469 16.8467 5
      vertex -0.587367 16.9615 5
    endloop
  endfacet
  facet normal 0 0 -1
    outer loop
      vertex -1.72207 16.6575 5
      vertex -1.10021 15.1562 5
      vertex -1.4375 14.9898 5
    endloop
  endfacet
  facet normal 0 0 -1
    outer loop
      vertex -1.10021 15.1562 5
      vertex -1.72207 16.6575 5
      vertex -1.16469 16.8467 5
    endloop
  endfacet
  facet normal 0 0 -1
    outer loop
      vertex -2.25 16.3971 5
      vertex -1.4375 14.9898 5
      vertex -1.75019 14.7809 5
    endloop
  endfacet
  facet normal 0 0 -1
    outer loop
      vertex -2.73943 16.0701 5
      vertex -1.75019 14.7809 5
      vertex -2.03293 14.5329 5
    endloop
  endfacet
  facet normal 0 0 -1
    outer loop
      vertex -1.4375 14.9898 5
      vertex -2.25 16.3971 5
      vertex -1.72207 16.6575 5
    endloop
  endfacet
  facet normal 0 0 -1
    outer loop
      vertex -3.18198 15.682 5
      vertex -2.03293 14.5329 5
      vertex -2.28089 14.2502 5
    endloop
  endfacet
  facet normal 0 0 -1
    outer loop
      vertex -3.57009 15.2394 5
      vertex -2.28089 14.2502 5
      vertex -2.48982 13.9375 5
    endloop
  endfacet
  facet normal 0 0 -1
    outer loop
      vertex -3.89711 14.75 5
      vertex -2.48982 13.9375 5
      vertex -2.65615 13.6002 5
    endloop
  endfacet
  facet normal 0 0 -1
    outer loop
      vertex -1.75019 14.7809 5
      vertex -2.73943 16.0701 5
      vertex -2.25 16.3971 5
    endloop
  endfacet
  facet normal 0 0 -1
    outer loop
      vertex -4.15746 14.2221 5
      vertex -2.65615 13.6002 5
      vertex -2.77704 13.2441 5
    endloop
  endfacet
  facet normal 0 0 -1
    outer loop
      vertex -4.34667 13.6647 5
      vertex -2.77704 13.2441 5
      vertex -2.8504 12.8753 5
    endloop
  endfacet
  facet normal 0 0 -1
    outer loop
      vertex -4.4615 13.0874 5
      vertex -2.8504 12.8753 5
      vertex -2.875 12.5 5
    endloop
  endfacet
  facet normal -0 0 -1
    outer loop
      vertex -2.65615 11.3998 5
      vertex -4.15746 10.7779 5
      vertex -2.77704 11.7559 5
    endloop
  endfacet
  facet normal 0 0 -1
    outer loop
      vertex -2.03293 14.5329 5
      vertex -3.18198 15.682 5
      vertex -2.73943 16.0701 5
    endloop
  endfacet
  facet normal 0 0 -1
    outer loop
      vertex -4.34667 11.3353 5
      vertex -2.77704 11.7559 5
      vertex -4.15746 10.7779 5
    endloop
  endfacet
  facet normal 0 0 -1
    outer loop
      vertex -2.28089 14.2502 5
      vertex -3.57009 15.2394 5
      vertex -3.18198 15.682 5
    endloop
  endfacet
  facet normal -0 0 -1
    outer loop
      vertex -2.77704 11.7559 5
      vertex -4.34667 11.3353 5
      vertex -2.8504 12.1247 5
    endloop
  endfacet
  facet normal 0 0 -1
    outer loop
      vertex -2.48982 13.9375 5
      vertex -3.89711 14.75 5
      vertex -3.57009 15.2394 5
    endloop
  endfacet
  facet normal 0 0 -1
    outer loop
      vertex -4.4615 11.9126 5
      vertex -2.8504 12.1247 5
      vertex -4.34667 11.3353 5
    endloop
  endfacet
  facet normal 0 0 -1
    outer loop
      vertex -2.65615 13.6002 5
      vertex -4.15746 14.2221 5
      vertex -3.89711 14.75 5
    endloop
  endfacet
  facet normal -0 0 -1
    outer loop
      vertex -2.8504 12.1247 5
      vertex -4.4615 11.9126 5
      vertex -2.875 12.5 5
    endloop
  endfacet
  facet normal 0 0 -1
    outer loop
      vertex -2.77704 13.2441 5
      vertex -4.34667 13.6647 5
      vertex -4.15746 14.2221 5
    endloop
  endfacet
  facet normal 0 0 -1
    outer loop
      vertex -4.5 12.5 5
      vertex -2.875 12.5 5
      vertex -4.4615 11.9126 5
    endloop
  endfacet
  facet normal 0 0 -1
    outer loop
      vertex -2.8504 12.8753 5
      vertex -4.4615 13.0874 5
      vertex -4.34667 13.6647 5
    endloop
  endfacet
  facet normal 0 0 -1
    outer loop
      vertex -2.875 12.5 5
      vertex -4.5 12.5 5
      vertex -4.4615 13.0874 5
    endloop
  endfacet
  facet normal 0.997859 -0.0654072 0
    outer loop
      vertex 2.8504 12.1247 5
      vertex 2.875 12.5 1
      vertex 2.875 12.5 5
    endloop
  endfacet
  facet normal 0.997859 -0.0654072 0
    outer loop
      vertex 2.875 12.5 1
      vertex 2.8504 12.1247 5
      vertex 2.8504 12.1247 1
    endloop
  endfacet
  facet normal 0.442325 -0.896855 0
    outer loop
      vertex 1.10021 9.84385 1
      vertex 1.4375 10.0102 5
      vertex 1.10021 9.84385 5
    endloop
  endfacet
  facet normal 0.442325 -0.896855 0
    outer loop
      vertex 1.4375 10.0102 5
      vertex 1.10021 9.84385 1
      vertex 1.4375 10.0102 1
    endloop
  endfacet
  facet normal -0.55551 -0.83151 0
    outer loop
      vertex -1.75019 10.2191 1
      vertex -1.4375 10.0102 5
      vertex -1.75019 10.2191 5
    endloop
  endfacet
  facet normal -0.55551 -0.83151 -0
    outer loop
      vertex -1.4375 10.0102 5
      vertex -1.75019 10.2191 1
      vertex -1.4375 10.0102 1
    endloop
  endfacet
  facet normal -0.751789 -0.659404 0
    outer loop
      vertex -2.03293 10.4671 1
      vertex -2.28089 10.7498 5
      vertex -2.28089 10.7498 1
    endloop
  endfacet
  facet normal -0.751789 -0.659404 0
    outer loop
      vertex -2.28089 10.7498 5
      vertex -2.03293 10.4671 1
      vertex -2.03293 10.4671 5
    endloop
  endfacet
  facet normal 0.659311 0.75187 0.000270813
    outer loop
      vertex 3.18198 15.682 6.5
      vertex 2.77674 16.0374 6.36933
      vertex 2.86404 15.9608 6.5
    endloop
  endfacet
  facet normal 0.659456 0.751743 -0.000524485
    outer loop
      vertex 3.18198 15.682 6.5
      vertex 2.73943 16.0701 6.32679
      vertex 2.77674 16.0374 6.36933
    endloop
  endfacet
  facet normal 0.65934 0.751845 -0
    outer loop
      vertex 3.18198 15.682 5
      vertex 2.73943 16.0701 6.32679
      vertex 3.18198 15.682 6.5
    endloop
  endfacet
  facet normal 0.65934 0.751845 0
    outer loop
      vertex 2.73943 16.0701 6.32679
      vertex 3.18198 15.682 5
      vertex 2.73943 16.0701 5
    endloop
  endfacet
  facet normal -0.321434 -0.946932 0
    outer loop
      vertex -1.72207 8.34254 5
      vertex -1.33939 8.21264 5.26642
      vertex -1.72207 8.34254 5.45514
    endloop
  endfacet
  facet normal -0.321447 -0.946928 2.05382e-05
    outer loop
      vertex -1.16469 8.15333 5
      vertex -1.33939 8.21264 5.26642
      vertex -1.72207 8.34254 5
    endloop
  endfacet
  facet normal -0.321475 -0.946918 0
    outer loop
      vertex -1.33939 8.21264 5.26642
      vertex -1.16469 8.15333 5
      vertex -1.16469 8.15333 5.20712
    endloop
  endfacet
  facet normal -0.321427 0.946935 0
    outer loop
      vertex -1.16469 16.8467 5
      vertex -1.33939 16.7874 5.26642
      vertex -1.16469 16.8467 5.20712
    endloop
  endfacet
  facet normal -0.321432 0.946933 -3.86432e-06
    outer loop
      vertex -1.72207 16.6575 5
      vertex -1.33939 16.7874 5.26642
      vertex -1.16469 16.8467 5
    endloop
  endfacet
  facet normal -0.321434 0.946932 0
    outer loop
      vertex -1.33939 16.7874 5.26642
      vertex -1.72207 16.6575 5
      vertex -1.72207 16.6575 5.45514
    endloop
  endfacet
  facet normal -0.89686 0.442314 0
    outer loop
      vertex -4.15746 14.2221 5
      vertex -3.89711 14.75 6.5
      vertex -3.89711 14.75 5
    endloop
  endfacet
  facet normal -0.89686 0.442314 0
    outer loop
      vertex -3.89711 14.75 6.5
      vertex -4.15746 14.2221 5
      vertex -4.15746 14.2221 6.5
    endloop
  endfacet
  facet normal 0.89686 0.442314 0
    outer loop
      vertex 4.15746 14.2221 6.5
      vertex 3.89711 14.75 5
      vertex 3.89711 14.75 6.5
    endloop
  endfacet
  facet normal 0.89686 0.442314 0
    outer loop
      vertex 3.89711 14.75 5
      vertex 4.15746 14.2221 6.5
      vertex 4.15746 14.2221 5
    endloop
  endfacet
  facet normal 0.980786 0.195087 0
    outer loop
      vertex 4.4615 13.0874 6.5
      vertex 4.34667 13.6647 5
      vertex 4.34667 13.6647 6.5
    endloop
  endfacet
  facet normal 0.980786 0.195087 0
    outer loop
      vertex 4.34667 13.6647 5
      vertex 4.4615 13.0874 6.5
      vertex 4.4615 13.0874 5
    endloop
  endfacet
  facet normal 0.831459 0.555586 0
    outer loop
      vertex 3.89711 14.75 6.5
      vertex 3.57009 15.2394 5
      vertex 3.57009 15.2394 6.5
    endloop
  endfacet
  facet normal 0.831459 0.555586 0
    outer loop
      vertex 3.57009 15.2394 5
      vertex 3.89711 14.75 6.5
      vertex 3.89711 14.75 5
    endloop
  endfacet
  facet normal 0.751873 0.659308 0
    outer loop
      vertex 3.57009 15.2394 6.5
      vertex 3.18198 15.682 5
      vertex 3.18198 15.682 6.5
    endloop
  endfacet
  facet normal 0.751873 0.659308 0
    outer loop
      vertex 3.18198 15.682 5
      vertex 3.57009 15.2394 6.5
      vertex 3.57009 15.2394 5
    endloop
  endfacet
  facet normal 0.442579 0.89673 -0
    outer loop
      vertex 2.25 16.3971 5
      vertex 2.13066 16.456 5.72326
      vertex 2.25 16.3971 5.82792
    endloop
  endfacet
  facet normal 0.442282 0.896876 -6.09008e-05
    outer loop
      vertex 2.25 16.3971 5
      vertex 1.75 16.6437 5.46891
      vertex 2.13066 16.456 5.72326
    endloop
  endfacet
  facet normal 0.442362 0.896837 4.51477e-05
    outer loop
      vertex 1.72207 16.6575 5
      vertex 1.75 16.6437 5.46891
      vertex 2.25 16.3971 5
    endloop
  endfacet
  facet normal 0.442971 0.896536 0
    outer loop
      vertex 1.75 16.6437 5.46891
      vertex 1.72207 16.6575 5
      vertex 1.72207 16.6575 5.45514
    endloop
  endfacet
  facet normal 0.194787 0.980845 -0
    outer loop
      vertex 1.16469 16.8467 5
      vertex 0.905867 16.8981 5.11926
      vertex 1.16469 16.8467 5.20712
    endloop
  endfacet
  facet normal 0.19503 0.980797 0.000548126
    outer loop
      vertex 0.587367 16.9615 5
      vertex 0.905867 16.8981 5.11926
      vertex 1.16469 16.8467 5
    endloop
  endfacet
  facet normal 0.195228 0.980758 0
    outer loop
      vertex 0.905867 16.8981 5.11926
      vertex 0.587367 16.9615 5
      vertex 0.587367 16.9615 5.05591
    endloop
  endfacet
  facet normal -0.980786 0.195087 0
    outer loop
      vertex -4.4615 13.0874 5
      vertex -4.34667 13.6647 6.5
      vertex -4.34667 13.6647 5
    endloop
  endfacet
  facet normal -0.980786 0.195087 0
    outer loop
      vertex -4.34667 13.6647 6.5
      vertex -4.4615 13.0874 5
      vertex -4.4615 13.0874 6.5
    endloop
  endfacet
  facet normal -0.751873 0.659308 0
    outer loop
      vertex -3.57009 15.2394 5
      vertex -3.18198 15.682 6.5
      vertex -3.18198 15.682 5
    endloop
  endfacet
  facet normal -0.751873 0.659308 0
    outer loop
      vertex -3.18198 15.682 6.5
      vertex -3.57009 15.2394 5
      vertex -3.57009 15.2394 6.5
    endloop
  endfacet
  facet normal -0.442971 0.896536 0
    outer loop
      vertex -1.72207 16.6575 5
      vertex -1.75 16.6437 5.46891
      vertex -1.72207 16.6575 5.45514
    endloop
  endfacet
  facet normal -0.442362 0.896837 4.51477e-05
    outer loop
      vertex -2.25 16.3971 5
      vertex -1.75 16.6437 5.46891
      vertex -1.72207 16.6575 5
    endloop
  endfacet
  facet normal -0.442282 0.896876 -6.09008e-05
    outer loop
      vertex -1.75 16.6437 5.46891
      vertex -2.25 16.3971 5
      vertex -2.13066 16.456 5.72326
    endloop
  endfacet
  facet normal -0.442579 0.89673 0
    outer loop
      vertex -2.13066 16.456 5.72326
      vertex -2.25 16.3971 5
      vertex -2.25 16.3971 5.82792
    endloop
  endfacet
  facet normal -0.195228 0.980758 0
    outer loop
      vertex -0.587367 16.9615 5
      vertex -0.905867 16.8981 5.11926
      vertex -0.587367 16.9615 5.05591
    endloop
  endfacet
  facet normal -0.19503 0.980797 0.000548126
    outer loop
      vertex -1.16469 16.8467 5
      vertex -0.905867 16.8981 5.11926
      vertex -0.587367 16.9615 5
    endloop
  endfacet
  facet normal -0.194787 0.980845 0
    outer loop
      vertex -0.905867 16.8981 5.11926
      vertex -1.16469 16.8467 5
      vertex -1.16469 16.8467 5.20712
    endloop
  endfacet
  facet normal 0.997859 -0.0654027 0
    outer loop
      vertex 4.4615 11.9126 6.5
      vertex 4.5 12.5 5
      vertex 4.5 12.5 6.5
    endloop
  endfacet
  facet normal 0.997859 -0.0654027 0
    outer loop
      vertex 4.5 12.5 5
      vertex 4.4615 11.9126 6.5
      vertex 4.4615 11.9126 5
    endloop
  endfacet
  facet normal 0.321475 -0.946918 0
    outer loop
      vertex 1.16469 8.15333 5
      vertex 1.33939 8.21264 5.26642
      vertex 1.16469 8.15333 5.20712
    endloop
  endfacet
  facet normal 0.321447 -0.946928 2.05382e-05
    outer loop
      vertex 1.72207 8.34254 5
      vertex 1.33939 8.21264 5.26642
      vertex 1.16469 8.15333 5
    endloop
  endfacet
  facet normal 0.321434 -0.946932 0
    outer loop
      vertex 1.33939 8.21264 5.26642
      vertex 1.72207 8.34254 5
      vertex 1.72207 8.34254 5.45514
    endloop
  endfacet
  facet normal 0.442197 -0.896918 0
    outer loop
      vertex 1.72207 8.34254 5
      vertex 1.75 8.35631 5.46891
      vertex 1.72207 8.34254 5.45514
    endloop
  endfacet
  facet normal 0.442294 -0.89687 -7.17129e-06
    outer loop
      vertex 2.25 8.60289 5
      vertex 1.75 8.35631 5.46891
      vertex 1.72207 8.34254 5
    endloop
  endfacet
  facet normal 0.442303 -0.896866 5.4492e-06
    outer loop
      vertex 1.75 8.35631 5.46891
      vertex 2.25 8.60289 5
      vertex 2.13066 8.54404 5.72326
    endloop
  endfacet
  facet normal 0.442277 -0.896879 0
    outer loop
      vertex 2.13066 8.54404 5.72326
      vertex 2.25 8.60289 5
      vertex 2.25 8.60289 5.82792
    endloop
  endfacet
  facet normal 0.751836 -0.65935 0
    outer loop
      vertex 3.18198 9.31802 6.5
      vertex 3.57009 9.76057 5
      vertex 3.57009 9.76057 6.5
    endloop
  endfacet
  facet normal 0.751836 -0.65935 0
    outer loop
      vertex 3.57009 9.76057 5
      vertex 3.18198 9.31802 6.5
      vertex 3.18198 9.31802 5
    endloop
  endfacet
  facet normal -0.195079 -0.980788 0
    outer loop
      vertex -1.16469 8.15333 5
      vertex -0.905867 8.10185 5.11926
      vertex -1.16469 8.15333 5.20712
    endloop
  endfacet
  facet normal -0.195079 -0.980787 8.12675e-07
    outer loop
      vertex -0.587367 8.0385 5
      vertex -0.905867 8.10185 5.11926
      vertex -1.16469 8.15333 5
    endloop
  endfacet
  facet normal -0.19508 -0.980787 0
    outer loop
      vertex -0.905867 8.10185 5.11926
      vertex -0.587367 8.0385 5
      vertex -0.587367 8.0385 5.05591
    endloop
  endfacet
  facet normal -0.659338 -0.751847 6.65936e-05
    outer loop
      vertex -3.18198 9.31802 6.5
      vertex -2.77674 8.96263 6.36933
      vertex -2.86404 9.0392 6.5
    endloop
  endfacet
  facet normal -0.659352 -0.751835 -9.006e-06
    outer loop
      vertex -3.18198 9.31802 6.5
      vertex -2.73943 8.92991 6.32679
      vertex -2.77674 8.96263 6.36933
    endloop
  endfacet
  facet normal -0.65935 -0.751836 0
    outer loop
      vertex -3.18198 9.31802 5
      vertex -2.73943 8.92991 6.32679
      vertex -3.18198 9.31802 6.5
    endloop
  endfacet
  facet normal -0.65935 -0.751836 -0
    outer loop
      vertex -2.73943 8.92991 6.32679
      vertex -3.18198 9.31802 5
      vertex -2.73943 8.92991 5
    endloop
  endfacet
  facet normal -0.89686 -0.442314 0
    outer loop
      vertex -3.89711 10.25 5
      vertex -4.15746 10.7779 6.5
      vertex -4.15746 10.7779 5
    endloop
  endfacet
  facet normal -0.89686 -0.442314 0
    outer loop
      vertex -4.15746 10.7779 6.5
      vertex -3.89711 10.25 5
      vertex -3.89711 10.25 6.5
    endloop
  endfacet
  facet normal 0.946931 0.321437 0
    outer loop
      vertex 4.34667 13.6647 6.5
      vertex 4.15746 14.2221 5
      vertex 4.15746 14.2221 6.5
    endloop
  endfacet
  facet normal 0.946931 0.321437 0
    outer loop
      vertex 4.15746 14.2221 5
      vertex 4.34667 13.6647 6.5
      vertex 4.34667 13.6647 5
    endloop
  endfacet
  facet normal 0.555628 0.831431 -0
    outer loop
      vertex 2.73943 16.0701 5
      vertex 2.47487 16.2469 6.02513
      vertex 2.73943 16.0701 6.32679
    endloop
  endfacet
  facet normal 0.55547 0.831537 -5.91352e-05
    outer loop
      vertex 2.73943 16.0701 5
      vertex 2.25 16.3971 5.82792
      vertex 2.47487 16.2469 6.02513
    endloop
  endfacet
  facet normal 0.555539 0.831491 0
    outer loop
      vertex 2.25 16.3971 5.82792
      vertex 2.73943 16.0701 5
      vertex 2.25 16.3971 5
    endloop
  endfacet
  facet normal 0.0657447 0.997836 -0
    outer loop
      vertex 0.587367 16.9615 5
      vertex 0.456841 16.9701 5.02994
      vertex 0.587367 16.9615 5.05591
    endloop
  endfacet
  facet normal 0.0654063 0.997858 -0.00148127
    outer loop
      vertex 0.456841 16.9701 5.02994
      vertex 0.587367 16.9615 5
      vertex 0 17 5
    endloop
  endfacet
  facet normal 0.321434 0.946932 -0
    outer loop
      vertex 1.72207 16.6575 5
      vertex 1.33939 16.7874 5.26642
      vertex 1.72207 16.6575 5.45514
    endloop
  endfacet
  facet normal 0.321432 0.946933 -3.86432e-06
    outer loop
      vertex 1.16469 16.8467 5
      vertex 1.33939 16.7874 5.26642
      vertex 1.72207 16.6575 5
    endloop
  endfacet
  facet normal 0.321427 0.946935 0
    outer loop
      vertex 1.33939 16.7874 5.26642
      vertex 1.16469 16.8467 5
      vertex 1.16469 16.8467 5.20712
    endloop
  endfacet
  facet normal -0.997859 0.0654027 0
    outer loop
      vertex -4.5 12.5 5
      vertex -4.4615 13.0874 6.5
      vertex -4.4615 13.0874 5
    endloop
  endfacet
  facet normal -0.997859 0.0654027 0
    outer loop
      vertex -4.4615 13.0874 6.5
      vertex -4.5 12.5 5
      vertex -4.5 12.5 6.5
    endloop
  endfacet
  facet normal -0 0 1
    outer loop
      vertex -3.18198 15.682 6.5
      vertex -2.86404 14.5 6.5
      vertex -2.86404 15.9608 6.5
    endloop
  endfacet
  facet normal -0 0 1
    outer loop
      vertex -3.57009 15.2394 6.5
      vertex -2.86404 14.5 6.5
      vertex -3.18198 15.682 6.5
    endloop
  endfacet
  facet normal -0 0 1
    outer loop
      vertex -3.89711 14.75 6.5
      vertex -2.86404 14.5 6.5
      vertex -3.57009 15.2394 6.5
    endloop
  endfacet
  facet normal 0 0 1
    outer loop
      vertex -4.15746 14.2221 6.5
      vertex -2.86404 14.5 6.5
      vertex -3.89711 14.75 6.5
    endloop
  endfacet
  facet normal 0 -0 1
    outer loop
      vertex -3.18198 9.31802 6.5
      vertex -2.86404 10.5 6.5
      vertex -3.57009 9.76057 6.5
    endloop
  endfacet
  facet normal 0 0 1
    outer loop
      vertex -2.86404 10.5 6.5
      vertex -3.18198 9.31802 6.5
      vertex -2.86404 9.0392 6.5
    endloop
  endfacet
  facet normal 0 0 1
    outer loop
      vertex -4.34667 13.6647 6.5
      vertex -2.86404 14.5 6.5
      vertex -4.15746 14.2221 6.5
    endloop
  endfacet
  facet normal 0 0 1
    outer loop
      vertex -2.86404 10.5 6.5
      vertex -3.89711 10.25 6.5
      vertex -3.57009 9.76057 6.5
    endloop
  endfacet
  facet normal 0 0 1
    outer loop
      vertex -4.4615 13.0874 6.5
      vertex -2.86404 14.5 6.5
      vertex -4.34667 13.6647 6.5
    endloop
  endfacet
  facet normal 0 0 1
    outer loop
      vertex -2.86404 10.5 6.5
      vertex -4.15746 10.7779 6.5
      vertex -3.89711 10.25 6.5
    endloop
  endfacet
  facet normal 0 0 1
    outer loop
      vertex -4.5 12.5 6.5
      vertex -2.86404 14.5 6.5
      vertex -4.4615 13.0874 6.5
    endloop
  endfacet
  facet normal 0 0 1
    outer loop
      vertex -2.86404 10.5 6.5
      vertex -4.34667 11.3353 6.5
      vertex -4.15746 10.7779 6.5
    endloop
  endfacet
  facet normal 0 0 1
    outer loop
      vertex -2.86404 14.5 6.5
      vertex -4.5 12.5 6.5
      vertex -2.86404 10.5 6.5
    endloop
  endfacet
  facet normal 0 0 1
    outer loop
      vertex -2.86404 10.5 6.5
      vertex -4.4615 11.9126 6.5
      vertex -4.34667 11.3353 6.5
    endloop
  endfacet
  facet normal 0 0 1
    outer loop
      vertex -2.86404 10.5 6.5
      vertex -4.5 12.5 6.5
      vertex -4.4615 11.9126 6.5
    endloop
  endfacet
  facet normal -0 0 1
    outer loop
      vertex -2.86404 14.5 6.5
      vertex 2.86404 10.5 6.5
      vertex 2.86404 14.5 6.5
    endloop
  endfacet
  facet normal 0 0 1
    outer loop
      vertex 2.86404 10.5 6.5
      vertex -2.86404 14.5 6.5
      vertex -2.86404 10.5 6.5
    endloop
  endfacet
  facet normal 0 0 1
    outer loop
      vertex 2.86404 14.5 6.5
      vertex 4.5 12.5 6.5
      vertex 4.4615 13.0874 6.5
    endloop
  endfacet
  facet normal 0 0 1
    outer loop
      vertex 2.86404 14.5 6.5
      vertex 4.4615 13.0874 6.5
      vertex 4.34667 13.6647 6.5
    endloop
  endfacet
  facet normal 0 0 1
    outer loop
      vertex 2.86404 10.5 6.5
      vertex 4.5 12.5 6.5
      vertex 2.86404 14.5 6.5
    endloop
  endfacet
  facet normal 0 0 1
    outer loop
      vertex 2.86404 14.5 6.5
      vertex 4.34667 13.6647 6.5
      vertex 4.15746 14.2221 6.5
    endloop
  endfacet
  facet normal 0 0 1
    outer loop
      vertex 4.5 12.5 6.5
      vertex 2.86404 10.5 6.5
      vertex 4.4615 11.9126 6.5
    endloop
  endfacet
  facet normal -0 0 1
    outer loop
      vertex 2.86404 14.5 6.5
      vertex 4.15746 14.2221 6.5
      vertex 3.89711 14.75 6.5
    endloop
  endfacet
  facet normal 0 0 1
    outer loop
      vertex 4.4615 11.9126 6.5
      vertex 2.86404 10.5 6.5
      vertex 4.34667 11.3353 6.5
    endloop
  endfacet
  facet normal 0 0 1
    outer loop
      vertex 2.86404 14.5 6.5
      vertex 3.89711 14.75 6.5
      vertex 3.57009 15.2394 6.5
    endloop
  endfacet
  facet normal 0 0 1
    outer loop
      vertex 4.34667 11.3353 6.5
      vertex 2.86404 10.5 6.5
      vertex 4.15746 10.7779 6.5
    endloop
  endfacet
  facet normal 0 0 1
    outer loop
      vertex 2.86404 14.5 6.5
      vertex 3.57009 15.2394 6.5
      vertex 3.18198 15.682 6.5
    endloop
  endfacet
  facet normal 0 0 1
    outer loop
      vertex 4.15746 10.7779 6.5
      vertex 2.86404 10.5 6.5
      vertex 3.89711 10.25 6.5
    endloop
  endfacet
  facet normal 0 0 1
    outer loop
      vertex 2.86404 14.5 6.5
      vertex 3.18198 15.682 6.5
      vertex 2.86404 15.9608 6.5
    endloop
  endfacet
  facet normal 0 0 1
    outer loop
      vertex 3.89711 10.25 6.5
      vertex 2.86404 10.5 6.5
      vertex 3.57009 9.76057 6.5
    endloop
  endfacet
  facet normal 0 0 1
    outer loop
      vertex 3.57009 9.76057 6.5
      vertex 2.86404 10.5 6.5
      vertex 3.18198 9.31802 6.5
    endloop
  endfacet
  facet normal 0 0 1
    outer loop
      vertex 3.18198 9.31802 6.5
      vertex 2.86404 10.5 6.5
      vertex 2.86404 9.0392 6.5
    endloop
  endfacet
  facet normal -0.946931 0.321437 0
    outer loop
      vertex -4.34667 13.6647 5
      vertex -4.15746 14.2221 6.5
      vertex -4.15746 14.2221 5
    endloop
  endfacet
  facet normal -0.946931 0.321437 0
    outer loop
      vertex -4.15746 14.2221 6.5
      vertex -4.34667 13.6647 5
      vertex -4.34667 13.6647 6.5
    endloop
  endfacet
  facet normal -0.831459 0.555586 0
    outer loop
      vertex -3.89711 14.75 5
      vertex -3.57009 15.2394 6.5
      vertex -3.57009 15.2394 5
    endloop
  endfacet
  facet normal -0.831459 0.555586 0
    outer loop
      vertex -3.57009 15.2394 6.5
      vertex -3.89711 14.75 5
      vertex -3.89711 14.75 6.5
    endloop
  endfacet
  facet normal -0.0657447 0.997836 0
    outer loop
      vertex -0.456841 16.9701 5.02994
      vertex -0.587367 16.9615 5
      vertex -0.587367 16.9615 5.05591
    endloop
  endfacet
  facet normal -0.0654063 0.997858 -0.00148127
    outer loop
      vertex -0.587367 16.9615 5
      vertex -0.456841 16.9701 5.02994
      vertex 0 17 5
    endloop
  endfacet
  facet normal -0.555539 0.831491 0
    outer loop
      vertex -2.73943 16.0701 5
      vertex -2.25 16.3971 5.82792
      vertex -2.25 16.3971 5
    endloop
  endfacet
  facet normal -0.55547 0.831537 -5.91352e-05
    outer loop
      vertex -2.25 16.3971 5.82792
      vertex -2.73943 16.0701 5
      vertex -2.47487 16.2469 6.02513
    endloop
  endfacet
  facet normal -0.555628 0.831431 0
    outer loop
      vertex -2.47487 16.2469 6.02513
      vertex -2.73943 16.0701 5
      vertex -2.73943 16.0701 6.32679
    endloop
  endfacet
  facet normal -0.659311 0.75187 0.000270813
    outer loop
      vertex -2.77674 16.0374 6.36933
      vertex -3.18198 15.682 6.5
      vertex -2.86404 15.9608 6.5
    endloop
  endfacet
  facet normal -0.659456 0.751743 -0.000524485
    outer loop
      vertex -2.73943 16.0701 6.32679
      vertex -3.18198 15.682 6.5
      vertex -2.77674 16.0374 6.36933
    endloop
  endfacet
  facet normal -0.65934 0.751845 0
    outer loop
      vertex -3.18198 15.682 5
      vertex -2.73943 16.0701 6.32679
      vertex -2.73943 16.0701 5
    endloop
  endfacet
  facet normal -0.65934 0.751845 0
    outer loop
      vertex -2.73943 16.0701 6.32679
      vertex -3.18198 15.682 5
      vertex -3.18198 15.682 6.5
    endloop
  endfacet
  facet normal 0.997859 0.0654027 0
    outer loop
      vertex 4.5 12.5 6.5
      vertex 4.4615 13.0874 5
      vertex 4.4615 13.0874 6.5
    endloop
  endfacet
  facet normal 0.997859 0.0654027 0
    outer loop
      vertex 4.4615 13.0874 5
      vertex 4.5 12.5 6.5
      vertex 4.5 12.5 5
    endloop
  endfacet
  facet normal 0.0654402 -0.997856 0
    outer loop
      vertex 0.456841 8.02994 5.02994
      vertex 0.587367 8.0385 5
      vertex 0.587367 8.0385 5.05591
    endloop
  endfacet
  facet normal 0.0654064 -0.997859 -0.000148127
    outer loop
      vertex 0.587367 8.0385 5
      vertex 0.456841 8.02994 5.02994
      vertex 0 8 5
    endloop
  endfacet
  facet normal 0.946931 -0.321437 0
    outer loop
      vertex 4.15746 10.7779 6.5
      vertex 4.34667 11.3353 5
      vertex 4.34667 11.3353 6.5
    endloop
  endfacet
  facet normal 0.946931 -0.321437 0
    outer loop
      vertex 4.34667 11.3353 5
      vertex 4.15746 10.7779 6.5
      vertex 4.15746 10.7779 5
    endloop
  endfacet
  facet normal 0.555562 -0.831475 0
    outer loop
      vertex 2.73943 8.92991 5
      vertex 2.25 8.60289 5.82792
      vertex 2.25 8.60289 5
    endloop
  endfacet
  facet normal 0.555562 -0.831475 -3.82068e-07
    outer loop
      vertex 2.25 8.60289 5.82792
      vertex 2.73943 8.92991 5
      vertex 2.47487 8.75314 6.02513
    endloop
  endfacet
  facet normal 0.555563 -0.831474 0
    outer loop
      vertex 2.47487 8.75314 6.02513
      vertex 2.73943 8.92991 5
      vertex 2.73943 8.92991 6.32679
    endloop
  endfacet
  facet normal 0.89686 -0.442314 0
    outer loop
      vertex 3.89711 10.25 6.5
      vertex 4.15746 10.7779 5
      vertex 4.15746 10.7779 6.5
    endloop
  endfacet
  facet normal 0.89686 -0.442314 0
    outer loop
      vertex 4.15746 10.7779 5
      vertex 3.89711 10.25 6.5
      vertex 3.89711 10.25 5
    endloop
  endfacet
  facet normal -0.0654402 -0.997856 0
    outer loop
      vertex -0.587367 8.0385 5
      vertex -0.456841 8.02994 5.02994
      vertex -0.587367 8.0385 5.05591
    endloop
  endfacet
  facet normal -0.0654064 -0.997859 -0.000148127
    outer loop
      vertex -0.456841 8.02994 5.02994
      vertex -0.587367 8.0385 5
      vertex 0 8 5
    endloop
  endfacet
  facet normal -0.442277 -0.896879 0
    outer loop
      vertex -2.25 8.60289 5
      vertex -2.13066 8.54404 5.72326
      vertex -2.25 8.60289 5.82792
    endloop
  endfacet
  facet normal -0.442303 -0.896866 5.4492e-06
    outer loop
      vertex -2.25 8.60289 5
      vertex -1.75 8.35631 5.46891
      vertex -2.13066 8.54404 5.72326
    endloop
  endfacet
  facet normal -0.442294 -0.89687 -7.17129e-06
    outer loop
      vertex -1.72207 8.34254 5
      vertex -1.75 8.35631 5.46891
      vertex -2.25 8.60289 5
    endloop
  endfacet
  facet normal -0.442197 -0.896918 0
    outer loop
      vertex -1.75 8.35631 5.46891
      vertex -1.72207 8.34254 5
      vertex -1.72207 8.34254 5.45514
    endloop
  endfacet
  facet normal -0.946931 -0.321437 0
    outer loop
      vertex -4.15746 10.7779 5
      vertex -4.34667 11.3353 6.5
      vertex -4.34667 11.3353 5
    endloop
  endfacet
  facet normal -0.946931 -0.321437 0
    outer loop
      vertex -4.34667 11.3353 6.5
      vertex -4.15746 10.7779 5
      vertex -4.15746 10.7779 6.5
    endloop
  endfacet
  facet normal -0.997859 -0.0654027 0
    outer loop
      vertex -4.4615 11.9126 5
      vertex -4.5 12.5 6.5
      vertex -4.5 12.5 5
    endloop
  endfacet
  facet normal -0.997859 -0.0654027 0
    outer loop
      vertex -4.5 12.5 6.5
      vertex -4.4615 11.9126 5
      vertex -4.4615 11.9126 6.5
    endloop
  endfacet
  facet normal -0.831475 -0.555562 0
    outer loop
      vertex -3.57009 9.76057 5
      vertex -3.89711 10.25 6.5
      vertex -3.89711 10.25 5
    endloop
  endfacet
  facet normal -0.831475 -0.555562 0
    outer loop
      vertex -3.89711 10.25 6.5
      vertex -3.57009 9.76057 5
      vertex -3.57009 9.76057 6.5
    endloop
  endfacet
  facet normal -0.751836 -0.65935 0
    outer loop
      vertex -3.18198 9.31802 5
      vertex -3.57009 9.76057 6.5
      vertex -3.57009 9.76057 5
    endloop
  endfacet
  facet normal -0.751836 -0.65935 0
    outer loop
      vertex -3.57009 9.76057 6.5
      vertex -3.18198 9.31802 5
      vertex -3.18198 9.31802 6.5
    endloop
  endfacet
  facet normal 0.980786 -0.195087 0
    outer loop
      vertex 4.34667 11.3353 6.5
      vertex 4.4615 11.9126 5
      vertex 4.4615 11.9126 6.5
    endloop
  endfacet
  facet normal 0.980786 -0.195087 0
    outer loop
      vertex 4.4615 11.9126 5
      vertex 4.34667 11.3353 6.5
      vertex 4.34667 11.3353 5
    endloop
  endfacet
  facet normal 0.19508 -0.980787 0
    outer loop
      vertex 0.587367 8.0385 5
      vertex 0.905867 8.10185 5.11926
      vertex 0.587367 8.0385 5.05591
    endloop
  endfacet
  facet normal 0.195079 -0.980787 8.12675e-07
    outer loop
      vertex 1.16469 8.15333 5
      vertex 0.905867 8.10185 5.11926
      vertex 0.587367 8.0385 5
    endloop
  endfacet
  facet normal 0.195079 -0.980788 0
    outer loop
      vertex 0.905867 8.10185 5.11926
      vertex 1.16469 8.15333 5
      vertex 1.16469 8.15333 5.20712
    endloop
  endfacet
  facet normal 0.659338 -0.751847 6.65936e-05
    outer loop
      vertex 2.77674 8.96263 6.36933
      vertex 3.18198 9.31802 6.5
      vertex 2.86404 9.0392 6.5
    endloop
  endfacet
  facet normal 0.659352 -0.751835 -9.006e-06
    outer loop
      vertex 2.73943 8.92991 6.32679
      vertex 3.18198 9.31802 6.5
      vertex 2.77674 8.96263 6.36933
    endloop
  endfacet
  facet normal 0.65935 -0.751836 0
    outer loop
      vertex 3.18198 9.31802 5
      vertex 2.73943 8.92991 6.32679
      vertex 2.73943 8.92991 5
    endloop
  endfacet
  facet normal 0.65935 -0.751836 0
    outer loop
      vertex 2.73943 8.92991 6.32679
      vertex 3.18198 9.31802 5
      vertex 3.18198 9.31802 6.5
    endloop
  endfacet
  facet normal 0.831475 -0.555562 0
    outer loop
      vertex 3.57009 9.76057 6.5
      vertex 3.89711 10.25 5
      vertex 3.89711 10.25 6.5
    endloop
  endfacet
  facet normal 0.831475 -0.555562 0
    outer loop
      vertex 3.89711 10.25 5
      vertex 3.57009 9.76057 6.5
      vertex 3.57009 9.76057 5
    endloop
  endfacet
  facet normal -0.555563 -0.831474 0
    outer loop
      vertex -2.73943 8.92991 5
      vertex -2.47487 8.75314 6.02513
      vertex -2.73943 8.92991 6.32679
    endloop
  endfacet
  facet normal -0.555562 -0.831475 -3.82068e-07
    outer loop
      vertex -2.73943 8.92991 5
      vertex -2.25 8.60289 5.82792
      vertex -2.47487 8.75314 6.02513
    endloop
  endfacet
  facet normal -0.555562 -0.831475 -0
    outer loop
      vertex -2.25 8.60289 5.82792
      vertex -2.73943 8.92991 5
      vertex -2.25 8.60289 5
    endloop
  endfacet
  facet normal -0.980786 -0.195087 0
    outer loop
      vertex -4.34667 11.3353 5
      vertex -4.4615 11.9126 6.5
      vertex -4.4615 11.9126 5
    endloop
  endfacet
  facet normal -0.980786 -0.195087 0
    outer loop
      vertex -4.4615 11.9126 6.5
      vertex -4.34667 11.3353 5
      vertex -4.34667 11.3353 6.5
    endloop
  endfacet
  facet normal 0.707095 0 -0.707119
    outer loop
      vertex -1.20207 6.5 9.70207
      vertex 0 10.5 10.9041
      vertex 0 6.5 10.9041
    endloop
  endfacet
  facet normal 0.707095 0 -0.707119
    outer loop
      vertex 0 10.5 10.9041
      vertex -1.20207 6.5 9.70207
      vertex -1.20207 10.5 9.70207
    endloop
  endfacet
  facet normal 0.707095 0 -0.707119
    outer loop
      vertex -1.20207 14.5 9.70207
      vertex 0 18.5 10.9041
      vertex 0 14.5 10.9041
    endloop
  endfacet
  facet normal 0.707095 0 -0.707119
    outer loop
      vertex 0 18.5 10.9041
      vertex -1.20207 14.5 9.70207
      vertex -1.20207 18.5 9.70207
    endloop
  endfacet
  facet normal -0.707095 0 -0.707119
    outer loop
      vertex 0 6.5 10.9041
      vertex 1.20207 10.5 9.70207
      vertex 1.20207 6.5 9.70207
    endloop
  endfacet
  facet normal -0.707095 0 -0.707119
    outer loop
      vertex 1.20207 10.5 9.70207
      vertex 0 6.5 10.9041
      vertex 0 10.5 10.9041
    endloop
  endfacet
  facet normal -0.707095 0 -0.707119
    outer loop
      vertex 0 14.5 10.9041
      vertex 1.20207 18.5 9.70207
      vertex 1.20207 14.5 9.70207
    endloop
  endfacet
  facet normal -0.707095 0 -0.707119
    outer loop
      vertex 1.20207 18.5 9.70207
      vertex 0 14.5 10.9041
      vertex 0 18.5 10.9041
    endloop
  endfacet
  facet normal -0.0653868 0 0.99786
    outer loop
      vertex 0 10.5 6.8
      vertex 0.221893 6.5 6.81454
      vertex 0.221893 10.5 6.81454
    endloop
  endfacet
  facet normal -0.0653868 0 0.99786
    outer loop
      vertex 0.221893 6.5 6.81454
      vertex 0 10.5 6.8
      vertex 0 6.5 6.8
    endloop
  endfacet
  facet normal -0.0653868 0 0.99786
    outer loop
      vertex 0 18.5 6.8
      vertex 0.221893 14.5 6.81454
      vertex 0.221893 18.5 6.81454
    endloop
  endfacet
  facet normal -0.0653868 0 0.99786
    outer loop
      vertex 0.221893 14.5 6.81454
      vertex 0 18.5 6.8
      vertex 0 14.5 6.8
    endloop
  endfacet
  facet normal -0.98077 0 -0.195165
    outer loop
      vertex 1.68546 6.5 8.72189
      vertex 1.64206 10.5 8.93999
      vertex 1.68546 10.5 8.72189
    endloop
  endfacet
  facet normal -0.98077 -0 -0.195165
    outer loop
      vertex 1.64206 10.5 8.93999
      vertex 1.68546 6.5 8.72189
      vertex 1.64206 6.5 8.93999
    endloop
  endfacet
  facet normal -0.98077 0 -0.195165
    outer loop
      vertex 1.68546 14.5 8.72189
      vertex 1.64206 18.5 8.93999
      vertex 1.68546 18.5 8.72189
    endloop
  endfacet
  facet normal -0.98077 -0 -0.195165
    outer loop
      vertex 1.64206 18.5 8.93999
      vertex 1.68546 14.5 8.72189
      vertex 1.64206 14.5 8.93999
    endloop
  endfacet
  facet normal 0.555574 0 0.831467
    outer loop
      vertex -1.03488 10.5 7.15131
      vertex -0.849991 6.5 7.02777
      vertex -0.849991 10.5 7.02777
    endloop
  endfacet
  facet normal 0.555574 0 0.831467
    outer loop
      vertex -0.849991 6.5 7.02777
      vertex -1.03488 10.5 7.15131
      vertex -1.03488 6.5 7.15131
    endloop
  endfacet
  facet normal 0.555574 0 0.831467
    outer loop
      vertex -1.03488 18.5 7.15131
      vertex -0.849991 14.5 7.02777
      vertex -0.849991 18.5 7.02777
    endloop
  endfacet
  facet normal 0.555574 0 0.831467
    outer loop
      vertex -0.849991 14.5 7.02777
      vertex -1.03488 18.5 7.15131
      vertex -1.03488 14.5 7.15131
    endloop
  endfacet
  facet normal -0.831469 0 -0.555572
    outer loop
      vertex 1.47223 6.5 9.34999
      vertex 1.34869 10.5 9.53488
      vertex 1.47223 10.5 9.34999
    endloop
  endfacet
  facet normal -0.831469 -0 -0.555572
    outer loop
      vertex 1.34869 10.5 9.53488
      vertex 1.47223 6.5 9.34999
      vertex 1.34869 6.5 9.53488
    endloop
  endfacet
  facet normal -0.831469 0 -0.555572
    outer loop
      vertex 1.47223 14.5 9.34999
      vertex 1.34869 18.5 9.53488
      vertex 1.47223 18.5 9.34999
    endloop
  endfacet
  facet normal -0.831469 -0 -0.555572
    outer loop
      vertex 1.34869 18.5 9.53488
      vertex 1.47223 14.5 9.34999
      vertex 1.34869 14.5 9.53488
    endloop
  endfacet
  facet normal 0.751844 0 -0.659342
    outer loop
      vertex -1.20207 6.5 9.70207
      vertex -1.34869 10.5 9.53488
      vertex -1.20207 10.5 9.70207
    endloop
  endfacet
  facet normal 0.751844 0 -0.659342
    outer loop
      vertex -1.34869 10.5 9.53488
      vertex -1.20207 6.5 9.70207
      vertex -1.34869 6.5 9.53488
    endloop
  endfacet
  facet normal 0.751844 0 -0.659342
    outer loop
      vertex -1.20207 14.5 9.70207
      vertex -1.34869 18.5 9.53488
      vertex -1.20207 18.5 9.70207
    endloop
  endfacet
  facet normal 0.751844 0 -0.659342
    outer loop
      vertex -1.34869 18.5 9.53488
      vertex -1.20207 14.5 9.70207
      vertex -1.34869 14.5 9.53488
    endloop
  endfacet
  facet normal 0.321402 0 0.946943
    outer loop
      vertex -0.650558 10.5 6.92941
      vertex -0.439987 6.5 6.85794
      vertex -0.439987 10.5 6.85794
    endloop
  endfacet
  facet normal 0.321402 0 0.946943
    outer loop
      vertex -0.439987 6.5 6.85794
      vertex -0.650558 10.5 6.92941
      vertex -0.650558 6.5 6.92941
    endloop
  endfacet
  facet normal 0.321402 0 0.946943
    outer loop
      vertex -0.650558 18.5 6.92941
      vertex -0.439987 14.5 6.85794
      vertex -0.439987 18.5 6.85794
    endloop
  endfacet
  facet normal 0.321402 0 0.946943
    outer loop
      vertex -0.439987 14.5 6.85794
      vertex -0.650558 18.5 6.92941
      vertex -0.650558 14.5 6.92941
    endloop
  endfacet
  facet normal 0.99786 -0 0.0653877
    outer loop
      vertex -1.7 6.5 8.5
      vertex -1.68546 10.5 8.27811
      vertex -1.7 10.5 8.5
    endloop
  endfacet
  facet normal 0.99786 0 0.0653877
    outer loop
      vertex -1.68546 10.5 8.27811
      vertex -1.7 6.5 8.5
      vertex -1.68546 6.5 8.27811
    endloop
  endfacet
  facet normal 0.99786 -0 0.0653877
    outer loop
      vertex -1.7 14.5 8.5
      vertex -1.68546 18.5 8.27811
      vertex -1.7 18.5 8.5
    endloop
  endfacet
  facet normal 0.99786 0 0.0653877
    outer loop
      vertex -1.68546 18.5 8.27811
      vertex -1.7 14.5 8.5
      vertex -1.68546 14.5 8.27811
    endloop
  endfacet
  facet normal -0.98077 0 0.195165
    outer loop
      vertex 1.64206 6.5 8.06001
      vertex 1.68546 10.5 8.27811
      vertex 1.64206 10.5 8.06001
    endloop
  endfacet
  facet normal -0.98077 0 0.195165
    outer loop
      vertex 1.68546 10.5 8.27811
      vertex 1.64206 6.5 8.06001
      vertex 1.68546 6.5 8.27811
    endloop
  endfacet
  facet normal -0.98077 0 0.195165
    outer loop
      vertex 1.64206 14.5 8.06001
      vertex 1.68546 18.5 8.27811
      vertex 1.64206 18.5 8.06001
    endloop
  endfacet
  facet normal -0.98077 0 0.195165
    outer loop
      vertex 1.68546 18.5 8.27811
      vertex 1.64206 14.5 8.06001
      vertex 1.68546 14.5 8.27811
    endloop
  endfacet
  facet normal -0.751844 0 -0.659342
    outer loop
      vertex 1.34869 6.5 9.53488
      vertex 1.20207 10.5 9.70207
      vertex 1.34869 10.5 9.53488
    endloop
  endfacet
  facet normal -0.751844 -0 -0.659342
    outer loop
      vertex 1.20207 10.5 9.70207
      vertex 1.34869 6.5 9.53488
      vertex 1.20207 6.5 9.70207
    endloop
  endfacet
  facet normal -0.751844 0 -0.659342
    outer loop
      vertex 1.34869 14.5 9.53488
      vertex 1.20207 18.5 9.70207
      vertex 1.34869 18.5 9.53488
    endloop
  endfacet
  facet normal -0.751844 -0 -0.659342
    outer loop
      vertex 1.20207 18.5 9.70207
      vertex 1.34869 14.5 9.53488
      vertex 1.20207 14.5 9.70207
    endloop
  endfacet
  facet normal 0.831469 0 -0.555572
    outer loop
      vertex -1.34869 6.5 9.53488
      vertex -1.47223 10.5 9.34999
      vertex -1.34869 10.5 9.53488
    endloop
  endfacet
  facet normal 0.831469 0 -0.555572
    outer loop
      vertex -1.47223 10.5 9.34999
      vertex -1.34869 6.5 9.53488
      vertex -1.47223 6.5 9.34999
    endloop
  endfacet
  facet normal 0.831469 0 -0.555572
    outer loop
      vertex -1.34869 14.5 9.53488
      vertex -1.47223 18.5 9.34999
      vertex -1.34869 18.5 9.53488
    endloop
  endfacet
  facet normal 0.831469 0 -0.555572
    outer loop
      vertex -1.47223 18.5 9.34999
      vertex -1.34869 14.5 9.53488
      vertex -1.47223 14.5 9.34999
    endloop
  endfacet
  facet normal -0.659342 0 0.751844
    outer loop
      vertex 1.03488 10.5 7.15131
      vertex 1.20207 6.5 7.29793
      vertex 1.20207 10.5 7.29793
    endloop
  endfacet
  facet normal -0.659342 0 0.751844
    outer loop
      vertex 1.20207 6.5 7.29793
      vertex 1.03488 10.5 7.15131
      vertex 1.03488 6.5 7.15131
    endloop
  endfacet
  facet normal -0.659342 0 0.751844
    outer loop
      vertex 1.03488 18.5 7.15131
      vertex 1.20207 14.5 7.29793
      vertex 1.20207 18.5 7.29793
    endloop
  endfacet
  facet normal -0.659342 0 0.751844
    outer loop
      vertex 1.20207 14.5 7.29793
      vertex 1.03488 18.5 7.15131
      vertex 1.03488 14.5 7.15131
    endloop
  endfacet
  facet normal -0.751844 0 0.659342
    outer loop
      vertex 1.20207 6.5 7.29793
      vertex 1.34869 10.5 7.46512
      vertex 1.20207 10.5 7.29793
    endloop
  endfacet
  facet normal -0.751844 0 0.659342
    outer loop
      vertex 1.34869 10.5 7.46512
      vertex 1.20207 6.5 7.29793
      vertex 1.34869 6.5 7.46512
    endloop
  endfacet
  facet normal -0.751844 0 0.659342
    outer loop
      vertex 1.20207 14.5 7.29793
      vertex 1.34869 18.5 7.46512
      vertex 1.20207 18.5 7.29793
    endloop
  endfacet
  facet normal -0.751844 0 0.659342
    outer loop
      vertex 1.34869 18.5 7.46512
      vertex 1.20207 14.5 7.29793
      vertex 1.34869 14.5 7.46512
    endloop
  endfacet
  facet normal 0.19517 0 0.980769
    outer loop
      vertex -0.439987 10.5 6.85794
      vertex -0.221893 6.5 6.81454
      vertex -0.221893 10.5 6.81454
    endloop
  endfacet
  facet normal 0.19517 0 0.980769
    outer loop
      vertex -0.221893 6.5 6.81454
      vertex -0.439987 10.5 6.85794
      vertex -0.439987 6.5 6.85794
    endloop
  endfacet
  facet normal 0.19517 0 0.980769
    outer loop
      vertex -0.439987 18.5 6.85794
      vertex -0.221893 14.5 6.81454
      vertex -0.221893 18.5 6.81454
    endloop
  endfacet
  facet normal 0.19517 0 0.980769
    outer loop
      vertex -0.221893 14.5 6.81454
      vertex -0.439987 18.5 6.85794
      vertex -0.439987 14.5 6.85794
    endloop
  endfacet
  facet normal 0.0653868 0 0.99786
    outer loop
      vertex -0.221893 10.5 6.81454
      vertex 0 6.5 6.8
      vertex 0 10.5 6.8
    endloop
  endfacet
  facet normal 0.0653868 0 0.99786
    outer loop
      vertex 0 6.5 6.8
      vertex -0.221893 10.5 6.81454
      vertex -0.221893 6.5 6.81454
    endloop
  endfacet
  facet normal 0.0653868 0 0.99786
    outer loop
      vertex -0.221893 18.5 6.81454
      vertex 0 14.5 6.8
      vertex 0 18.5 6.8
    endloop
  endfacet
  facet normal 0.0653868 0 0.99786
    outer loop
      vertex 0 14.5 6.8
      vertex -0.221893 18.5 6.81454
      vertex -0.221893 14.5 6.81454
    endloop
  endfacet
  facet normal -0.321402 0 0.946943
    outer loop
      vertex 0.439987 10.5 6.85794
      vertex 0.650558 6.5 6.92941
      vertex 0.650558 10.5 6.92941
    endloop
  endfacet
  facet normal -0.321402 0 0.946943
    outer loop
      vertex 0.650558 6.5 6.92941
      vertex 0.439987 10.5 6.85794
      vertex 0.439987 6.5 6.85794
    endloop
  endfacet
  facet normal -0.321402 0 0.946943
    outer loop
      vertex 0.439987 18.5 6.85794
      vertex 0.650558 14.5 6.92941
      vertex 0.650558 18.5 6.92941
    endloop
  endfacet
  facet normal -0.321402 0 0.946943
    outer loop
      vertex 0.650558 14.5 6.92941
      vertex 0.439987 18.5 6.85794
      vertex 0.439987 14.5 6.85794
    endloop
  endfacet
  facet normal 0.98077 -0 0.195165
    outer loop
      vertex -1.68546 6.5 8.27811
      vertex -1.64206 10.5 8.06001
      vertex -1.68546 10.5 8.27811
    endloop
  endfacet
  facet normal 0.98077 0 0.195165
    outer loop
      vertex -1.64206 10.5 8.06001
      vertex -1.68546 6.5 8.27811
      vertex -1.64206 6.5 8.06001
    endloop
  endfacet
  facet normal 0.98077 -0 0.195165
    outer loop
      vertex -1.68546 14.5 8.27811
      vertex -1.64206 18.5 8.06001
      vertex -1.68546 18.5 8.27811
    endloop
  endfacet
  facet normal 0.98077 0 0.195165
    outer loop
      vertex -1.64206 18.5 8.06001
      vertex -1.68546 14.5 8.27811
      vertex -1.64206 14.5 8.06001
    endloop
  endfacet
  facet normal 0.98077 0 -0.195165
    outer loop
      vertex -1.64206 6.5 8.93999
      vertex -1.68546 10.5 8.72189
      vertex -1.64206 10.5 8.93999
    endloop
  endfacet
  facet normal 0.98077 0 -0.195165
    outer loop
      vertex -1.68546 10.5 8.72189
      vertex -1.64206 6.5 8.93999
      vertex -1.68546 6.5 8.72189
    endloop
  endfacet
  facet normal 0.98077 0 -0.195165
    outer loop
      vertex -1.64206 14.5 8.93999
      vertex -1.68546 18.5 8.72189
      vertex -1.64206 18.5 8.93999
    endloop
  endfacet
  facet normal 0.98077 0 -0.195165
    outer loop
      vertex -1.68546 18.5 8.72189
      vertex -1.64206 14.5 8.93999
      vertex -1.68546 14.5 8.72189
    endloop
  endfacet
  facet normal 0.946942 0 -0.321404
    outer loop
      vertex -1.57059 6.5 9.15056
      vertex -1.64206 10.5 8.93999
      vertex -1.57059 10.5 9.15056
    endloop
  endfacet
  facet normal 0.946942 0 -0.321404
    outer loop
      vertex -1.64206 10.5 8.93999
      vertex -1.57059 6.5 9.15056
      vertex -1.64206 6.5 8.93999
    endloop
  endfacet
  facet normal 0.946942 0 -0.321404
    outer loop
      vertex -1.57059 14.5 9.15056
      vertex -1.64206 18.5 8.93999
      vertex -1.57059 18.5 9.15056
    endloop
  endfacet
  facet normal 0.946942 0 -0.321404
    outer loop
      vertex -1.64206 18.5 8.93999
      vertex -1.57059 14.5 9.15056
      vertex -1.64206 14.5 8.93999
    endloop
  endfacet
  facet normal -0.946942 0 0.321404
    outer loop
      vertex 1.57059 6.5 7.84944
      vertex 1.64206 10.5 8.06001
      vertex 1.57059 10.5 7.84944
    endloop
  endfacet
  facet normal -0.946942 0 0.321404
    outer loop
      vertex 1.64206 10.5 8.06001
      vertex 1.57059 6.5 7.84944
      vertex 1.64206 6.5 8.06001
    endloop
  endfacet
  facet normal -0.946942 0 0.321404
    outer loop
      vertex 1.57059 14.5 7.84944
      vertex 1.64206 18.5 8.06001
      vertex 1.57059 18.5 7.84944
    endloop
  endfacet
  facet normal -0.946942 0 0.321404
    outer loop
      vertex 1.64206 18.5 8.06001
      vertex 1.57059 14.5 7.84944
      vertex 1.64206 14.5 8.06001
    endloop
  endfacet
  facet normal -0.896851 0 0.442332
    outer loop
      vertex 1.47223 6.5 7.65001
      vertex 1.57059 10.5 7.84944
      vertex 1.47223 10.5 7.65001
    endloop
  endfacet
  facet normal -0.896851 0 0.442332
    outer loop
      vertex 1.57059 10.5 7.84944
      vertex 1.47223 6.5 7.65001
      vertex 1.57059 6.5 7.84944
    endloop
  endfacet
  facet normal -0.896851 0 0.442332
    outer loop
      vertex 1.47223 14.5 7.65001
      vertex 1.57059 18.5 7.84944
      vertex 1.47223 18.5 7.65001
    endloop
  endfacet
  facet normal -0.896851 0 0.442332
    outer loop
      vertex 1.57059 18.5 7.84944
      vertex 1.47223 14.5 7.65001
      vertex 1.57059 14.5 7.84944
    endloop
  endfacet
  facet normal -0.831469 0 0.555572
    outer loop
      vertex 1.34869 6.5 7.46512
      vertex 1.47223 10.5 7.65001
      vertex 1.34869 10.5 7.46512
    endloop
  endfacet
  facet normal -0.831469 0 0.555572
    outer loop
      vertex 1.47223 10.5 7.65001
      vertex 1.34869 6.5 7.46512
      vertex 1.47223 6.5 7.65001
    endloop
  endfacet
  facet normal -0.831469 0 0.555572
    outer loop
      vertex 1.34869 14.5 7.46512
      vertex 1.47223 18.5 7.65001
      vertex 1.34869 18.5 7.46512
    endloop
  endfacet
  facet normal -0.831469 0 0.555572
    outer loop
      vertex 1.47223 18.5 7.65001
      vertex 1.34869 14.5 7.46512
      vertex 1.47223 14.5 7.65001
    endloop
  endfacet
  facet normal -0.946942 0 -0.321404
    outer loop
      vertex 1.64206 6.5 8.93999
      vertex 1.57059 10.5 9.15056
      vertex 1.64206 10.5 8.93999
    endloop
  endfacet
  facet normal -0.946942 -0 -0.321404
    outer loop
      vertex 1.57059 10.5 9.15056
      vertex 1.64206 6.5 8.93999
      vertex 1.57059 6.5 9.15056
    endloop
  endfacet
  facet normal -0.946942 0 -0.321404
    outer loop
      vertex 1.64206 14.5 8.93999
      vertex 1.57059 18.5 9.15056
      vertex 1.64206 18.5 8.93999
    endloop
  endfacet
  facet normal -0.946942 -0 -0.321404
    outer loop
      vertex 1.57059 18.5 9.15056
      vertex 1.64206 14.5 8.93999
      vertex 1.57059 14.5 9.15056
    endloop
  endfacet
  facet normal -0.896851 0 -0.442332
    outer loop
      vertex 1.57059 6.5 9.15056
      vertex 1.47223 10.5 9.34999
      vertex 1.57059 10.5 9.15056
    endloop
  endfacet
  facet normal -0.896851 -0 -0.442332
    outer loop
      vertex 1.47223 10.5 9.34999
      vertex 1.57059 6.5 9.15056
      vertex 1.47223 6.5 9.34999
    endloop
  endfacet
  facet normal -0.896851 0 -0.442332
    outer loop
      vertex 1.57059 14.5 9.15056
      vertex 1.47223 18.5 9.34999
      vertex 1.57059 18.5 9.15056
    endloop
  endfacet
  facet normal -0.896851 -0 -0.442332
    outer loop
      vertex 1.47223 18.5 9.34999
      vertex 1.57059 14.5 9.15056
      vertex 1.47223 14.5 9.34999
    endloop
  endfacet
  facet normal 0.896851 0 -0.442332
    outer loop
      vertex -1.47223 6.5 9.34999
      vertex -1.57059 10.5 9.15056
      vertex -1.47223 10.5 9.34999
    endloop
  endfacet
  facet normal 0.896851 0 -0.442332
    outer loop
      vertex -1.57059 10.5 9.15056
      vertex -1.47223 6.5 9.34999
      vertex -1.57059 6.5 9.15056
    endloop
  endfacet
  facet normal 0.896851 0 -0.442332
    outer loop
      vertex -1.47223 14.5 9.34999
      vertex -1.57059 18.5 9.15056
      vertex -1.47223 18.5 9.34999
    endloop
  endfacet
  facet normal 0.896851 0 -0.442332
    outer loop
      vertex -1.57059 18.5 9.15056
      vertex -1.47223 14.5 9.34999
      vertex -1.57059 14.5 9.15056
    endloop
  endfacet
  facet normal 0.442327 0 0.896854
    outer loop
      vertex -0.849991 10.5 7.02777
      vertex -0.650558 6.5 6.92941
      vertex -0.650558 10.5 6.92941
    endloop
  endfacet
  facet normal 0.442327 0 0.896854
    outer loop
      vertex -0.650558 6.5 6.92941
      vertex -0.849991 10.5 7.02777
      vertex -0.849991 6.5 7.02777
    endloop
  endfacet
  facet normal 0.442327 0 0.896854
    outer loop
      vertex -0.849991 18.5 7.02777
      vertex -0.650558 14.5 6.92941
      vertex -0.650558 18.5 6.92941
    endloop
  endfacet
  facet normal 0.442327 0 0.896854
    outer loop
      vertex -0.650558 14.5 6.92941
      vertex -0.849991 18.5 7.02777
      vertex -0.849991 14.5 7.02777
    endloop
  endfacet
  facet normal -0.442327 0 0.896854
    outer loop
      vertex 0.650558 10.5 6.92941
      vertex 0.849991 6.5 7.02777
      vertex 0.849991 10.5 7.02777
    endloop
  endfacet
  facet normal -0.442327 0 0.896854
    outer loop
      vertex 0.849991 6.5 7.02777
      vertex 0.650558 10.5 6.92941
      vertex 0.650558 6.5 6.92941
    endloop
  endfacet
  facet normal -0.442327 0 0.896854
    outer loop
      vertex 0.650558 18.5 6.92941
      vertex 0.849991 14.5 7.02777
      vertex 0.849991 18.5 7.02777
    endloop
  endfacet
  facet normal -0.442327 0 0.896854
    outer loop
      vertex 0.849991 14.5 7.02777
      vertex 0.650558 18.5 6.92941
      vertex 0.650558 14.5 6.92941
    endloop
  endfacet
  facet normal -0.19517 0 0.980769
    outer loop
      vertex 0.221893 10.5 6.81454
      vertex 0.439987 6.5 6.85794
      vertex 0.439987 10.5 6.85794
    endloop
  endfacet
  facet normal -0.19517 0 0.980769
    outer loop
      vertex 0.439987 6.5 6.85794
      vertex 0.221893 10.5 6.81454
      vertex 0.221893 6.5 6.81454
    endloop
  endfacet
  facet normal -0.19517 0 0.980769
    outer loop
      vertex 0.221893 18.5 6.81454
      vertex 0.439987 14.5 6.85794
      vertex 0.439987 18.5 6.85794
    endloop
  endfacet
  facet normal -0.19517 0 0.980769
    outer loop
      vertex 0.439987 14.5 6.85794
      vertex 0.221893 18.5 6.81454
      vertex 0.221893 14.5 6.81454
    endloop
  endfacet
  facet normal 0.751844 -0 0.659342
    outer loop
      vertex -1.34869 6.5 7.46512
      vertex -1.20207 10.5 7.29793
      vertex -1.34869 10.5 7.46512
    endloop
  endfacet
  facet normal 0.751844 0 0.659342
    outer loop
      vertex -1.20207 10.5 7.29793
      vertex -1.34869 6.5 7.46512
      vertex -1.20207 6.5 7.29793
    endloop
  endfacet
  facet normal 0.751844 -0 0.659342
    outer loop
      vertex -1.34869 14.5 7.46512
      vertex -1.20207 18.5 7.29793
      vertex -1.34869 18.5 7.46512
    endloop
  endfacet
  facet normal 0.751844 0 0.659342
    outer loop
      vertex -1.20207 18.5 7.29793
      vertex -1.34869 14.5 7.46512
      vertex -1.20207 14.5 7.29793
    endloop
  endfacet
  facet normal 0.896851 -0 0.442332
    outer loop
      vertex -1.57059 6.5 7.84944
      vertex -1.47223 10.5 7.65001
      vertex -1.57059 10.5 7.84944
    endloop
  endfacet
  facet normal 0.896851 0 0.442332
    outer loop
      vertex -1.47223 10.5 7.65001
      vertex -1.57059 6.5 7.84944
      vertex -1.47223 6.5 7.65001
    endloop
  endfacet
  facet normal 0.896851 -0 0.442332
    outer loop
      vertex -1.57059 14.5 7.84944
      vertex -1.47223 18.5 7.65001
      vertex -1.57059 18.5 7.84944
    endloop
  endfacet
  facet normal 0.896851 0 0.442332
    outer loop
      vertex -1.47223 18.5 7.65001
      vertex -1.57059 14.5 7.84944
      vertex -1.47223 14.5 7.65001
    endloop
  endfacet
  facet normal 0.831469 -0 0.555572
    outer loop
      vertex -1.47223 6.5 7.65001
      vertex -1.34869 10.5 7.46512
      vertex -1.47223 10.5 7.65001
    endloop
  endfacet
  facet normal 0.831469 0 0.555572
    outer loop
      vertex -1.34869 10.5 7.46512
      vertex -1.47223 6.5 7.65001
      vertex -1.34869 6.5 7.46512
    endloop
  endfacet
  facet normal 0.831469 -0 0.555572
    outer loop
      vertex -1.47223 14.5 7.65001
      vertex -1.34869 18.5 7.46512
      vertex -1.47223 18.5 7.65001
    endloop
  endfacet
  facet normal 0.831469 0 0.555572
    outer loop
      vertex -1.34869 18.5 7.46512
      vertex -1.47223 14.5 7.65001
      vertex -1.34869 14.5 7.46512
    endloop
  endfacet
  facet normal 0.946942 -0 0.321404
    outer loop
      vertex -1.64206 6.5 8.06001
      vertex -1.57059 10.5 7.84944
      vertex -1.64206 10.5 8.06001
    endloop
  endfacet
  facet normal 0.946942 0 0.321404
    outer loop
      vertex -1.57059 10.5 7.84944
      vertex -1.64206 6.5 8.06001
      vertex -1.57059 6.5 7.84944
    endloop
  endfacet
  facet normal 0.946942 -0 0.321404
    outer loop
      vertex -1.64206 14.5 8.06001
      vertex -1.57059 18.5 7.84944
      vertex -1.64206 18.5 8.06001
    endloop
  endfacet
  facet normal 0.946942 0 0.321404
    outer loop
      vertex -1.57059 18.5 7.84944
      vertex -1.64206 14.5 8.06001
      vertex -1.57059 14.5 7.84944
    endloop
  endfacet
  facet normal 0.99786 0 -0.0653877
    outer loop
      vertex -1.68546 6.5 8.72189
      vertex -1.7 10.5 8.5
      vertex -1.68546 10.5 8.72189
    endloop
  endfacet
  facet normal 0.99786 0 -0.0653877
    outer loop
      vertex -1.7 10.5 8.5
      vertex -1.68546 6.5 8.72189
      vertex -1.7 6.5 8.5
    endloop
  endfacet
  facet normal 0.99786 0 -0.0653877
    outer loop
      vertex -1.68546 14.5 8.72189
      vertex -1.7 18.5 8.5
      vertex -1.68546 18.5 8.72189
    endloop
  endfacet
  facet normal 0.99786 0 -0.0653877
    outer loop
      vertex -1.7 18.5 8.5
      vertex -1.68546 14.5 8.72189
      vertex -1.7 14.5 8.5
    endloop
  endfacet
  facet normal -0.99786 0 0.0653877
    outer loop
      vertex 1.68546 6.5 8.27811
      vertex 1.7 10.5 8.5
      vertex 1.68546 10.5 8.27811
    endloop
  endfacet
  facet normal -0.99786 0 0.0653877
    outer loop
      vertex 1.7 10.5 8.5
      vertex 1.68546 6.5 8.27811
      vertex 1.7 6.5 8.5
    endloop
  endfacet
  facet normal -0.99786 0 0.0653877
    outer loop
      vertex 1.68546 14.5 8.27811
      vertex 1.7 18.5 8.5
      vertex 1.68546 18.5 8.27811
    endloop
  endfacet
  facet normal -0.99786 0 0.0653877
    outer loop
      vertex 1.7 18.5 8.5
      vertex 1.68546 14.5 8.27811
      vertex 1.7 14.5 8.5
    endloop
  endfacet
  facet normal -0.99786 0 -0.0653877
    outer loop
      vertex 1.7 6.5 8.5
      vertex 1.68546 10.5 8.72189
      vertex 1.7 10.5 8.5
    endloop
  endfacet
  facet normal -0.99786 -0 -0.0653877
    outer loop
      vertex 1.68546 10.5 8.72189
      vertex 1.7 6.5 8.5
      vertex 1.68546 6.5 8.72189
    endloop
  endfacet
  facet normal -0.99786 0 -0.0653877
    outer loop
      vertex 1.7 14.5 8.5
      vertex 1.68546 18.5 8.72189
      vertex 1.7 18.5 8.5
    endloop
  endfacet
  facet normal -0.99786 -0 -0.0653877
    outer loop
      vertex 1.68546 18.5 8.72189
      vertex 1.7 14.5 8.5
      vertex 1.68546 14.5 8.72189
    endloop
  endfacet
  facet normal -0.555574 0 0.831467
    outer loop
      vertex 0.849991 10.5 7.02777
      vertex 1.03488 6.5 7.15131
      vertex 1.03488 10.5 7.15131
    endloop
  endfacet
  facet normal -0.555574 0 0.831467
    outer loop
      vertex 1.03488 6.5 7.15131
      vertex 0.849991 10.5 7.02777
      vertex 0.849991 6.5 7.02777
    endloop
  endfacet
  facet normal -0.555574 0 0.831467
    outer loop
      vertex 0.849991 18.5 7.02777
      vertex 1.03488 14.5 7.15131
      vertex 1.03488 18.5 7.15131
    endloop
  endfacet
  facet normal -0.555574 0 0.831467
    outer loop
      vertex 1.03488 14.5 7.15131
      vertex 0.849991 18.5 7.02777
      vertex 0.849991 14.5 7.02777
    endloop
  endfacet
  facet normal 0.659342 0 0.751844
    outer loop
      vertex -1.20207 10.5 7.29793
      vertex -1.03488 6.5 7.15131
      vertex -1.03488 10.5 7.15131
    endloop
  endfacet
  facet normal 0.659342 0 0.751844
    outer loop
      vertex -1.03488 6.5 7.15131
      vertex -1.20207 10.5 7.29793
      vertex -1.20207 6.5 7.29793
    endloop
  endfacet
  facet normal 0.659342 0 0.751844
    outer loop
      vertex -1.20207 18.5 7.29793
      vertex -1.03488 14.5 7.15131
      vertex -1.03488 18.5 7.15131
    endloop
  endfacet
  facet normal 0.659342 0 0.751844
    outer loop
      vertex -1.03488 14.5 7.15131
      vertex -1.20207 18.5 7.29793
      vertex -1.20207 14.5 7.29793
    endloop
  endfacet
  facet normal 0 1 0
    outer loop
      vertex 126.946 34.5 2
      vertex 126.946 34.5 1
      vertex 126.846 34.5 2
    endloop
  endfacet
  facet normal 0 1 -0
    outer loop
      vertex 126.846 34.5 5
      vertex 5.6 34.5 6
      vertex 126.946 34.5 6
    endloop
  endfacet
  facet normal 0 1 0
    outer loop
      vertex 126.846 34.5 5
      vertex 126.946 34.5 6
      vertex 126.946 34.5 5
    endloop
  endfacet
  facet normal 0 1 0
    outer loop
      vertex 5.6 34.5 1
      vertex 5.6 34.5 6
      vertex 126.846 34.5 5
    endloop
  endfacet
  facet normal 0 1 0
    outer loop
      vertex 5.6 34.5 1
      vertex 126.846 34.5 5
      vertex 126.846 34.5 2
    endloop
  endfacet
  facet normal 0 1 0
    outer loop
      vertex 5.6 34.5 1
      vertex 126.846 34.5 2
      vertex 126.946 34.5 1
    endloop
  endfacet
  facet normal 0 1 0
    outer loop
      vertex 5.6 34.5 6
      vertex 5.6 34.5 1
      vertex 5.5 34.5 6
    endloop
  endfacet
  facet normal 0 1 0
    outer loop
      vertex 5.5 34.5 6
      vertex 5.6 34.5 1
      vertex 5.5 34.5 1
    endloop
  endfacet
  facet normal -0.831468 0 0.555572
    outer loop
      vertex -3.03109 26.7 5.25
      vertex -2.77674 30.3 5.63066
      vertex -3.03109 30.3 5.25
    endloop
  endfacet
  facet normal -0.831468 0 0.555572
    outer loop
      vertex -2.77674 30.3 5.63066
      vertex -3.03109 26.7 5.25
      vertex -2.77674 26.7 5.63066
    endloop
  endfacet
  facet normal -0.444646 -0.882898 -0.150937
    outer loop
      vertex 5.5 22.5 1
      vertex -3.38074 26.7 2.59413
      vertex -3.23358 26.7 2.16061
    endloop
  endfacet
  facet normal -0.429122 0.902808 0.0281216
    outer loop
      vertex 5.5 34.5 6
      vertex -1.35714 31.3 4.09524
      vertex -1.33433 31.3 4.44331
    endloop
  endfacet
  facet normal -0.429173 0.902777 0.0283666
    outer loop
      vertex -1.47223 31.2374 4.34999
      vertex -3.47006 30.3 3.95684
      vertex -1.42344 31.2583 4.42301
    endloop
  endfacet
  facet normal -0.429094 0.902831 0.0278329
    outer loop
      vertex -1.57059 31.1968 4.15056
      vertex -3.47006 30.3 3.95684
      vertex -1.47223 31.2374 4.34999
    endloop
  endfacet
  facet normal -0.4291 0.902825 0.0279219
    outer loop
      vertex -1.61354 31.1803 4.02402
      vertex -3.47006 30.3 3.95684
      vertex -1.57059 31.1968 4.15056
    endloop
  endfacet
  facet normal -0.429104 0.902817 0.0281222
    outer loop
      vertex -3.47006 30.3 3.95684
      vertex -1.61354 31.1803 4.02402
      vertex -3.5 30.3 3.5
    endloop
  endfacet
  facet normal -0.0622269 -0.307557 0.949493
    outer loop
      vertex 0 26.7 7
      vertex -0.456841 26.7 6.97006
      vertex 5.5 22.5 6
    endloop
  endfacet
  facet normal -0.442729 0.846451 0.295823
    outer loop
      vertex 5.5 34.5 6
      vertex -3.03109 30.3 5.25
      vertex -2.77674 30.3 5.63066
    endloop
  endfacet
  facet normal -0.446365 -0.867355 0.220122
    outer loop
      vertex -3.03109 26.7 5.25
      vertex -3.23358 26.7 4.83939
      vertex 5.5 22.5 6
    endloop
  endfacet
  facet normal -0.321441 0 -0.94693
    outer loop
      vertex -1.33939 26.7 0.266421
      vertex -0.905867 30.3 0.119259
      vertex -0.905867 26.7 0.119259
    endloop
  endfacet
  facet normal -0.321441 0 -0.94693
    outer loop
      vertex -0.905867 30.3 0.119259
      vertex -1.33939 26.7 0.266421
      vertex -1.33939 30.3 0.266421
    endloop
  endfacet
  facet normal -0.444646 -0.882898 0.150937
    outer loop
      vertex -3.23358 26.7 4.83939
      vertex -3.38074 26.7 4.40587
      vertex 5.5 22.5 6
    endloop
  endfacet
  facet normal -0 0.231621 0.972806
    outer loop
      vertex 5.5 34.5 6
      vertex 0 30.3 7
      vertex 5.6 34.5 6
    endloop
  endfacet
  facet normal -0.195097 0 0.980784
    outer loop
      vertex -0.905867 30.3 6.88074
      vertex -0.456841 26.7 6.97006
      vertex -0.456841 30.3 6.97006
    endloop
  endfacet
  facet normal -0.195097 0 0.980784
    outer loop
      vertex -0.456841 26.7 6.97006
      vertex -0.905867 30.3 6.88074
      vertex -0.905867 26.7 6.88074
    endloop
  endfacet
  facet normal -0.0622269 0.307557 0.949493
    outer loop
      vertex 5.5 34.5 6
      vertex -0.456841 30.3 6.97006
      vertex 0 30.3 7
    endloop
  endfacet
  facet normal -0.264716 -0.567275 -0.779823
    outer loop
      vertex 5.5 22.5 1
      vertex -1.33939 26.7 0.266421
      vertex -0.905867 26.7 0.119259
    endloop
  endfacet
  facet normal -0.980784 0 -0.195095
    outer loop
      vertex -3.38074 26.7 2.59413
      vertex -3.47006 30.3 3.04316
      vertex -3.38074 30.3 2.59413
    endloop
  endfacet
  facet normal -0.980784 -0 -0.195095
    outer loop
      vertex -3.47006 30.3 3.04316
      vertex -3.38074 26.7 2.59413
      vertex -3.47006 26.7 3.04316
    endloop
  endfacet
  facet normal -0.380455 -0.728737 -0.569382
    outer loop
      vertex 5.5 22.5 1
      vertex -2.13066 26.7 0.723263
      vertex -1.75 26.7 0.46891
    endloop
  endfacet
  facet normal 0.0646749 0.14871 -0.986764
    outer loop
      vertex 0.456841 30.3 0.0299425
      vertex 0 30.3 0
      vertex 5.6 34.5 1
    endloop
  endfacet
  facet normal -0.438659 -0.894407 0.0872616
    outer loop
      vertex -3.38074 26.7 4.40587
      vertex -1.30656 25.7 4.58293
      vertex 5.5 22.5 6
    endloop
  endfacet
  facet normal -0.438643 -0.894464 0.0867558
    outer loop
      vertex -3.38074 26.7 4.40587
      vertex -1.34869 25.716 4.53488
      vertex -1.30656 25.7 4.58293
    endloop
  endfacet
  facet normal -0.438655 -0.894372 0.0876381
    outer loop
      vertex -3.38074 26.7 4.40587
      vertex -1.42344 25.7417 4.42301
      vertex -1.34869 25.716 4.53488
    endloop
  endfacet
  facet normal -0.438667 -0.894403 0.0872586
    outer loop
      vertex -1.42344 25.7417 4.42301
      vertex -3.38074 26.7 4.40587
      vertex -3.47006 26.7 3.95684
    endloop
  endfacet
  facet normal -0.438657 -0.894409 0.0872476
    outer loop
      vertex 5.5 22.5 6
      vertex -1.30656 25.7 4.58293
      vertex -1.33433 25.7 4.44331
    endloop
  endfacet
  facet normal 0.185344 0 0.982674
    outer loop
      vertex 0.456841 30.3 6.97006
      vertex 5.6 22.5 6
      vertex 5.6 34.5 6
    endloop
  endfacet
  facet normal 0.185344 0 0.982674
    outer loop
      vertex 5.6 22.5 6
      vertex 0.456841 30.3 6.97006
      vertex 0.456841 26.7 6.97006
    endloop
  endfacet
  facet normal -0.380454 0.728734 0.569387
    outer loop
      vertex 5.5 34.5 6
      vertex -2.13066 30.3 6.27674
      vertex -1.75 30.3 6.53109
    endloop
  endfacet
  facet normal -0.432153 0.818295 0.378995
    outer loop
      vertex 5.5 34.5 6
      vertex -2.77674 30.3 5.63066
      vertex -2.47487 30.3 5.97487
    endloop
  endfacet
  facet normal -0.332545 0.659306 0.674336
    outer loop
      vertex 5.5 34.5 6
      vertex -1.75 30.3 6.53109
      vertex -1.33939 30.3 6.73358
    endloop
  endfacet
  facet normal -0.438657 0.894409 -0.0872476
    outer loop
      vertex -1.33433 31.3 2.55669
      vertex 5.5 34.5 1
      vertex -1.30656 31.3 2.41707
    endloop
  endfacet
  facet normal -0.438667 0.894403 -0.0872586
    outer loop
      vertex -1.42344 31.2583 2.57699
      vertex -3.38074 30.3 2.59413
      vertex -3.47006 30.3 3.04316
    endloop
  endfacet
  facet normal -0.438655 0.894372 -0.0876381
    outer loop
      vertex -1.34869 31.284 2.46512
      vertex -3.38074 30.3 2.59413
      vertex -1.42344 31.2583 2.57699
    endloop
  endfacet
  facet normal -0.438643 0.894464 -0.0867558
    outer loop
      vertex -1.30656 31.3 2.41707
      vertex -3.38074 30.3 2.59413
      vertex -1.34869 31.284 2.46512
    endloop
  endfacet
  facet normal -0.438659 0.894407 -0.0872616
    outer loop
      vertex -3.38074 30.3 2.59413
      vertex -1.30656 31.3 2.41707
      vertex 5.5 34.5 1
    endloop
  endfacet
  facet normal -0.0654022 0 -0.997859
    outer loop
      vertex -0.456841 26.7 0.0299425
      vertex 0 30.3 0
      vertex 0 26.7 0
    endloop
  endfacet
  facet normal -0.0654022 0 -0.997859
    outer loop
      vertex 0 30.3 0
      vertex -0.456841 26.7 0.0299425
      vertex -0.456841 30.3 0.0299425
    endloop
  endfacet
  facet normal -0.442729 -0.846451 0.295823
    outer loop
      vertex -2.77674 26.7 5.63066
      vertex -3.03109 26.7 5.25
      vertex 5.5 22.5 6
    endloop
  endfacet
  facet normal -0.438667 -0.894403 -0.0872586
    outer loop
      vertex -3.38074 26.7 2.59413
      vertex -1.42344 25.7417 2.57699
      vertex -3.47006 26.7 3.04316
    endloop
  endfacet
  facet normal -0.438655 -0.894372 -0.0876381
    outer loop
      vertex -3.38074 26.7 2.59413
      vertex -1.34869 25.716 2.46512
      vertex -1.42344 25.7417 2.57699
    endloop
  endfacet
  facet normal -0.438643 -0.894464 -0.0867558
    outer loop
      vertex -3.38074 26.7 2.59413
      vertex -1.30656 25.7 2.41707
      vertex -1.34869 25.716 2.46512
    endloop
  endfacet
  facet normal -0.438659 -0.894407 -0.0872616
    outer loop
      vertex -1.30656 25.7 2.41707
      vertex -3.38074 26.7 2.59413
      vertex 5.5 22.5 1
    endloop
  endfacet
  facet normal -0.438657 -0.894409 -0.0872476
    outer loop
      vertex -1.33433 25.7 2.55669
      vertex -1.30656 25.7 2.41707
      vertex 5.5 22.5 1
    endloop
  endfacet
  facet normal -0.432151 -0.818291 -0.379005
    outer loop
      vertex 5.5 22.5 1
      vertex -2.77674 26.7 1.36933
      vertex -2.47487 26.7 1.02513
    endloop
  endfacet
  facet normal 0.0654022 0 -0.997859
    outer loop
      vertex 0 26.7 0
      vertex 0.456841 30.3 0.0299425
      vertex 0.456841 26.7 0.0299425
    endloop
  endfacet
  facet normal 0.0654022 0 -0.997859
    outer loop
      vertex 0.456841 30.3 0.0299425
      vertex 0 26.7 0
      vertex 0 30.3 0
    endloop
  endfacet
  facet normal 0 -0.231621 -0.972806
    outer loop
      vertex 5.5 22.5 1
      vertex 0 26.7 0
      vertex 5.6 22.5 1
    endloop
  endfacet
  facet normal 0.0646695 0.148718 0.986763
    outer loop
      vertex 5.6 34.5 6
      vertex 0 30.3 7
      vertex 0.456841 30.3 6.97006
    endloop
  endfacet
  facet normal -0.321437 0 0.946931
    outer loop
      vertex -1.33939 30.3 6.73358
      vertex -0.905867 26.7 6.88074
      vertex -0.905867 30.3 6.88074
    endloop
  endfacet
  facet normal -0.321437 0 0.946931
    outer loop
      vertex -0.905867 26.7 6.88074
      vertex -1.33939 30.3 6.73358
      vertex -1.33939 26.7 6.73358
    endloop
  endfacet
  facet normal -0.264713 0.567272 0.779827
    outer loop
      vertex 5.5 34.5 6
      vertex -1.33939 30.3 6.73358
      vertex -0.905867 30.3 6.88074
    endloop
  endfacet
  facet normal -0.751833 0 0.659353
    outer loop
      vertex -2.77674 26.7 5.63066
      vertex -2.47487 30.3 5.97487
      vertex -2.77674 30.3 5.63066
    endloop
  endfacet
  facet normal -0.751833 0 0.659353
    outer loop
      vertex -2.47487 30.3 5.97487
      vertex -2.77674 26.7 5.63066
      vertex -2.47487 26.7 5.97487
    endloop
  endfacet
  facet normal -0.412404 0.78025 0.470247
    outer loop
      vertex 5.5 34.5 6
      vertex -2.47487 30.3 5.97487
      vertex -2.13066 30.3 6.27674
    endloop
  endfacet
  facet normal -0.831475 0 -0.555562
    outer loop
      vertex -2.77674 26.7 1.36933
      vertex -3.03109 30.3 1.75
      vertex -2.77674 30.3 1.36933
    endloop
  endfacet
  facet normal -0.831475 -0 -0.555562
    outer loop
      vertex -3.03109 30.3 1.75
      vertex -2.77674 26.7 1.36933
      vertex -3.03109 26.7 1.75
    endloop
  endfacet
  facet normal -0.44273 0.846453 -0.295816
    outer loop
      vertex -2.77674 30.3 1.36933
      vertex -3.03109 30.3 1.75
      vertex 5.5 34.5 1
    endloop
  endfacet
  facet normal 0 -1 0
    outer loop
      vertex 5.6 22.5 1
      vertex 5.6 22.5 6
      vertex 5.5 22.5 6
    endloop
  endfacet
  facet normal 0 -1 0
    outer loop
      vertex 5.6 22.5 6
      vertex 126.846 22.5 5
      vertex 126.946 22.5 6
    endloop
  endfacet
  facet normal 0 -1 0
    outer loop
      vertex 5.6 22.5 6
      vertex 5.6 22.5 1
      vertex 126.846 22.5 5
    endloop
  endfacet
  facet normal 0 -1 0
    outer loop
      vertex 5.6 22.5 1
      vertex 5.5 22.5 6
      vertex 5.5 22.5 1
    endloop
  endfacet
  facet normal 0 -1 -0
    outer loop
      vertex 126.846 22.5 5
      vertex 5.6 22.5 1
      vertex 126.846 22.5 2
    endloop
  endfacet
  facet normal 0 -1 0
    outer loop
      vertex 126.946 22.5 1
      vertex 126.846 22.5 2
      vertex 5.6 22.5 1
    endloop
  endfacet
  facet normal 0 -1 0
    outer loop
      vertex 126.846 22.5 2
      vertex 126.946 22.5 1
      vertex 126.946 22.5 2
    endloop
  endfacet
  facet normal 0 -1 -0
    outer loop
      vertex 126.946 22.5 6
      vertex 126.846 22.5 5
      vertex 126.946 22.5 5
    endloop
  endfacet
  facet normal -0.94693 0 0.321439
    outer loop
      vertex -3.38074 26.7 4.40587
      vertex -3.23358 30.3 4.83939
      vertex -3.38074 30.3 4.40587
    endloop
  endfacet
  facet normal -0.94693 0 0.321439
    outer loop
      vertex -3.23358 30.3 4.83939
      vertex -3.38074 26.7 4.40587
      vertex -3.23358 26.7 4.83939
    endloop
  endfacet
  facet normal -0.896873 0 0.442288
    outer loop
      vertex -3.23358 26.7 4.83939
      vertex -3.03109 30.3 5.25
      vertex -3.23358 30.3 4.83939
    endloop
  endfacet
  facet normal -0.896873 0 0.442288
    outer loop
      vertex -3.03109 30.3 5.25
      vertex -3.23358 26.7 4.83939
      vertex -3.03109 26.7 5.25
    endloop
  endfacet
  facet normal -0.980784 0 0.195095
    outer loop
      vertex -3.47006 26.7 3.95684
      vertex -3.38074 30.3 4.40587
      vertex -3.47006 30.3 3.95684
    endloop
  endfacet
  facet normal -0.980784 0 0.195095
    outer loop
      vertex -3.38074 30.3 4.40587
      vertex -3.47006 26.7 3.95684
      vertex -3.38074 26.7 4.40587
    endloop
  endfacet
  facet normal -0.422886 -0.906183 0
    outer loop
      vertex -1.35714 25.7 2.90476
      vertex 5.5 22.5 6
      vertex -1.35714 25.7 4.09524
    endloop
  endfacet
  facet normal -0.422886 -0.906183 -0
    outer loop
      vertex 5.5 22.5 6
      vertex -1.35714 25.7 2.90476
      vertex 5.5 22.5 1
    endloop
  endfacet
  facet normal -0.42289 -0.906181 0.000102488
    outer loop
      vertex -3.5 26.7 3.5
      vertex -1.64206 25.833 3.93999
      vertex -1.61354 25.8197 4.02402
    endloop
  endfacet
  facet normal -0.422914 -0.90617 0.000228612
    outer loop
      vertex -3.5 26.7 3.5
      vertex -1.68546 25.8532 3.72189
      vertex -1.64206 25.833 3.93999
    endloop
  endfacet
  facet normal -0.422885 -0.906183 -5.98976e-05
    outer loop
      vertex -3.5 26.7 3.5
      vertex -1.7 25.86 3.5
      vertex -1.68546 25.8532 3.72189
    endloop
  endfacet
  facet normal -0.422885 -0.906183 5.98976e-05
    outer loop
      vertex -3.5 26.7 3.5
      vertex -1.68546 25.8532 3.27811
      vertex -1.7 25.86 3.5
    endloop
  endfacet
  facet normal -0.422914 -0.90617 -0.000228612
    outer loop
      vertex -3.5 26.7 3.5
      vertex -1.64206 25.833 3.06001
      vertex -1.68546 25.8532 3.27811
    endloop
  endfacet
  facet normal -0.42289 -0.906181 -0.000102488
    outer loop
      vertex -1.64206 25.833 3.06001
      vertex -3.5 26.7 3.5
      vertex -1.61354 25.8197 2.97598
    endloop
  endfacet
  facet normal -0.429122 -0.902808 0.0281216
    outer loop
      vertex -1.33433 25.7 4.44331
      vertex -1.35714 25.7 4.09524
      vertex 5.5 22.5 6
    endloop
  endfacet
  facet normal -0.429173 -0.902777 0.0283666
    outer loop
      vertex -3.47006 26.7 3.95684
      vertex -1.47223 25.7626 4.34999
      vertex -1.42344 25.7417 4.42301
    endloop
  endfacet
  facet normal -0.429094 -0.902831 0.0278329
    outer loop
      vertex -3.47006 26.7 3.95684
      vertex -1.57059 25.8032 4.15056
      vertex -1.47223 25.7626 4.34999
    endloop
  endfacet
  facet normal -0.4291 -0.902825 0.0279219
    outer loop
      vertex -3.47006 26.7 3.95684
      vertex -1.61354 25.8197 4.02402
      vertex -1.57059 25.8032 4.15056
    endloop
  endfacet
  facet normal -0.429104 -0.902817 0.0281222
    outer loop
      vertex -1.61354 25.8197 4.02402
      vertex -3.47006 26.7 3.95684
      vertex -3.5 26.7 3.5
    endloop
  endfacet
  facet normal -0.332544 -0.659305 -0.674338
    outer loop
      vertex 5.5 22.5 1
      vertex -1.75 26.7 0.46891
      vertex -1.33939 26.7 0.266421
    endloop
  endfacet
  facet normal -0.412403 -0.780248 -0.470251
    outer loop
      vertex 5.5 22.5 1
      vertex -2.47487 26.7 1.02513
      vertex -2.13066 26.7 0.723263
    endloop
  endfacet
  facet normal 0.0646695 -0.148718 0.986763
    outer loop
      vertex 0.456841 26.7 6.97006
      vertex 0 26.7 7
      vertex 5.6 22.5 6
    endloop
  endfacet
  facet normal -0.94693 0 -0.321439
    outer loop
      vertex -3.23358 26.7 2.16061
      vertex -3.38074 30.3 2.59413
      vertex -3.23358 30.3 2.16061
    endloop
  endfacet
  facet normal -0.94693 -0 -0.321439
    outer loop
      vertex -3.38074 30.3 2.59413
      vertex -3.23358 26.7 2.16061
      vertex -3.38074 26.7 2.59413
    endloop
  endfacet
  facet normal -0.44273 -0.846453 -0.295816
    outer loop
      vertex 5.5 22.5 1
      vertex -3.03109 26.7 1.75
      vertex -2.77674 26.7 1.36933
    endloop
  endfacet
  facet normal -0.062232 -0.307563 -0.94949
    outer loop
      vertex 5.5 22.5 1
      vertex -0.456841 26.7 0.0299425
      vertex 0 26.7 0
    endloop
  endfacet
  facet normal 0.185343 0 -0.982674
    outer loop
      vertex 0.456841 26.7 0.0299425
      vertex 5.6 34.5 1
      vertex 5.6 22.5 1
    endloop
  endfacet
  facet normal 0.185343 0 -0.982674
    outer loop
      vertex 5.6 34.5 1
      vertex 0.456841 26.7 0.0299425
      vertex 0.456841 30.3 0.0299425
    endloop
  endfacet
  facet normal 0.0646749 -0.14871 -0.986764
    outer loop
      vertex 5.6 22.5 1
      vertex 0 26.7 0
      vertex 0.456841 26.7 0.0299425
    endloop
  endfacet
  facet normal -0.174274 0.449523 0.876104
    outer loop
      vertex 5.5 34.5 6
      vertex -0.905867 30.3 6.88074
      vertex -0.456841 30.3 6.97006
    endloop
  endfacet
  facet normal -0.0653967 0 0.997859
    outer loop
      vertex -0.456841 30.3 6.97006
      vertex 0 26.7 7
      vertex 0 30.3 7
    endloop
  endfacet
  facet normal -0.0653967 0 0.997859
    outer loop
      vertex 0 26.7 7
      vertex -0.456841 30.3 6.97006
      vertex -0.456841 26.7 6.97006
    endloop
  endfacet
  facet normal -0.444646 0.882898 -0.150937
    outer loop
      vertex -3.23358 30.3 2.16061
      vertex -3.38074 30.3 2.59413
      vertex 5.5 34.5 1
    endloop
  endfacet
  facet normal -0.555576 0 -0.831465
    outer loop
      vertex -2.13066 26.7 0.723263
      vertex -1.75 30.3 0.46891
      vertex -1.75 26.7 0.46891
    endloop
  endfacet
  facet normal -0.555576 0 -0.831465
    outer loop
      vertex -1.75 30.3 0.46891
      vertex -2.13066 26.7 0.723263
      vertex -2.13066 30.3 0.723263
    endloop
  endfacet
  facet normal -0.429122 -0.902808 -0.0281216
    outer loop
      vertex 5.5 22.5 1
      vertex -1.35714 25.7 2.90476
      vertex -1.33433 25.7 2.55669
    endloop
  endfacet
  facet normal -0.429104 -0.902817 -0.0281222
    outer loop
      vertex -3.47006 26.7 3.04316
      vertex -1.61354 25.8197 2.97598
      vertex -3.5 26.7 3.5
    endloop
  endfacet
  facet normal -0.4291 -0.902825 -0.0279219
    outer loop
      vertex -3.47006 26.7 3.04316
      vertex -1.57059 25.8032 2.84944
      vertex -1.61354 25.8197 2.97598
    endloop
  endfacet
  facet normal -0.429094 -0.902831 -0.0278329
    outer loop
      vertex -3.47006 26.7 3.04316
      vertex -1.47223 25.7626 2.65001
      vertex -1.57059 25.8032 2.84944
    endloop
  endfacet
  facet normal -0.429173 -0.902777 -0.0283666
    outer loop
      vertex -1.47223 25.7626 2.65001
      vertex -3.47006 26.7 3.04316
      vertex -1.42344 25.7417 2.57699
    endloop
  endfacet
  facet normal -0.997859 0 -0.0653969
    outer loop
      vertex -3.47006 26.7 3.04316
      vertex -3.5 30.3 3.5
      vertex -3.47006 30.3 3.04316
    endloop
  endfacet
  facet normal -0.997859 -0 -0.0653969
    outer loop
      vertex -3.5 30.3 3.5
      vertex -3.47006 26.7 3.04316
      vertex -3.5 26.7 3.5
    endloop
  endfacet
  facet normal -0.422886 0.906183 0
    outer loop
      vertex 5.5 34.5 6
      vertex -1.35714 31.3 2.90476
      vertex -1.35714 31.3 4.09524
    endloop
  endfacet
  facet normal -0.422886 0.906183 0
    outer loop
      vertex -1.35714 31.3 2.90476
      vertex 5.5 34.5 6
      vertex 5.5 34.5 1
    endloop
  endfacet
  facet normal -0.42289 0.906181 0.000102488
    outer loop
      vertex -1.64206 31.167 3.93999
      vertex -3.5 30.3 3.5
      vertex -1.61354 31.1803 4.02402
    endloop
  endfacet
  facet normal -0.422914 0.90617 0.000228612
    outer loop
      vertex -1.68546 31.1468 3.72189
      vertex -3.5 30.3 3.5
      vertex -1.64206 31.167 3.93999
    endloop
  endfacet
  facet normal -0.422885 0.906183 -5.98976e-05
    outer loop
      vertex -1.7 31.14 3.5
      vertex -3.5 30.3 3.5
      vertex -1.68546 31.1468 3.72189
    endloop
  endfacet
  facet normal -0.422885 0.906183 5.98976e-05
    outer loop
      vertex -1.68546 31.1468 3.27811
      vertex -3.5 30.3 3.5
      vertex -1.7 31.14 3.5
    endloop
  endfacet
  facet normal -0.422914 0.90617 -0.000228612
    outer loop
      vertex -1.64206 31.167 3.06001
      vertex -3.5 30.3 3.5
      vertex -1.68546 31.1468 3.27811
    endloop
  endfacet
  facet normal -0.42289 0.906181 -0.000102488
    outer loop
      vertex -3.5 30.3 3.5
      vertex -1.64206 31.167 3.06001
      vertex -1.61354 31.1803 2.97598
    endloop
  endfacet
  facet normal -0.429122 0.902808 -0.0281216
    outer loop
      vertex -1.33433 31.3 2.55669
      vertex -1.35714 31.3 2.90476
      vertex 5.5 34.5 1
    endloop
  endfacet
  facet normal -0.429104 0.902817 -0.0281222
    outer loop
      vertex -1.61354 31.1803 2.97598
      vertex -3.47006 30.3 3.04316
      vertex -3.5 30.3 3.5
    endloop
  endfacet
  facet normal -0.4291 0.902825 -0.0279219
    outer loop
      vertex -1.57059 31.1968 2.84944
      vertex -3.47006 30.3 3.04316
      vertex -1.61354 31.1803 2.97598
    endloop
  endfacet
  facet normal -0.429094 0.902831 -0.0278329
    outer loop
      vertex -1.47223 31.2374 2.65001
      vertex -3.47006 30.3 3.04316
      vertex -1.57059 31.1968 2.84944
    endloop
  endfacet
  facet normal -0.429173 0.902777 -0.0283666
    outer loop
      vertex -3.47006 30.3 3.04316
      vertex -1.47223 31.2374 2.65001
      vertex -1.42344 31.2583 2.57699
    endloop
  endfacet
  facet normal -0.446365 0.867355 0.220122
    outer loop
      vertex 5.5 34.5 6
      vertex -3.23358 30.3 4.83939
      vertex -3.03109 30.3 5.25
    endloop
  endfacet
  facet normal -0.444646 0.882898 0.150937
    outer loop
      vertex 5.5 34.5 6
      vertex -3.38074 30.3 4.40587
      vertex -3.23358 30.3 4.83939
    endloop
  endfacet
  facet normal -0.659353 0 0.751833
    outer loop
      vertex -2.47487 30.3 5.97487
      vertex -2.13066 26.7 6.27674
      vertex -2.13066 30.3 6.27674
    endloop
  endfacet
  facet normal -0.659353 0 0.751833
    outer loop
      vertex -2.13066 26.7 6.27674
      vertex -2.47487 30.3 5.97487
      vertex -2.47487 26.7 5.97487
    endloop
  endfacet
  facet normal -0.438657 0.894409 0.0872476
    outer loop
      vertex 5.5 34.5 6
      vertex -1.33433 31.3 4.44331
      vertex -1.30656 31.3 4.58293
    endloop
  endfacet
  facet normal -0.438659 0.894407 0.0872616
    outer loop
      vertex -1.30656 31.3 4.58293
      vertex -3.38074 30.3 4.40587
      vertex 5.5 34.5 6
    endloop
  endfacet
  facet normal -0.438643 0.894464 0.0867558
    outer loop
      vertex -1.34869 31.284 4.53488
      vertex -3.38074 30.3 4.40587
      vertex -1.30656 31.3 4.58293
    endloop
  endfacet
  facet normal -0.438655 0.894372 0.0876381
    outer loop
      vertex -1.42344 31.2583 4.42301
      vertex -3.38074 30.3 4.40587
      vertex -1.34869 31.284 4.53488
    endloop
  endfacet
  facet normal -0.438667 0.894403 0.0872586
    outer loop
      vertex -3.38074 30.3 4.40587
      vertex -1.42344 31.2583 4.42301
      vertex -3.47006 30.3 3.95684
    endloop
  endfacet
  facet normal -0.997859 0 0.0653969
    outer loop
      vertex -3.5 26.7 3.5
      vertex -3.47006 30.3 3.95684
      vertex -3.5 30.3 3.5
    endloop
  endfacet
  facet normal -0.997859 0 0.0653969
    outer loop
      vertex -3.47006 30.3 3.95684
      vertex -3.5 26.7 3.5
      vertex -3.47006 26.7 3.95684
    endloop
  endfacet
  facet normal -0.446365 -0.867355 -0.220122
    outer loop
      vertex 5.5 22.5 1
      vertex -3.23358 26.7 2.16061
      vertex -3.03109 26.7 1.75
    endloop
  endfacet
  facet normal -0.062232 0.307563 -0.94949
    outer loop
      vertex 0 30.3 0
      vertex -0.456841 30.3 0.0299425
      vertex 5.5 34.5 1
    endloop
  endfacet
  facet normal 0 0.231621 -0.972806
    outer loop
      vertex 5.6 34.5 1
      vertex 0 30.3 0
      vertex 5.5 34.5 1
    endloop
  endfacet
  facet normal -0.446365 0.867355 -0.220122
    outer loop
      vertex -3.03109 30.3 1.75
      vertex -3.23358 30.3 2.16061
      vertex 5.5 34.5 1
    endloop
  endfacet
  facet normal -0.896873 0 -0.442288
    outer loop
      vertex -3.03109 26.7 1.75
      vertex -3.23358 30.3 2.16061
      vertex -3.03109 30.3 1.75
    endloop
  endfacet
  facet normal -0.896873 -0 -0.442288
    outer loop
      vertex -3.23358 30.3 2.16061
      vertex -3.03109 26.7 1.75
      vertex -3.23358 26.7 2.16061
    endloop
  endfacet
  facet normal -0.332544 0.659305 -0.674338
    outer loop
      vertex -1.33939 30.3 0.266421
      vertex -1.75 30.3 0.46891
      vertex 5.5 34.5 1
    endloop
  endfacet
  facet normal -0.442286 0 -0.896874
    outer loop
      vertex -1.75 26.7 0.46891
      vertex -1.33939 30.3 0.266421
      vertex -1.33939 26.7 0.266421
    endloop
  endfacet
  facet normal -0.442286 0 -0.896874
    outer loop
      vertex -1.33939 30.3 0.266421
      vertex -1.75 26.7 0.46891
      vertex -1.75 30.3 0.46891
    endloop
  endfacet
  facet normal -0.659349 0 -0.751837
    outer loop
      vertex -2.47487 26.7 1.02513
      vertex -2.13066 30.3 0.723263
      vertex -2.13066 26.7 0.723263
    endloop
  endfacet
  facet normal -0.659349 0 -0.751837
    outer loop
      vertex -2.13066 30.3 0.723263
      vertex -2.47487 26.7 1.02513
      vertex -2.47487 30.3 1.02513
    endloop
  endfacet
  facet normal 0 -0.231621 0.972806
    outer loop
      vertex 5.6 22.5 6
      vertex 0 26.7 7
      vertex 5.5 22.5 6
    endloop
  endfacet
  facet normal -0.380454 -0.728734 0.569387
    outer loop
      vertex -1.75 26.7 6.53109
      vertex -2.13066 26.7 6.27674
      vertex 5.5 22.5 6
    endloop
  endfacet
  facet normal -0.332545 -0.659306 0.674336
    outer loop
      vertex -1.33939 26.7 6.73358
      vertex -1.75 26.7 6.53109
      vertex 5.5 22.5 6
    endloop
  endfacet
  facet normal -0.432151 0.818291 -0.379005
    outer loop
      vertex -2.47487 30.3 1.02513
      vertex -2.77674 30.3 1.36933
      vertex 5.5 34.5 1
    endloop
  endfacet
  facet normal -0.751824 0 -0.659364
    outer loop
      vertex -2.47487 26.7 1.02513
      vertex -2.77674 30.3 1.36933
      vertex -2.47487 30.3 1.02513
    endloop
  endfacet
  facet normal -0.751824 -0 -0.659364
    outer loop
      vertex -2.77674 30.3 1.36933
      vertex -2.47487 26.7 1.02513
      vertex -2.77674 26.7 1.36933
    endloop
  endfacet
  facet normal -0.174268 -0.449515 -0.876109
    outer loop
      vertex 5.5 22.5 1
      vertex -0.905867 26.7 0.119259
      vertex -0.456841 26.7 0.0299425
    endloop
  endfacet
  facet normal -0.19509 0 -0.980785
    outer loop
      vertex -0.905867 26.7 0.119259
      vertex -0.456841 30.3 0.0299425
      vertex -0.456841 26.7 0.0299425
    endloop
  endfacet
  facet normal -0.19509 0 -0.980785
    outer loop
      vertex -0.456841 30.3 0.0299425
      vertex -0.905867 26.7 0.119259
      vertex -0.905867 30.3 0.119259
    endloop
  endfacet
  facet normal -0.264716 0.567275 -0.779823
    outer loop
      vertex -0.905867 30.3 0.119259
      vertex -1.33939 30.3 0.266421
      vertex 5.5 34.5 1
    endloop
  endfacet
  facet normal -0.174268 0.449515 -0.876109
    outer loop
      vertex -0.456841 30.3 0.0299425
      vertex -0.905867 30.3 0.119259
      vertex 5.5 34.5 1
    endloop
  endfacet
  facet normal -0.412403 0.780248 -0.470251
    outer loop
      vertex -2.13066 30.3 0.723263
      vertex -2.47487 30.3 1.02513
      vertex 5.5 34.5 1
    endloop
  endfacet
  facet normal -0.380455 0.728737 -0.569382
    outer loop
      vertex -1.75 30.3 0.46891
      vertex -2.13066 30.3 0.723263
      vertex 5.5 34.5 1
    endloop
  endfacet
  facet normal 0.0653967 0 0.997859
    outer loop
      vertex 0 30.3 7
      vertex 0.456841 26.7 6.97006
      vertex 0.456841 30.3 6.97006
    endloop
  endfacet
  facet normal 0.0653967 0 0.997859
    outer loop
      vertex 0.456841 26.7 6.97006
      vertex 0 30.3 7
      vertex 0 26.7 7
    endloop
  endfacet
  facet normal -0.264713 -0.567272 0.779827
    outer loop
      vertex -0.905867 26.7 6.88074
      vertex -1.33939 26.7 6.73358
      vertex 5.5 22.5 6
    endloop
  endfacet
  facet normal -0.174274 -0.449523 0.876104
    outer loop
      vertex -0.456841 26.7 6.97006
      vertex -0.905867 26.7 6.88074
      vertex 5.5 22.5 6
    endloop
  endfacet
  facet normal -0.432153 -0.818295 0.378995
    outer loop
      vertex -2.47487 26.7 5.97487
      vertex -2.77674 26.7 5.63066
      vertex 5.5 22.5 6
    endloop
  endfacet
  facet normal -0.412404 -0.78025 0.470247
    outer loop
      vertex -2.13066 26.7 6.27674
      vertex -2.47487 26.7 5.97487
      vertex 5.5 22.5 6
    endloop
  endfacet
  facet normal -0.442288 0 0.896873
    outer loop
      vertex -1.75 30.3 6.53109
      vertex -1.33939 26.7 6.73358
      vertex -1.33939 30.3 6.73358
    endloop
  endfacet
  facet normal -0.442288 0 0.896873
    outer loop
      vertex -1.33939 26.7 6.73358
      vertex -1.75 30.3 6.53109
      vertex -1.75 26.7 6.53109
    endloop
  endfacet
  facet normal -0.555572 0 0.831468
    outer loop
      vertex -2.13066 30.3 6.27674
      vertex -1.75 26.7 6.53109
      vertex -1.75 30.3 6.53109
    endloop
  endfacet
  facet normal -0.555572 0 0.831468
    outer loop
      vertex -1.75 26.7 6.53109
      vertex -2.13066 30.3 6.27674
      vertex -2.13066 26.7 6.27674
    endloop
  endfacet
  facet normal 1 -0 0
    outer loop
      vertex 126.946 22.5 6
      vertex 126.946 34.5 5
      vertex 126.946 34.5 6
    endloop
  endfacet
  facet normal 1 0 0
    outer loop
      vertex 126.946 34.5 5
      vertex 126.946 22.5 6
      vertex 126.946 22.5 5
    endloop
  endfacet
  facet normal 1 -0 0
    outer loop
      vertex 126.946 22.5 2
      vertex 126.946 34.5 1
      vertex 126.946 34.5 2
    endloop
  endfacet
  facet normal 1 0 0
    outer loop
      vertex 126.946 34.5 1
      vertex 126.946 22.5 2
      vertex 126.946 22.5 1
    endloop
  endfacet
  facet normal -0 0 1
    outer loop
      vertex 5.6 34.5 6
      vertex 126.946 22.5 6
      vertex 126.946 34.5 6
    endloop
  endfacet
  facet normal 0 0 1
    outer loop
      vertex 126.946 22.5 6
      vertex 5.6 34.5 6
      vertex 5.6 22.5 6
    endloop
  endfacet
  facet normal 0 0 -1
    outer loop
      vertex 5.6 22.5 1
      vertex 126.946 34.5 1
      vertex 126.946 22.5 1
    endloop
  endfacet
  facet normal -0 0 -1
    outer loop
      vertex 126.946 34.5 1
      vertex 5.6 22.5 1
      vertex 5.6 34.5 1
    endloop
  endfacet
  facet normal -1 0 0
    outer loop
      vertex 126.846 19.5 2
      vertex 126.846 22.5 5
      vertex 126.846 22.5 2
    endloop
  endfacet
  facet normal -1 -0 0
    outer loop
      vertex 126.846 22.5 5
      vertex 126.846 19.5 2
      vertex 126.846 19.5 5
    endloop
  endfacet
  facet normal -1 0 0
    outer loop
      vertex 126.846 34.5 2
      vertex 126.846 37.5 5
      vertex 126.846 37.5 2
    endloop
  endfacet
  facet normal -1 -0 0
    outer loop
      vertex 126.846 37.5 5
      vertex 126.846 34.5 2
      vertex 126.846 34.5 5
    endloop
  endfacet
  facet normal 0 0 1
    outer loop
      vertex 140.846 37.5 5
      vertex 126.946 34.5 5
      vertex 140.846 19.5 5
    endloop
  endfacet
  facet normal -0 0 1
    outer loop
      vertex 126.846 37.5 5
      vertex 126.946 34.5 5
      vertex 140.846 37.5 5
    endloop
  endfacet
  facet normal 0 0 1
    outer loop
      vertex 126.946 34.5 5
      vertex 126.846 37.5 5
      vertex 126.846 34.5 5
    endloop
  endfacet
  facet normal -0 0 1
    outer loop
      vertex 126.946 22.5 5
      vertex 140.846 19.5 5
      vertex 126.946 34.5 5
    endloop
  endfacet
  facet normal 0 0 1
    outer loop
      vertex 126.846 19.5 5
      vertex 126.946 22.5 5
      vertex 126.846 22.5 5
    endloop
  endfacet
  facet normal 0 0 1
    outer loop
      vertex 126.946 22.5 5
      vertex 126.846 19.5 5
      vertex 140.846 19.5 5
    endloop
  endfacet
  facet normal 1 -0 0
    outer loop
      vertex 140.846 19.5 5
      vertex 140.846 37.5 2
      vertex 140.846 37.5 5
    endloop
  endfacet
  facet normal 1 0 0
    outer loop
      vertex 140.846 37.5 2
      vertex 140.846 19.5 5
      vertex 140.846 19.5 2
    endloop
  endfacet
  facet normal 0 1 -0
    outer loop
      vertex 140.846 37.5 2
      vertex 126.846 37.5 5
      vertex 140.846 37.5 5
    endloop
  endfacet
  facet normal 0 1 0
    outer loop
      vertex 126.846 37.5 5
      vertex 140.846 37.5 2
      vertex 126.846 37.5 2
    endloop
  endfacet
  facet normal 0 0 -1
    outer loop
      vertex 140.846 19.5 2
      vertex 126.946 22.5 2
      vertex 140.846 37.5 2
    endloop
  endfacet
  facet normal 0 0 -1
    outer loop
      vertex 126.846 19.5 2
      vertex 126.946 22.5 2
      vertex 140.846 19.5 2
    endloop
  endfacet
  facet normal -0 0 -1
    outer loop
      vertex 126.946 22.5 2
      vertex 126.846 19.5 2
      vertex 126.846 22.5 2
    endloop
  endfacet
  facet normal 0 0 -1
    outer loop
      vertex 126.946 34.5 2
      vertex 140.846 37.5 2
      vertex 126.946 22.5 2
    endloop
  endfacet
  facet normal 0 0 -1
    outer loop
      vertex 126.846 37.5 2
      vertex 126.946 34.5 2
      vertex 126.846 34.5 2
    endloop
  endfacet
  facet normal 0 0 -1
    outer loop
      vertex 126.946 34.5 2
      vertex 126.846 37.5 2
      vertex 140.846 37.5 2
    endloop
  endfacet
  facet normal 0 -1 0
    outer loop
      vertex 126.846 19.5 2
      vertex 140.846 19.5 5
      vertex 126.846 19.5 5
    endloop
  endfacet
  facet normal 0 -1 -0
    outer loop
      vertex 140.846 19.5 5
      vertex 126.846 19.5 2
      vertex 140.846 19.5 2
    endloop
  endfacet
  facet normal 0.751818 0.00054281 -0.659371
    outer loop
      vertex -1.20207 31.3 4.70207
      vertex -1.34869 31.284 4.53488
      vertex -1.30656 31.3 4.58293
    endloop
  endfacet
  facet normal 0.751844 0 -0.659342
    outer loop
      vertex -1.20207 31.3 4.70207
      vertex -1.34869 25.716 4.53488
      vertex -1.34869 31.284 4.53488
    endloop
  endfacet
  facet normal 0.751844 0 -0.659342
    outer loop
      vertex -1.20207 25.7 4.70207
      vertex -1.34869 25.716 4.53488
      vertex -1.20207 31.3 4.70207
    endloop
  endfacet
  facet normal 0.751818 -0.00054281 -0.659371
    outer loop
      vertex -1.34869 25.716 4.53488
      vertex -1.20207 25.7 4.70207
      vertex -1.30656 25.7 4.58293
    endloop
  endfacet
  facet normal 0.707104 0 -0.70711
    outer loop
      vertex -1.20207 25.7 4.70207
      vertex 0 31.3 5.90413
      vertex 0 25.7 5.90413
    endloop
  endfacet
  facet normal 0.707104 0 -0.70711
    outer loop
      vertex 0 31.3 5.90413
      vertex -1.20207 25.7 4.70207
      vertex -1.20207 31.3 4.70207
    endloop
  endfacet
  facet normal -0.707104 0 -0.70711
    outer loop
      vertex 0 25.7 5.90413
      vertex 1.20207 31.3 4.70207
      vertex 1.20207 25.7 4.70207
    endloop
  endfacet
  facet normal -0.707104 0 -0.70711
    outer loop
      vertex 1.20207 31.3 4.70207
      vertex 0 25.7 5.90413
      vertex 0 31.3 5.90413
    endloop
  endfacet
  facet normal -0.0653868 0 0.99786
    outer loop
      vertex 0 31.3 1.8
      vertex 0.221893 25.7 1.81454
      vertex 0.221893 31.3 1.81454
    endloop
  endfacet
  facet normal -0.0653868 0 0.99786
    outer loop
      vertex 0.221893 25.7 1.81454
      vertex 0 31.3 1.8
      vertex 0 25.7 1.8
    endloop
  endfacet
  facet normal 0.946945 -0 0.321396
    outer loop
      vertex -1.64206 25.833 3.06001
      vertex -1.61354 31.1803 2.97598
      vertex -1.64206 31.167 3.06001
    endloop
  endfacet
  facet normal 0.946945 -0 0.321396
    outer loop
      vertex -1.61354 25.8197 2.97598
      vertex -1.61354 31.1803 2.97598
      vertex -1.64206 25.833 3.06001
    endloop
  endfacet
  facet normal 0.94694 0 0.321409
    outer loop
      vertex -1.61354 31.1803 2.97598
      vertex -1.61354 25.8197 2.97598
      vertex -1.57059 31.1968 2.84944
    endloop
  endfacet
  facet normal 0.94694 0 0.321409
    outer loop
      vertex -1.57059 31.1968 2.84944
      vertex -1.61354 25.8197 2.97598
      vertex -1.57059 25.8032 2.84944
    endloop
  endfacet
  facet normal -0.946942 0 0.321404
    outer loop
      vertex 1.57059 25.7 2.84944
      vertex 1.64206 31.3 3.06001
      vertex 1.57059 31.3 2.84944
    endloop
  endfacet
  facet normal -0.946942 0 0.321404
    outer loop
      vertex 1.64206 31.3 3.06001
      vertex 1.57059 25.7 2.84944
      vertex 1.64206 25.7 3.06001
    endloop
  endfacet
  facet normal -0.751844 0 0.659342
    outer loop
      vertex 1.20207 25.7 2.29793
      vertex 1.34869 31.3 2.46512
      vertex 1.20207 31.3 2.29793
    endloop
  endfacet
  facet normal -0.751844 0 0.659342
    outer loop
      vertex 1.34869 31.3 2.46512
      vertex 1.20207 25.7 2.29793
      vertex 1.34869 25.7 2.46512
    endloop
  endfacet
  facet normal 0.659342 0 0.751844
    outer loop
      vertex -1.20207 31.3 2.29793
      vertex -1.03488 25.7 2.15131
      vertex -1.03488 31.3 2.15131
    endloop
  endfacet
  facet normal 0.659342 0 0.751844
    outer loop
      vertex -1.03488 25.7 2.15131
      vertex -1.20207 31.3 2.29793
      vertex -1.20207 25.7 2.29793
    endloop
  endfacet
  facet normal -0.659342 0 0.751844
    outer loop
      vertex 1.03488 31.3 2.15131
      vertex 1.20207 25.7 2.29793
      vertex 1.20207 31.3 2.29793
    endloop
  endfacet
  facet normal -0.659342 0 0.751844
    outer loop
      vertex 1.20207 25.7 2.29793
      vertex 1.03488 31.3 2.15131
      vertex 1.03488 25.7 2.15131
    endloop
  endfacet
  facet normal 0.896851 -0 0.442332
    outer loop
      vertex -1.57059 25.8032 2.84944
      vertex -1.47223 31.2374 2.65001
      vertex -1.57059 31.1968 2.84944
    endloop
  endfacet
  facet normal 0.896851 0 0.442332
    outer loop
      vertex -1.47223 31.2374 2.65001
      vertex -1.57059 25.8032 2.84944
      vertex -1.47223 25.7626 2.65001
    endloop
  endfacet
  facet normal 0.751818 0.00054281 0.659371
    outer loop
      vertex -1.34869 31.284 2.46512
      vertex -1.20207 31.3 2.29793
      vertex -1.30656 31.3 2.41707
    endloop
  endfacet
  facet normal 0.751844 -0 0.659342
    outer loop
      vertex -1.34869 25.716 2.46512
      vertex -1.20207 31.3 2.29793
      vertex -1.34869 31.284 2.46512
    endloop
  endfacet
  facet normal 0.751818 -0.00054281 0.659371
    outer loop
      vertex -1.20207 25.7 2.29793
      vertex -1.34869 25.716 2.46512
      vertex -1.30656 25.7 2.41707
    endloop
  endfacet
  facet normal 0.751844 0 0.659342
    outer loop
      vertex -1.34869 25.716 2.46512
      vertex -1.20207 25.7 2.29793
      vertex -1.20207 31.3 2.29793
    endloop
  endfacet
  facet normal 0.99786 -0 0.0653877
    outer loop
      vertex -1.7 25.86 3.5
      vertex -1.68546 31.1468 3.27811
      vertex -1.7 31.14 3.5
    endloop
  endfacet
  facet normal 0.99786 0 0.0653877
    outer loop
      vertex -1.68546 31.1468 3.27811
      vertex -1.7 25.86 3.5
      vertex -1.68546 25.8532 3.27811
    endloop
  endfacet
  facet normal 0 1 0
    outer loop
      vertex 1.20207 25.7 4.70207
      vertex -1.20207 25.7 4.70207
      vertex 0 25.7 5.90413
    endloop
  endfacet
  facet normal 0 1 0
    outer loop
      vertex -1.35714 25.7 4.09524
      vertex -1.20207 25.7 4.70207
      vertex 1.20207 25.7 4.70207
    endloop
  endfacet
  facet normal 0 1 0
    outer loop
      vertex -1.35714 25.7 4.09524
      vertex 1.20207 25.7 4.70207
      vertex 1.34869 25.7 4.53488
    endloop
  endfacet
  facet normal 0 1 0
    outer loop
      vertex -1.20207 25.7 4.70207
      vertex -1.33433 25.7 4.44331
      vertex -1.30656 25.7 4.58293
    endloop
  endfacet
  facet normal 0 1 0
    outer loop
      vertex -1.35714 25.7 4.09524
      vertex 1.34869 25.7 4.53488
      vertex 1.47223 25.7 4.34999
    endloop
  endfacet
  facet normal 0 1 0
    outer loop
      vertex -1.35714 25.7 4.09524
      vertex 1.47223 25.7 4.34999
      vertex 1.57059 25.7 4.15056
    endloop
  endfacet
  facet normal 0 1 0
    outer loop
      vertex -1.20207 25.7 4.70207
      vertex -1.35714 25.7 4.09524
      vertex -1.33433 25.7 4.44331
    endloop
  endfacet
  facet normal 0 1 0
    outer loop
      vertex 1.64206 25.7 3.93999
      vertex -1.35714 25.7 4.09524
      vertex 1.57059 25.7 4.15056
    endloop
  endfacet
  facet normal 0 1 0
    outer loop
      vertex 1.68546 25.7 3.72189
      vertex -1.35714 25.7 4.09524
      vertex 1.64206 25.7 3.93999
    endloop
  endfacet
  facet normal 0 1 0
    outer loop
      vertex 1.7 25.7 3.5
      vertex -1.35714 25.7 4.09524
      vertex 1.68546 25.7 3.72189
    endloop
  endfacet
  facet normal 0 1 -0
    outer loop
      vertex 1.68546 25.7 3.27811
      vertex -1.35714 25.7 4.09524
      vertex 1.7 25.7 3.5
    endloop
  endfacet
  facet normal 0 1 0
    outer loop
      vertex -1.35714 25.7 2.90476
      vertex 1.68546 25.7 3.27811
      vertex 1.64206 25.7 3.06001
    endloop
  endfacet
  facet normal 0 1 0
    outer loop
      vertex 1.68546 25.7 3.27811
      vertex -1.35714 25.7 2.90476
      vertex -1.35714 25.7 4.09524
    endloop
  endfacet
  facet normal 0 1 -0
    outer loop
      vertex 1.57059 25.7 2.84944
      vertex -1.35714 25.7 2.90476
      vertex 1.64206 25.7 3.06001
    endloop
  endfacet
  facet normal 0 1 -0
    outer loop
      vertex 1.47223 25.7 2.65001
      vertex -1.35714 25.7 2.90476
      vertex 1.57059 25.7 2.84944
    endloop
  endfacet
  facet normal 0 1 -0
    outer loop
      vertex 1.34869 25.7 2.46512
      vertex -1.35714 25.7 2.90476
      vertex 1.47223 25.7 2.65001
    endloop
  endfacet
  facet normal 0 1 -0
    outer loop
      vertex 1.20207 25.7 2.29793
      vertex -1.35714 25.7 2.90476
      vertex 1.34869 25.7 2.46512
    endloop
  endfacet
  facet normal 0 1 -0
    outer loop
      vertex 1.03488 25.7 2.15131
      vertex -1.35714 25.7 2.90476
      vertex 1.20207 25.7 2.29793
    endloop
  endfacet
  facet normal 0 1 -0
    outer loop
      vertex 0.849991 25.7 2.02777
      vertex -1.35714 25.7 2.90476
      vertex 1.03488 25.7 2.15131
    endloop
  endfacet
  facet normal 0 1 -0
    outer loop
      vertex 0.650558 25.7 1.92941
      vertex -1.35714 25.7 2.90476
      vertex 0.849991 25.7 2.02777
    endloop
  endfacet
  facet normal -0 1 -0
    outer loop
      vertex -1.20207 25.7 2.29793
      vertex -1.33433 25.7 2.55669
      vertex -1.03488 25.7 2.15131
    endloop
  endfacet
  facet normal 0 1 0
    outer loop
      vertex -1.33433 25.7 2.55669
      vertex -1.20207 25.7 2.29793
      vertex -1.30656 25.7 2.41707
    endloop
  endfacet
  facet normal 0 1 -0
    outer loop
      vertex 0.439987 25.7 1.85794
      vertex -1.35714 25.7 2.90476
      vertex 0.650558 25.7 1.92941
    endloop
  endfacet
  facet normal 0 1 0
    outer loop
      vertex -1.35714 25.7 2.90476
      vertex -1.03488 25.7 2.15131
      vertex -1.33433 25.7 2.55669
    endloop
  endfacet
  facet normal 0 1 -0
    outer loop
      vertex 0.221893 25.7 1.81454
      vertex -1.35714 25.7 2.90476
      vertex 0.439987 25.7 1.85794
    endloop
  endfacet
  facet normal -0 1 -0
    outer loop
      vertex -1.03488 25.7 2.15131
      vertex -1.35714 25.7 2.90476
      vertex -0.849991 25.7 2.02777
    endloop
  endfacet
  facet normal 0 1 -0
    outer loop
      vertex 0 25.7 1.8
      vertex -1.35714 25.7 2.90476
      vertex 0.221893 25.7 1.81454
    endloop
  endfacet
  facet normal -0 1 -0
    outer loop
      vertex -0.849991 25.7 2.02777
      vertex -1.35714 25.7 2.90476
      vertex -0.650558 25.7 1.92941
    endloop
  endfacet
  facet normal -0 1 -0
    outer loop
      vertex -0.221893 25.7 1.81454
      vertex -1.35714 25.7 2.90476
      vertex 0 25.7 1.8
    endloop
  endfacet
  facet normal -0 1 -0
    outer loop
      vertex -0.650558 25.7 1.92941
      vertex -1.35714 25.7 2.90476
      vertex -0.439987 25.7 1.85794
    endloop
  endfacet
  facet normal -0 1 -0
    outer loop
      vertex -0.439987 25.7 1.85794
      vertex -1.35714 25.7 2.90476
      vertex -0.221893 25.7 1.81454
    endloop
  endfacet
  facet normal 0.98077 -0 0.195165
    outer loop
      vertex -1.68546 25.8532 3.27811
      vertex -1.64206 31.167 3.06001
      vertex -1.68546 31.1468 3.27811
    endloop
  endfacet
  facet normal 0.98077 0 0.195165
    outer loop
      vertex -1.64206 31.167 3.06001
      vertex -1.68546 25.8532 3.27811
      vertex -1.64206 25.833 3.06001
    endloop
  endfacet
  facet normal 0.94694 0 -0.321409
    outer loop
      vertex -1.61354 25.8197 4.02402
      vertex -1.61354 31.1803 4.02402
      vertex -1.57059 31.1968 4.15056
    endloop
  endfacet
  facet normal 0.946945 0 -0.321396
    outer loop
      vertex -1.61354 31.1803 4.02402
      vertex -1.64206 25.833 3.93999
      vertex -1.64206 31.167 3.93999
    endloop
  endfacet
  facet normal 0.946945 0 -0.321396
    outer loop
      vertex -1.61354 31.1803 4.02402
      vertex -1.61354 25.8197 4.02402
      vertex -1.64206 25.833 3.93999
    endloop
  endfacet
  facet normal 0.94694 0 -0.321409
    outer loop
      vertex -1.61354 25.8197 4.02402
      vertex -1.57059 31.1968 4.15056
      vertex -1.57059 25.8032 4.15056
    endloop
  endfacet
  facet normal 0.98077 0 -0.195165
    outer loop
      vertex -1.64206 31.167 3.93999
      vertex -1.68546 25.8532 3.72189
      vertex -1.68546 31.1468 3.72189
    endloop
  endfacet
  facet normal 0.98077 0 -0.195165
    outer loop
      vertex -1.68546 25.8532 3.72189
      vertex -1.64206 31.167 3.93999
      vertex -1.64206 25.833 3.93999
    endloop
  endfacet
  facet normal -0.99786 0 -0.0653877
    outer loop
      vertex 1.7 25.7 3.5
      vertex 1.68546 31.3 3.72189
      vertex 1.7 31.3 3.5
    endloop
  endfacet
  facet normal -0.99786 -0 -0.0653877
    outer loop
      vertex 1.68546 31.3 3.72189
      vertex 1.7 25.7 3.5
      vertex 1.68546 25.7 3.72189
    endloop
  endfacet
  facet normal -0.831469 0 0.555572
    outer loop
      vertex 1.34869 25.7 2.46512
      vertex 1.47223 31.3 2.65001
      vertex 1.34869 31.3 2.46512
    endloop
  endfacet
  facet normal -0.831469 0 0.555572
    outer loop
      vertex 1.47223 31.3 2.65001
      vertex 1.34869 25.7 2.46512
      vertex 1.47223 25.7 2.65001
    endloop
  endfacet
  facet normal -0.896851 0 0.442332
    outer loop
      vertex 1.47223 25.7 2.65001
      vertex 1.57059 31.3 2.84944
      vertex 1.47223 31.3 2.65001
    endloop
  endfacet
  facet normal -0.896851 0 0.442332
    outer loop
      vertex 1.57059 31.3 2.84944
      vertex 1.47223 25.7 2.65001
      vertex 1.57059 25.7 2.84944
    endloop
  endfacet
  facet normal -0.98077 0 -0.195165
    outer loop
      vertex 1.68546 25.7 3.72189
      vertex 1.64206 31.3 3.93999
      vertex 1.68546 31.3 3.72189
    endloop
  endfacet
  facet normal -0.98077 -0 -0.195165
    outer loop
      vertex 1.64206 31.3 3.93999
      vertex 1.68546 25.7 3.72189
      vertex 1.64206 25.7 3.93999
    endloop
  endfacet
  facet normal -0.946942 0 -0.321404
    outer loop
      vertex 1.64206 25.7 3.93999
      vertex 1.57059 31.3 4.15056
      vertex 1.64206 31.3 3.93999
    endloop
  endfacet
  facet normal -0.946942 -0 -0.321404
    outer loop
      vertex 1.57059 31.3 4.15056
      vertex 1.64206 25.7 3.93999
      vertex 1.57059 25.7 4.15056
    endloop
  endfacet
  facet normal -0.751844 0 -0.659342
    outer loop
      vertex 1.34869 25.7 4.53488
      vertex 1.20207 31.3 4.70207
      vertex 1.34869 31.3 4.53488
    endloop
  endfacet
  facet normal -0.751844 -0 -0.659342
    outer loop
      vertex 1.20207 31.3 4.70207
      vertex 1.34869 25.7 4.53488
      vertex 1.20207 25.7 4.70207
    endloop
  endfacet
  facet normal 0.831446 0.000194047 -0.555605
    outer loop
      vertex -1.34869 31.284 4.53488
      vertex -1.47223 31.2374 4.34999
      vertex -1.42344 31.2583 4.42301
    endloop
  endfacet
  facet normal 0.831469 0 -0.555572
    outer loop
      vertex -1.34869 31.284 4.53488
      vertex -1.47223 25.7626 4.34999
      vertex -1.47223 31.2374 4.34999
    endloop
  endfacet
  facet normal 0.831469 0 -0.555572
    outer loop
      vertex -1.34869 25.716 4.53488
      vertex -1.47223 25.7626 4.34999
      vertex -1.34869 31.284 4.53488
    endloop
  endfacet
  facet normal 0.831446 -0.000194047 -0.555605
    outer loop
      vertex -1.47223 25.7626 4.34999
      vertex -1.34869 25.716 4.53488
      vertex -1.42344 25.7417 4.42301
    endloop
  endfacet
  facet normal 0.896851 0 -0.442332
    outer loop
      vertex -1.47223 31.2374 4.34999
      vertex -1.57059 25.8032 4.15056
      vertex -1.57059 31.1968 4.15056
    endloop
  endfacet
  facet normal 0.896851 0 -0.442332
    outer loop
      vertex -1.57059 25.8032 4.15056
      vertex -1.47223 31.2374 4.34999
      vertex -1.47223 25.7626 4.34999
    endloop
  endfacet
  facet normal 0.555574 0 0.831467
    outer loop
      vertex -1.03488 31.3 2.15131
      vertex -0.849991 25.7 2.02777
      vertex -0.849991 31.3 2.02777
    endloop
  endfacet
  facet normal 0.555574 0 0.831467
    outer loop
      vertex -0.849991 25.7 2.02777
      vertex -1.03488 31.3 2.15131
      vertex -1.03488 25.7 2.15131
    endloop
  endfacet
  facet normal 0.442327 0 0.896854
    outer loop
      vertex -0.849991 31.3 2.02777
      vertex -0.650558 25.7 1.92941
      vertex -0.650558 31.3 1.92941
    endloop
  endfacet
  facet normal 0.442327 0 0.896854
    outer loop
      vertex -0.650558 25.7 1.92941
      vertex -0.849991 31.3 2.02777
      vertex -0.849991 25.7 2.02777
    endloop
  endfacet
  facet normal 0.0653868 0 0.99786
    outer loop
      vertex -0.221893 31.3 1.81454
      vertex 0 25.7 1.8
      vertex 0 31.3 1.8
    endloop
  endfacet
  facet normal 0.0653868 0 0.99786
    outer loop
      vertex 0 25.7 1.8
      vertex -0.221893 31.3 1.81454
      vertex -0.221893 25.7 1.81454
    endloop
  endfacet
  facet normal -0.19517 0 0.980769
    outer loop
      vertex 0.221893 31.3 1.81454
      vertex 0.439987 25.7 1.85794
      vertex 0.439987 31.3 1.85794
    endloop
  endfacet
  facet normal -0.19517 0 0.980769
    outer loop
      vertex 0.439987 25.7 1.85794
      vertex 0.221893 31.3 1.81454
      vertex 0.221893 25.7 1.81454
    endloop
  endfacet
  facet normal -0.321402 0 0.946943
    outer loop
      vertex 0.439987 31.3 1.85794
      vertex 0.650558 25.7 1.92941
      vertex 0.650558 31.3 1.92941
    endloop
  endfacet
  facet normal -0.321402 0 0.946943
    outer loop
      vertex 0.650558 25.7 1.92941
      vertex 0.439987 31.3 1.85794
      vertex 0.439987 25.7 1.85794
    endloop
  endfacet
  facet normal 0.831446 0.000194047 0.555605
    outer loop
      vertex -1.47223 31.2374 2.65001
      vertex -1.34869 31.284 2.46512
      vertex -1.42344 31.2583 2.57699
    endloop
  endfacet
  facet normal 0.831469 -0 0.555572
    outer loop
      vertex -1.47223 25.7626 2.65001
      vertex -1.34869 31.284 2.46512
      vertex -1.47223 31.2374 2.65001
    endloop
  endfacet
  facet normal 0.831446 -0.000194047 0.555605
    outer loop
      vertex -1.34869 25.716 2.46512
      vertex -1.47223 25.7626 2.65001
      vertex -1.42344 25.7417 2.57699
    endloop
  endfacet
  facet normal 0.831469 0 0.555572
    outer loop
      vertex -1.47223 25.7626 2.65001
      vertex -1.34869 25.716 2.46512
      vertex -1.34869 31.284 2.46512
    endloop
  endfacet
  facet normal 0.99786 0 -0.0653877
    outer loop
      vertex -1.68546 31.1468 3.72189
      vertex -1.7 25.86 3.5
      vertex -1.7 31.14 3.5
    endloop
  endfacet
  facet normal 0.99786 0 -0.0653877
    outer loop
      vertex -1.7 25.86 3.5
      vertex -1.68546 31.1468 3.72189
      vertex -1.68546 25.8532 3.72189
    endloop
  endfacet
  facet normal 0 -1 0
    outer loop
      vertex -1.20207 31.3 4.70207
      vertex 1.20207 31.3 4.70207
      vertex 0 31.3 5.90413
    endloop
  endfacet
  facet normal 0 -1 0
    outer loop
      vertex -1.33433 31.3 4.44331
      vertex -1.20207 31.3 4.70207
      vertex -1.30656 31.3 4.58293
    endloop
  endfacet
  facet normal 0 -1 0
    outer loop
      vertex -1.35714 31.3 4.09524
      vertex -1.20207 31.3 4.70207
      vertex -1.33433 31.3 4.44331
    endloop
  endfacet
  facet normal 0 -1 -0
    outer loop
      vertex -1.20207 31.3 4.70207
      vertex -1.35714 31.3 4.09524
      vertex 1.20207 31.3 4.70207
    endloop
  endfacet
  facet normal 0 -1 -0
    outer loop
      vertex 1.20207 31.3 4.70207
      vertex -1.35714 31.3 4.09524
      vertex 1.34869 31.3 4.53488
    endloop
  endfacet
  facet normal 0 -1 -0
    outer loop
      vertex 1.34869 31.3 4.53488
      vertex -1.35714 31.3 4.09524
      vertex 1.47223 31.3 4.34999
    endloop
  endfacet
  facet normal 0 -1 -0
    outer loop
      vertex 1.47223 31.3 4.34999
      vertex -1.35714 31.3 4.09524
      vertex 1.57059 31.3 4.15056
    endloop
  endfacet
  facet normal 0 -1 0
    outer loop
      vertex -1.35714 31.3 4.09524
      vertex 1.64206 31.3 3.93999
      vertex 1.57059 31.3 4.15056
    endloop
  endfacet
  facet normal 0 -1 0
    outer loop
      vertex -1.35714 31.3 4.09524
      vertex 1.68546 31.3 3.72189
      vertex 1.64206 31.3 3.93999
    endloop
  endfacet
  facet normal 0 -1 0
    outer loop
      vertex -1.35714 31.3 4.09524
      vertex 1.7 31.3 3.5
      vertex 1.68546 31.3 3.72189
    endloop
  endfacet
  facet normal 0 -1 0
    outer loop
      vertex -1.35714 31.3 4.09524
      vertex 1.68546 31.3 3.27811
      vertex 1.7 31.3 3.5
    endloop
  endfacet
  facet normal 0 -1 0
    outer loop
      vertex -1.35714 31.3 2.90476
      vertex 1.68546 31.3 3.27811
      vertex -1.35714 31.3 4.09524
    endloop
  endfacet
  facet normal 0 -1 0
    outer loop
      vertex 1.68546 31.3 3.27811
      vertex -1.35714 31.3 2.90476
      vertex 1.64206 31.3 3.06001
    endloop
  endfacet
  facet normal 0 -1 0
    outer loop
      vertex -1.35714 31.3 2.90476
      vertex 1.57059 31.3 2.84944
      vertex 1.64206 31.3 3.06001
    endloop
  endfacet
  facet normal 0 -1 0
    outer loop
      vertex -1.35714 31.3 2.90476
      vertex 1.47223 31.3 2.65001
      vertex 1.57059 31.3 2.84944
    endloop
  endfacet
  facet normal 0 -1 0
    outer loop
      vertex -1.03488 31.3 2.15131
      vertex -1.35714 31.3 2.90476
      vertex -1.33433 31.3 2.55669
    endloop
  endfacet
  facet normal 0 -1 0
    outer loop
      vertex -1.35714 31.3 2.90476
      vertex 1.34869 31.3 2.46512
      vertex 1.47223 31.3 2.65001
    endloop
  endfacet
  facet normal 0 -1 0
    outer loop
      vertex -1.20207 31.3 2.29793
      vertex -1.33433 31.3 2.55669
      vertex -1.30656 31.3 2.41707
    endloop
  endfacet
  facet normal 0 -1 0
    outer loop
      vertex -1.33433 31.3 2.55669
      vertex -1.20207 31.3 2.29793
      vertex -1.03488 31.3 2.15131
    endloop
  endfacet
  facet normal 0 -1 0
    outer loop
      vertex -1.35714 31.3 2.90476
      vertex 1.20207 31.3 2.29793
      vertex 1.34869 31.3 2.46512
    endloop
  endfacet
  facet normal 0 -1 0
    outer loop
      vertex -1.35714 31.3 2.90476
      vertex -1.03488 31.3 2.15131
      vertex -0.849991 31.3 2.02777
    endloop
  endfacet
  facet normal 0 -1 0
    outer loop
      vertex -1.35714 31.3 2.90476
      vertex 1.03488 31.3 2.15131
      vertex 1.20207 31.3 2.29793
    endloop
  endfacet
  facet normal 0 -1 0
    outer loop
      vertex -1.35714 31.3 2.90476
      vertex -0.849991 31.3 2.02777
      vertex -0.650558 31.3 1.92941
    endloop
  endfacet
  facet normal 0 -1 0
    outer loop
      vertex -1.35714 31.3 2.90476
      vertex 0.849991 31.3 2.02777
      vertex 1.03488 31.3 2.15131
    endloop
  endfacet
  facet normal 0 -1 0
    outer loop
      vertex -1.35714 31.3 2.90476
      vertex -0.650558 31.3 1.92941
      vertex -0.439987 31.3 1.85794
    endloop
  endfacet
  facet normal 0 -1 0
    outer loop
      vertex -1.35714 31.3 2.90476
      vertex 0.650558 31.3 1.92941
      vertex 0.849991 31.3 2.02777
    endloop
  endfacet
  facet normal 0 -1 0
    outer loop
      vertex -1.35714 31.3 2.90476
      vertex -0.439987 31.3 1.85794
      vertex -0.221893 31.3 1.81454
    endloop
  endfacet
  facet normal 0 -1 0
    outer loop
      vertex -1.35714 31.3 2.90476
      vertex 0.439987 31.3 1.85794
      vertex 0.650558 31.3 1.92941
    endloop
  endfacet
  facet normal 0 -1 0
    outer loop
      vertex -1.35714 31.3 2.90476
      vertex -0.221893 31.3 1.81454
      vertex 0 31.3 1.8
    endloop
  endfacet
  facet normal 0 -1 0
    outer loop
      vertex -1.35714 31.3 2.90476
      vertex 0.221893 31.3 1.81454
      vertex 0.439987 31.3 1.85794
    endloop
  endfacet
  facet normal 0 -1 0
    outer loop
      vertex -1.35714 31.3 2.90476
      vertex 0 31.3 1.8
      vertex 0.221893 31.3 1.81454
    endloop
  endfacet
  facet normal -0.98077 0 0.195165
    outer loop
      vertex 1.64206 25.7 3.06001
      vertex 1.68546 31.3 3.27811
      vertex 1.64206 31.3 3.06001
    endloop
  endfacet
  facet normal -0.98077 0 0.195165
    outer loop
      vertex 1.68546 31.3 3.27811
      vertex 1.64206 25.7 3.06001
      vertex 1.68546 25.7 3.27811
    endloop
  endfacet
  facet normal -0.99786 0 0.0653877
    outer loop
      vertex 1.68546 25.7 3.27811
      vertex 1.7 31.3 3.5
      vertex 1.68546 31.3 3.27811
    endloop
  endfacet
  facet normal -0.99786 0 0.0653877
    outer loop
      vertex 1.7 31.3 3.5
      vertex 1.68546 25.7 3.27811
      vertex 1.7 25.7 3.5
    endloop
  endfacet
  facet normal 0.321402 0 0.946943
    outer loop
      vertex -0.650558 31.3 1.92941
      vertex -0.439987 25.7 1.85794
      vertex -0.439987 31.3 1.85794
    endloop
  endfacet
  facet normal 0.321402 0 0.946943
    outer loop
      vertex -0.439987 25.7 1.85794
      vertex -0.650558 31.3 1.92941
      vertex -0.650558 25.7 1.92941
    endloop
  endfacet
  facet normal 0.19517 0 0.980769
    outer loop
      vertex -0.439987 31.3 1.85794
      vertex -0.221893 25.7 1.81454
      vertex -0.221893 31.3 1.81454
    endloop
  endfacet
  facet normal 0.19517 0 0.980769
    outer loop
      vertex -0.221893 25.7 1.81454
      vertex -0.439987 31.3 1.85794
      vertex -0.439987 25.7 1.85794
    endloop
  endfacet
  facet normal -0.442327 0 0.896854
    outer loop
      vertex 0.650558 31.3 1.92941
      vertex 0.849991 25.7 2.02777
      vertex 0.849991 31.3 2.02777
    endloop
  endfacet
  facet normal -0.442327 0 0.896854
    outer loop
      vertex 0.849991 25.7 2.02777
      vertex 0.650558 31.3 1.92941
      vertex 0.650558 25.7 1.92941
    endloop
  endfacet
  facet normal -0.555574 0 0.831467
    outer loop
      vertex 0.849991 31.3 2.02777
      vertex 1.03488 25.7 2.15131
      vertex 1.03488 31.3 2.15131
    endloop
  endfacet
  facet normal -0.555574 0 0.831467
    outer loop
      vertex 1.03488 25.7 2.15131
      vertex 0.849991 31.3 2.02777
      vertex 0.849991 25.7 2.02777
    endloop
  endfacet
  facet normal -0.896851 0 -0.442332
    outer loop
      vertex 1.57059 25.7 4.15056
      vertex 1.47223 31.3 4.34999
      vertex 1.57059 31.3 4.15056
    endloop
  endfacet
  facet normal -0.896851 -0 -0.442332
    outer loop
      vertex 1.47223 31.3 4.34999
      vertex 1.57059 25.7 4.15056
      vertex 1.47223 25.7 4.34999
    endloop
  endfacet
  facet normal -0.831469 0 -0.555572
    outer loop
      vertex 1.47223 25.7 4.34999
      vertex 1.34869 31.3 4.53488
      vertex 1.47223 31.3 4.34999
    endloop
  endfacet
  facet normal -0.831469 -0 -0.555572
    outer loop
      vertex 1.34869 31.3 4.53488
      vertex 1.47223 25.7 4.34999
      vertex 1.34869 25.7 4.53488
    endloop
  endfacet
endsolid OpenSCAD_Model
